iteration,current_cost,best_cost,temperature
1,26.141000,20.331000,10.000000
2,22.770000,20.331000,10.000000
3,24.463000,20.331000,10.000000
4,24.976000,20.331000,10.000000
5,22.770000,20.331000,10.000000
6,23.074000,20.331000,10.000000
7,22.376000,20.331000,10.000000
8,17.270000,17.270000,10.000000
9,26.682000,17.270000,10.000000
10,25.412000,17.270000,10.000000
11,19.916000,17.270000,10.000000
12,19.916000,17.270000,10.000000
13,20.273000,17.270000,10.000000
14,20.273000,17.270000,10.000000
15,23.180000,17.270000,10.000000
16,21.230000,17.270000,10.000000
17,23.180000,17.270000,10.000000
18,25.412000,17.270000,10.000000
19,27.018000,17.270000,10.000000
20,27.018000,17.270000,10.000000
21,24.595000,17.270000,10.000000
22,23.554000,17.270000,10.000000
23,22.599000,17.270000,10.000000
24,23.554000,17.270000,10.000000
25,22.207000,17.270000,10.000000
26,23.681000,17.270000,10.000000
27,22.207000,17.270000,10.000000
28,21.636000,17.270000,10.000000
29,21.568000,17.270000,10.000000
30,21.183000,17.270000,10.000000
31,21.262000,17.270000,10.000000
32,22.613000,17.270000,10.000000
33,21.262000,17.270000,10.000000
34,18.329000,17.270000,10.000000
35,23.128000,17.270000,10.000000
36,18.329000,17.270000,10.000000
37,23.128000,17.270000,10.000000
38,21.636000,17.270000,10.000000
39,22.139000,17.270000,10.000000
40,23.997000,17.270000,10.000000
41,25.020000,17.270000,10.000000
42,22.185000,17.270000,10.000000
43,22.185000,17.270000,10.000000
44,22.185000,17.270000,10.000000
45,23.342000,17.270000,10.000000
46,22.757000,17.270000,10.000000
47,25.757000,17.270000,10.000000
48,27.018000,17.270000,10.000000
49,27.018000,17.270000,10.000000
50,25.412000,17.270000,10.000000
51,24.723000,17.270000,10.000000
52,25.412000,17.270000,10.000000
53,24.479000,17.270000,10.000000
54,24.295000,17.270000,10.000000
55,21.663000,17.270000,10.000000
56,19.921000,17.270000,10.000000
57,20.562000,17.270000,10.000000
58,21.296000,17.270000,10.000000
59,23.248000,17.270000,10.000000
60,20.941000,17.270000,10.000000
61,21.262000,17.270000,10.000000
62,17.374000,17.270000,10.000000
63,21.262000,17.270000,10.000000
64,23.128000,17.270000,10.000000
65,20.941000,17.270000,10.000000
66,25.566000,17.270000,10.000000
67,25.073000,17.270000,10.000000
68,25.458000,17.270000,10.000000
69,17.270000,17.270000,10.000000
70,17.270000,17.270000,10.000000
71,17.270000,17.270000,10.000000
72,17.270000,17.270000,10.000000
73,17.270000,17.270000,10.000000
74,22.770000,17.270000,10.000000
75,22.347000,17.270000,10.000000
76,23.768000,17.270000,10.000000
77,19.618000,17.270000,10.000000
78,20.573000,17.270000,10.000000
79,22.944000,17.270000,10.000000
80,24.868000,17.270000,10.000000
81,25.701000,17.270000,10.000000
82,22.376000,17.270000,10.000000
83,23.074000,17.270000,10.000000
84,25.757000,17.270000,10.000000
85,19.056000,17.270000,10.000000
86,23.180000,17.270000,10.000000
87,21.230000,17.270000,10.000000
88,22.387000,17.270000,10.000000
89,23.342000,17.270000,10.000000
90,26.017000,17.270000,10.000000
91,26.286000,17.270000,10.000000
92,24.420000,17.270000,10.000000
93,19.607000,17.270000,10.000000
94,17.270000,17.270000,10.000000
95,17.270000,17.270000,10.000000
96,17.270000,17.270000,10.000000
97,22.770000,17.270000,10.000000
98,22.770000,17.270000,10.000000
99,24.976000,17.270000,10.000000
100,26.017000,17.270000,10.000000
101,26.286000,17.270000,9.500000
102,25.020000,17.270000,9.500000
103,21.183000,17.270000,9.500000
104,20.941000,17.270000,9.500000
105,21.761000,17.270000,9.500000
106,21.183000,17.270000,9.500000
107,22.944000,17.270000,9.500000
108,24.295000,17.270000,9.500000
109,24.723000,17.270000,9.500000
110,24.295000,17.270000,9.500000
111,26.682000,17.270000,9.500000
112,26.494000,17.270000,9.500000
113,23.304000,17.270000,9.500000
114,21.663000,17.270000,9.500000
115,23.385000,17.270000,9.500000
116,23.640000,17.270000,9.500000
117,23.385000,17.270000,9.500000
118,17.379000,17.270000,9.500000
119,19.921000,17.270000,9.500000
120,20.562000,17.270000,9.500000
121,19.995000,17.270000,9.500000
122,19.995000,17.270000,9.500000
123,21.734000,17.270000,9.500000
124,20.573000,17.270000,9.500000
125,20.331000,17.270000,9.500000
126,17.374000,17.270000,9.500000
127,17.374000,17.270000,9.500000
128,17.379000,17.270000,9.500000
129,20.941000,17.270000,9.500000
130,18.923000,17.270000,9.500000
131,20.941000,17.270000,9.500000
132,21.183000,17.270000,9.500000
133,21.837000,17.270000,9.500000
134,26.682000,17.270000,9.500000
135,26.481000,17.270000,9.500000
136,21.636000,17.270000,9.500000
137,22.919000,17.270000,9.500000
138,21.636000,17.270000,9.500000
139,20.573000,17.270000,9.500000
140,14.536000,14.536000,9.500000
141,18.923000,14.536000,9.500000
142,20.941000,14.536000,9.500000
143,17.379000,14.536000,9.500000
144,17.379000,14.536000,9.500000
145,24.148000,14.536000,9.500000
146,21.761000,14.536000,9.500000
147,21.161000,14.536000,9.500000
148,21.761000,14.536000,9.500000
149,21.161000,14.536000,9.500000
150,25.073000,14.536000,9.500000
151,23.952000,14.536000,9.500000
152,23.952000,14.536000,9.500000
153,23.367000,14.536000,9.500000
154,21.465000,14.536000,9.500000
155,24.533000,14.536000,9.500000
156,24.956000,14.536000,9.500000
157,24.533000,14.536000,9.500000
158,23.554000,14.536000,9.500000
159,24.976000,14.536000,9.500000
160,26.017000,14.536000,9.500000
161,23.952000,14.536000,9.500000
162,22.650000,14.536000,9.500000
163,21.761000,14.536000,9.500000
164,21.296000,14.536000,9.500000
165,20.273000,14.536000,9.500000
166,19.607000,14.536000,9.500000
167,22.344000,14.536000,9.500000
168,22.599000,14.536000,9.500000
169,19.916000,14.536000,9.500000
170,20.871000,14.536000,9.500000
171,21.598000,14.536000,9.500000
172,24.976000,14.536000,9.500000
173,20.562000,14.536000,9.500000
174,24.976000,14.536000,9.500000
175,26.017000,14.536000,9.500000
176,23.342000,14.536000,9.500000
177,22.185000,14.536000,9.500000
178,21.018000,14.536000,9.500000
179,23.683000,14.536000,9.500000
180,23.683000,14.536000,9.500000
181,23.683000,14.536000,9.500000
182,20.273000,14.536000,9.500000
183,20.273000,14.536000,9.500000
184,20.871000,14.536000,9.500000
185,16.684000,14.536000,9.500000
186,21.161000,14.536000,9.500000
187,18.923000,14.536000,9.500000
188,18.923000,14.536000,9.500000
189,20.312000,14.536000,9.500000
190,19.618000,14.536000,9.500000
191,21.262000,14.536000,9.500000
192,22.173000,14.536000,9.500000
193,20.312000,14.536000,9.500000
194,24.420000,14.536000,9.500000
195,24.420000,14.536000,9.500000
196,25.073000,14.536000,9.500000
197,25.458000,14.536000,9.500000
198,24.956000,14.536000,9.500000
199,23.683000,14.536000,9.500000
200,21.296000,14.536000,9.500000
201,23.683000,14.536000,9.025000
202,24.148000,14.536000,9.025000
203,25.757000,14.536000,9.025000
204,22.347000,14.536000,9.025000
205,22.599000,14.536000,9.025000
206,19.916000,14.536000,9.025000
207,24.956000,14.536000,9.025000
208,22.376000,14.536000,9.025000
209,22.376000,14.536000,9.025000
210,27.175000,14.536000,9.025000
211,22.376000,14.536000,9.025000
212,24.335000,14.536000,9.025000
213,23.294000,14.536000,9.025000
214,20.562000,14.536000,9.025000
215,21.296000,14.536000,9.025000
216,22.185000,14.536000,9.025000
217,21.018000,14.536000,9.025000
218,21.018000,14.536000,9.025000
219,20.562000,14.536000,9.025000
220,24.420000,14.536000,9.025000
221,24.678000,14.536000,9.025000
222,25.331000,14.536000,9.025000
223,27.018000,14.536000,9.025000
224,24.335000,14.536000,9.025000
225,22.613000,14.536000,9.025000
226,22.613000,14.536000,9.025000
227,25.412000,14.536000,9.025000
228,21.262000,14.536000,9.025000
229,23.294000,14.536000,9.025000
230,22.599000,14.536000,9.025000
231,22.344000,14.536000,9.025000
232,21.161000,14.536000,9.025000
233,21.161000,14.536000,9.025000
234,18.923000,14.536000,9.025000
235,19.308000,14.536000,9.025000
236,20.331000,14.536000,9.025000
237,20.941000,14.536000,9.025000
238,18.923000,14.536000,9.025000
239,20.312000,14.536000,9.025000
240,22.344000,14.536000,9.025000
241,21.161000,14.536000,9.025000
242,21.465000,14.536000,9.025000
243,21.663000,14.536000,9.025000
244,20.312000,14.536000,9.025000
245,21.663000,14.536000,9.025000
246,25.073000,14.536000,9.025000
247,25.458000,14.536000,9.025000
248,23.681000,14.536000,9.025000
249,22.347000,14.536000,9.025000
250,21.527000,14.536000,9.025000
251,22.347000,14.536000,9.025000
252,23.768000,14.536000,9.025000
253,21.663000,14.536000,9.025000
254,22.650000,14.536000,9.025000
255,22.613000,14.536000,9.025000
256,22.613000,14.536000,9.025000
257,23.304000,14.536000,9.025000
258,24.295000,14.536000,9.025000
259,21.598000,14.536000,9.025000
260,24.976000,14.536000,9.025000
261,20.562000,14.536000,9.025000
262,20.562000,14.536000,9.025000
263,23.294000,14.536000,9.025000
264,23.681000,14.536000,9.025000
265,21.527000,14.536000,9.025000
266,21.527000,14.536000,9.025000
267,21.837000,14.536000,9.025000
268,20.312000,14.536000,9.025000
269,20.312000,14.536000,9.025000
270,21.183000,14.536000,9.025000
271,21.183000,14.536000,9.025000
272,14.536000,14.536000,9.025000
273,18.923000,14.536000,9.025000
274,14.536000,14.536000,9.025000
275,14.536000,14.536000,9.025000
276,16.684000,14.536000,9.025000
277,19.921000,14.536000,9.025000
278,21.663000,14.536000,9.025000
279,23.768000,14.536000,9.025000
280,19.618000,14.536000,9.025000
281,19.618000,14.536000,9.025000
282,19.618000,14.536000,9.025000
283,21.734000,14.536000,9.025000
284,24.533000,14.536000,9.025000
285,21.465000,14.536000,9.025000
286,24.148000,14.536000,9.025000
287,24.533000,14.536000,9.025000
288,23.953000,14.536000,9.025000
289,21.837000,14.536000,9.025000
290,21.636000,14.536000,9.025000
291,21.636000,14.536000,9.025000
292,23.128000,14.536000,9.025000
293,23.128000,14.536000,9.025000
294,24.479000,14.536000,9.025000
295,20.871000,14.536000,9.025000
296,20.273000,14.536000,9.025000
297,20.871000,14.536000,9.025000
298,20.871000,14.536000,9.025000
299,20.871000,14.536000,9.025000
300,18.329000,14.536000,9.025000
301,20.871000,14.536000,8.573750
302,16.684000,14.536000,8.573750
303,21.161000,14.536000,8.573750
304,21.161000,14.536000,8.573750
305,21.761000,14.536000,8.573750
306,19.921000,14.536000,8.573750
307,21.598000,14.536000,8.573750
308,21.598000,14.536000,8.573750
309,23.953000,14.536000,8.573750
310,23.640000,14.536000,8.573750
311,22.919000,14.536000,8.573750
312,22.387000,14.536000,8.573750
313,24.463000,14.536000,8.573750
314,22.770000,14.536000,8.573750
315,21.161000,14.536000,8.573750
316,21.761000,14.536000,8.573750
317,21.183000,14.536000,8.573750
318,20.312000,14.536000,8.573750
319,17.379000,14.536000,8.573750
320,17.379000,14.536000,8.573750
321,17.379000,14.536000,8.573750
322,19.921000,14.536000,8.573750
323,23.367000,14.536000,8.573750
324,21.183000,14.536000,8.573750
325,23.367000,14.536000,8.573750
326,21.465000,14.536000,8.573750
327,14.536000,14.536000,8.573750
328,14.536000,14.536000,8.573750
329,14.536000,14.536000,8.573750
330,16.684000,14.536000,8.573750
331,20.871000,14.536000,8.573750
332,21.598000,14.536000,8.573750
333,19.056000,14.536000,8.573750
334,18.329000,14.536000,8.573750
335,23.128000,14.536000,8.573750
336,23.128000,14.536000,8.573750
337,24.479000,14.536000,8.573750
338,24.295000,14.536000,8.573750
339,24.479000,14.536000,8.573750
340,20.767000,14.536000,8.573750
341,23.385000,14.536000,8.573750
342,25.331000,14.536000,8.573750
343,21.527000,14.536000,8.573750
344,21.837000,14.536000,8.573750
345,21.262000,14.536000,8.573750
346,23.683000,14.536000,8.573750
347,24.956000,14.536000,8.573750
348,20.767000,14.536000,8.573750
349,21.663000,14.536000,8.573750
350,19.921000,14.536000,8.573750
351,19.916000,14.536000,8.573750
352,23.524000,14.536000,8.573750
353,24.335000,14.536000,8.573750
354,18.329000,14.536000,8.573750
355,21.262000,14.536000,8.573750
356,22.173000,14.536000,8.573750
357,17.374000,14.536000,8.573750
358,17.374000,14.536000,8.573750
359,15.122000,14.536000,8.573750
360,17.270000,14.536000,8.573750
361,17.270000,14.536000,8.573750
362,23.681000,14.536000,8.573750
363,23.294000,14.536000,8.573750
364,19.916000,14.536000,8.573750
365,19.921000,14.536000,8.573750
366,22.987000,14.536000,8.573750
367,25.186000,14.536000,8.573750
368,23.913000,14.536000,8.573750
369,24.868000,14.536000,8.573750
370,24.420000,14.536000,8.573750
371,24.335000,14.536000,8.573750
372,23.128000,14.536000,8.573750
373,23.554000,14.536000,8.573750
374,24.595000,14.536000,8.573750
375,22.987000,14.536000,8.573750
376,23.304000,14.536000,8.573750
377,21.663000,14.536000,8.573750
378,19.921000,14.536000,8.573750
379,19.916000,14.536000,8.573750
380,22.599000,14.536000,8.573750
381,22.139000,14.536000,8.573750
382,23.997000,14.536000,8.573750
383,24.868000,14.536000,8.573750
384,23.180000,14.536000,8.573750
385,23.952000,14.536000,8.573750
386,22.650000,14.536000,8.573750
387,24.335000,14.536000,8.573750
388,22.376000,14.536000,8.573750
389,21.018000,14.536000,8.573750
390,22.376000,14.536000,8.573750
391,24.295000,14.536000,8.573750
392,26.682000,14.536000,8.573750
393,24.420000,14.536000,8.573750
394,23.913000,14.536000,8.573750
395,23.304000,14.536000,8.573750
396,24.606000,14.536000,8.573750
397,24.335000,14.536000,8.573750
398,23.294000,14.536000,8.573750
399,24.335000,14.536000,8.573750
400,23.294000,14.536000,8.573750
401,22.599000,14.536000,8.145062
402,22.613000,14.536000,8.145062
403,22.613000,14.536000,8.145062
404,19.916000,14.536000,8.145062
405,19.916000,14.536000,8.145062
406,17.374000,14.536000,8.145062
407,17.374000,14.536000,8.145062
408,17.374000,14.536000,8.145062
409,21.262000,14.536000,8.145062
410,19.995000,14.536000,8.145062
411,20.767000,14.536000,8.145062
412,16.684000,14.536000,8.145062
413,20.767000,14.536000,8.145062
414,22.376000,14.536000,8.145062
415,24.335000,14.536000,8.145062
416,27.018000,14.536000,8.145062
417,25.412000,14.536000,8.145062
418,25.412000,14.536000,8.145062
419,24.723000,14.536000,8.145062
420,26.481000,14.536000,8.145062
421,24.956000,14.536000,8.145062
422,19.308000,14.536000,8.145062
423,24.956000,14.536000,8.145062
424,22.757000,14.536000,8.145062
425,23.074000,14.536000,8.145062
426,15.122000,14.536000,8.145062
427,15.122000,14.536000,8.145062
428,15.122000,14.536000,8.145062
429,15.122000,14.536000,8.145062
430,15.122000,14.536000,8.145062
431,17.374000,14.536000,8.145062
432,17.379000,14.536000,8.145062
433,20.312000,14.536000,8.145062
434,19.618000,14.536000,8.145062
435,22.757000,14.536000,8.145062
436,23.483000,14.536000,8.145062
437,22.757000,14.536000,8.145062
438,21.018000,14.536000,8.145062
439,25.701000,14.536000,8.145062
440,23.483000,14.536000,8.145062
441,24.479000,14.536000,8.145062
442,24.595000,14.536000,8.145062
443,26.017000,14.536000,8.145062
444,24.295000,14.536000,8.145062
445,23.074000,14.536000,8.145062
446,25.757000,14.536000,8.145062
447,22.757000,14.536000,8.145062
448,25.556000,14.536000,8.145062
449,22.599000,14.536000,8.145062
450,22.344000,14.536000,8.145062
451,19.607000,14.536000,8.145062
452,20.562000,14.536000,8.145062
453,26.286000,14.536000,8.145062
454,23.248000,14.536000,8.145062
455,23.180000,14.536000,8.145062
456,23.248000,14.536000,8.145062
457,22.185000,14.536000,8.145062
458,21.230000,14.536000,8.145062
459,23.997000,14.536000,8.145062
460,21.230000,14.536000,8.145062
461,19.995000,14.536000,8.145062
462,21.734000,14.536000,8.145062
463,22.757000,14.536000,8.145062
464,25.556000,14.536000,8.145062
465,24.533000,14.536000,8.145062
466,25.186000,14.536000,8.145062
467,26.481000,14.536000,8.145062
468,24.956000,14.536000,8.145062
469,20.767000,14.536000,8.145062
470,16.684000,14.536000,8.145062
471,22.207000,14.536000,8.145062
472,21.568000,14.536000,8.145062
473,21.568000,14.536000,8.145062
474,21.636000,14.536000,8.145062
475,20.573000,14.536000,8.145062
476,20.331000,14.536000,8.145062
477,19.308000,14.536000,8.145062
478,24.956000,14.536000,8.145062
479,22.757000,14.536000,8.145062
480,23.074000,14.536000,8.145062
481,25.757000,14.536000,8.145062
482,25.412000,14.536000,8.145062
483,27.018000,14.536000,8.145062
484,26.141000,14.536000,8.145062
485,20.331000,14.536000,8.145062
486,20.941000,14.536000,8.145062
487,21.527000,14.536000,8.145062
488,19.308000,14.536000,8.145062
489,20.331000,14.536000,8.145062
490,20.331000,14.536000,8.145062
491,20.532000,14.536000,8.145062
492,18.923000,14.536000,8.145062
493,18.923000,14.536000,8.145062
494,14.536000,14.536000,8.145062
495,17.379000,14.536000,8.145062
496,20.573000,14.536000,8.145062
497,22.757000,14.536000,8.145062
498,20.871000,14.536000,8.145062
499,25.412000,14.536000,8.145062
500,25.073000,14.536000,8.145062
501,24.885000,14.536000,7.737809
502,26.494000,14.536000,7.737809
503,25.020000,14.536000,7.737809
504,26.481000,14.536000,7.737809
505,23.342000,14.536000,7.737809
506,24.335000,14.536000,7.737809
507,23.342000,14.536000,7.737809
508,22.757000,14.536000,7.737809
509,20.573000,14.536000,7.737809
510,22.757000,14.536000,7.737809
511,19.618000,14.536000,7.737809
512,21.262000,14.536000,7.737809
513,21.018000,14.536000,7.737809
514,19.607000,14.536000,7.737809
515,20.273000,14.536000,7.737809
516,20.273000,14.536000,7.737809
517,20.871000,14.536000,7.737809
518,21.598000,14.536000,7.737809
519,17.270000,14.536000,7.737809
520,21.598000,14.536000,7.737809
521,19.921000,14.536000,7.737809
522,21.598000,14.536000,7.737809
523,17.270000,14.536000,7.737809
524,19.916000,14.536000,7.737809
525,19.916000,14.536000,7.737809
526,23.524000,14.536000,7.737809
527,25.412000,14.536000,7.737809
528,24.868000,14.536000,7.737809
529,26.141000,14.536000,7.737809
530,25.556000,14.536000,7.737809
531,26.141000,14.536000,7.737809
532,26.481000,14.536000,7.737809
533,21.636000,14.536000,7.737809
534,21.837000,14.536000,7.737809
535,21.262000,14.536000,7.737809
536,25.412000,14.536000,7.737809
537,25.412000,14.536000,7.737809
538,19.916000,14.536000,7.737809
539,19.916000,14.536000,7.737809
540,19.916000,14.536000,7.737809
541,19.916000,14.536000,7.737809
542,23.294000,14.536000,7.737809
543,23.294000,14.536000,7.737809
544,23.294000,14.536000,7.737809
545,22.770000,14.536000,7.737809
546,21.161000,14.536000,7.737809
547,20.273000,14.536000,7.737809
548,23.180000,14.536000,7.737809
549,23.180000,14.536000,7.737809
550,24.868000,14.536000,7.737809
551,26.141000,14.536000,7.737809
552,24.868000,14.536000,7.737809
553,20.532000,14.536000,7.737809
554,15.122000,14.536000,7.737809
555,17.374000,14.536000,7.737809
556,22.173000,14.536000,7.737809
557,23.128000,14.536000,7.737809
558,22.944000,14.536000,7.737809
559,24.295000,14.536000,7.737809
560,22.650000,14.536000,7.737809
561,24.335000,14.536000,7.737809
562,24.335000,14.536000,7.737809
563,24.335000,14.536000,7.737809
564,17.374000,14.536000,7.737809
565,21.262000,14.536000,7.737809
566,23.683000,14.536000,7.737809
567,24.420000,14.536000,7.737809
568,24.420000,14.536000,7.737809
569,20.532000,14.536000,7.737809
570,23.304000,14.536000,7.737809
571,24.295000,14.536000,7.737809
572,24.479000,14.536000,7.737809
573,20.871000,14.536000,7.737809
574,21.598000,14.536000,7.737809
575,21.598000,14.536000,7.737809
576,20.871000,14.536000,7.737809
577,21.296000,14.536000,7.737809
578,21.296000,14.536000,7.737809
579,23.248000,14.536000,7.737809
580,25.412000,14.536000,7.737809
581,19.916000,14.536000,7.737809
582,25.412000,14.536000,7.737809
583,21.262000,14.536000,7.737809
584,21.262000,14.536000,7.737809
585,21.262000,14.536000,7.737809
586,23.128000,14.536000,7.737809
587,22.944000,14.536000,7.737809
588,21.837000,14.536000,7.737809
589,21.636000,14.536000,7.737809
590,20.573000,14.536000,7.737809
591,21.262000,14.536000,7.737809
592,21.262000,14.536000,7.737809
593,19.618000,14.536000,7.737809
594,15.122000,14.536000,7.737809
595,20.532000,14.536000,7.737809
596,21.527000,14.536000,7.737809
597,24.606000,14.536000,7.737809
598,23.953000,14.536000,7.737809
599,23.074000,14.536000,7.737809
600,15.122000,14.536000,7.737809
601,15.122000,14.536000,7.350919
602,19.618000,14.536000,7.350919
603,20.312000,14.536000,7.350919
604,21.183000,14.536000,7.350919
605,21.568000,14.536000,7.350919
606,20.331000,14.536000,7.350919
607,19.308000,14.536000,7.350919
608,18.329000,14.536000,7.350919
609,18.329000,14.536000,7.350919
610,23.128000,14.536000,7.350919
611,22.173000,14.536000,7.350919
612,21.568000,14.536000,7.350919
613,21.183000,14.536000,7.350919
614,20.941000,14.536000,7.350919
615,17.379000,14.536000,7.350919
616,17.379000,14.536000,7.350919
617,17.379000,14.536000,7.350919
618,19.921000,14.536000,7.350919
619,21.663000,14.536000,7.350919
620,21.465000,14.536000,7.350919
621,23.074000,14.536000,7.350919
622,23.683000,14.536000,7.350919
623,21.296000,14.536000,7.350919
624,19.916000,14.536000,7.350919
625,19.916000,14.536000,7.350919
626,22.613000,14.536000,7.350919
627,22.613000,14.536000,7.350919
628,21.262000,14.536000,7.350919
629,23.294000,14.536000,7.350919
630,24.956000,14.536000,7.350919
631,27.175000,14.536000,7.350919
632,27.018000,14.536000,7.350919
633,22.919000,14.536000,7.350919
634,22.987000,14.536000,7.350919
635,19.921000,14.536000,7.350919
636,19.921000,14.536000,7.350919
637,25.566000,14.536000,7.350919
638,24.956000,14.536000,7.350919
639,21.734000,14.536000,7.350919
640,24.069000,14.536000,7.350919
641,23.304000,14.536000,7.350919
642,23.304000,14.536000,7.350919
643,22.347000,14.536000,7.350919
644,21.598000,14.536000,7.350919
645,20.871000,14.536000,7.350919
646,23.294000,14.536000,7.350919
647,27.018000,14.536000,7.350919
648,25.412000,14.536000,7.350919
649,25.073000,14.536000,7.350919
650,25.073000,14.536000,7.350919
651,25.412000,14.536000,7.350919
652,27.018000,14.536000,7.350919
653,27.175000,14.536000,7.350919
654,25.566000,14.536000,7.350919
655,25.073000,14.536000,7.350919
656,21.161000,14.536000,7.350919
657,23.554000,14.536000,7.350919
658,20.871000,14.536000,7.350919
659,19.916000,14.536000,7.350919
660,17.374000,14.536000,7.350919
661,18.329000,14.536000,7.350919
662,14.536000,14.536000,7.350919
663,14.536000,14.536000,7.350919
664,14.536000,14.536000,7.350919
665,15.122000,14.536000,7.350919
666,19.056000,14.536000,7.350919
667,17.379000,14.536000,7.350919
668,14.536000,14.536000,7.350919
669,17.379000,14.536000,7.350919
670,21.636000,14.536000,7.350919
671,20.573000,14.536000,7.350919
672,17.379000,14.536000,7.350919
673,17.379000,14.536000,7.350919
674,17.379000,14.536000,7.350919
675,17.374000,14.536000,7.350919
676,22.173000,14.536000,7.350919
677,20.312000,14.536000,7.350919
678,22.173000,14.536000,7.350919
679,22.173000,14.536000,7.350919
680,24.678000,14.536000,7.350919
681,23.683000,14.536000,7.350919
682,23.683000,14.536000,7.350919
683,24.420000,14.536000,7.350919
684,25.073000,14.536000,7.350919
685,24.885000,14.536000,7.350919
686,18.923000,14.536000,7.350919
687,18.923000,14.536000,7.350919
688,20.767000,14.536000,7.350919
689,23.483000,14.536000,7.350919
690,17.379000,14.536000,7.350919
691,14.536000,14.536000,7.350919
692,14.536000,14.536000,7.350919
693,14.536000,14.536000,7.350919
694,14.536000,14.536000,7.350919
695,14.536000,14.536000,7.350919
696,21.183000,14.536000,7.350919
697,21.761000,14.536000,7.350919
698,21.296000,14.536000,7.350919
699,23.683000,14.536000,7.350919
700,17.374000,14.536000,7.350919
701,15.122000,14.536000,6.983373
702,15.122000,14.536000,6.983373
703,17.374000,14.536000,6.983373
704,19.995000,14.536000,6.983373
705,20.767000,14.536000,6.983373
706,20.767000,14.536000,6.983373
707,18.923000,14.536000,6.983373
708,20.767000,14.536000,6.983373
709,22.376000,14.536000,6.983373
710,20.767000,14.536000,6.983373
711,23.483000,14.536000,6.983373
712,24.069000,14.536000,6.983373
713,24.069000,14.536000,6.983373
714,23.681000,14.536000,6.983373
715,22.344000,14.536000,6.983373
716,22.599000,14.536000,6.983373
717,22.344000,14.536000,6.983373
718,23.385000,14.536000,6.983373
719,17.379000,14.536000,6.983373
720,20.312000,14.536000,6.983373
721,22.173000,14.536000,6.983373
722,25.701000,14.536000,6.983373
723,23.128000,14.536000,6.983373
724,20.941000,14.536000,6.983373
725,25.566000,14.536000,6.983373
726,20.767000,14.536000,6.983373
727,20.767000,14.536000,6.983373
728,20.767000,14.536000,6.983373
729,22.376000,14.536000,6.983373
730,22.376000,14.536000,6.983373
731,24.956000,14.536000,6.983373
732,22.376000,14.536000,6.983373
733,22.376000,14.536000,6.983373
734,22.376000,14.536000,6.983373
735,21.018000,14.536000,6.983373
736,19.995000,14.536000,6.983373
737,21.734000,14.536000,6.983373
738,19.995000,14.536000,6.983373
739,17.374000,14.536000,6.983373
740,15.122000,14.536000,6.983373
741,14.536000,14.536000,6.983373
742,14.536000,14.536000,6.983373
743,14.536000,14.536000,6.983373
744,14.536000,14.536000,6.983373
745,14.536000,14.536000,6.983373
746,14.536000,14.536000,6.983373
747,21.465000,14.536000,6.983373
748,21.465000,14.536000,6.983373
749,23.074000,14.536000,6.983373
750,22.757000,14.536000,6.983373
751,21.734000,14.536000,6.983373
752,24.069000,14.536000,6.983373
753,22.944000,14.536000,6.983373
754,20.532000,14.536000,6.983373
755,24.868000,14.536000,6.983373
756,23.524000,14.536000,6.983373
757,24.069000,14.536000,6.983373
758,22.376000,14.536000,6.983373
759,20.532000,14.536000,6.983373
760,24.420000,14.536000,6.983373
761,25.331000,14.536000,6.983373
762,19.607000,14.536000,6.983373
763,21.598000,14.536000,6.983373
764,22.347000,14.536000,6.983373
765,22.347000,14.536000,6.983373
766,21.527000,14.536000,6.983373
767,20.532000,14.536000,6.983373
768,15.122000,14.536000,6.983373
769,15.122000,14.536000,6.983373
770,15.122000,14.536000,6.983373
771,15.122000,14.536000,6.983373
772,14.536000,14.536000,6.983373
773,14.536000,14.536000,6.983373
774,14.536000,14.536000,6.983373
775,14.536000,14.536000,6.983373
776,14.536000,14.536000,6.983373
777,25.020000,14.536000,6.983373
778,14.536000,14.536000,6.983373
779,14.536000,14.536000,6.983373
780,15.122000,14.536000,6.983373
781,23.074000,14.536000,6.983373
782,22.376000,14.536000,6.983373
783,24.335000,14.536000,6.983373
784,24.335000,14.536000,6.983373
785,17.374000,14.536000,6.983373
786,22.173000,14.536000,6.983373
787,23.524000,14.536000,6.983373
788,25.458000,14.536000,6.983373
789,24.956000,14.536000,6.983373
790,24.956000,14.536000,6.983373
791,26.481000,14.536000,6.983373
792,26.141000,14.536000,6.983373
793,25.458000,14.536000,6.983373
794,23.681000,14.536000,6.983373
795,22.387000,14.536000,6.983373
796,23.342000,14.536000,6.983373
797,26.481000,14.536000,6.983373
798,26.682000,14.536000,6.983373
799,24.295000,14.536000,6.983373
800,21.598000,14.536000,6.983373
801,23.768000,14.536000,6.634204
802,23.768000,14.536000,6.634204
803,21.663000,14.536000,6.634204
804,23.524000,14.536000,6.634204
805,25.458000,14.536000,6.634204
806,23.768000,14.536000,6.634204
807,23.997000,14.536000,6.634204
808,22.139000,14.536000,6.634204
809,25.701000,14.536000,6.634204
810,22.139000,14.536000,6.634204
811,17.270000,14.536000,6.634204
812,17.270000,14.536000,6.634204
813,22.376000,14.536000,6.634204
814,20.767000,14.536000,6.634204
815,23.385000,14.536000,6.634204
816,21.465000,14.536000,6.634204
817,23.367000,14.536000,6.634204
818,23.483000,14.536000,6.634204
819,23.367000,14.536000,6.634204
820,23.367000,14.536000,6.634204
821,22.613000,14.536000,6.634204
822,22.613000,14.536000,6.634204
823,20.871000,14.536000,6.634204
824,23.294000,14.536000,6.634204
825,24.956000,14.536000,6.634204
826,23.294000,14.536000,6.634204
827,23.294000,14.536000,6.634204
828,23.554000,14.536000,6.634204
829,20.871000,14.536000,6.634204
830,21.598000,14.536000,6.634204
831,27.175000,14.536000,6.634204
832,25.412000,14.536000,6.634204
833,23.180000,14.536000,6.634204
834,24.868000,14.536000,6.634204
835,24.868000,14.536000,6.634204
836,20.532000,14.536000,6.634204
837,22.944000,14.536000,6.634204
838,22.944000,14.536000,6.634204
839,20.532000,14.536000,6.634204
840,26.494000,14.536000,6.634204
841,23.304000,14.536000,6.634204
842,26.494000,14.536000,6.634204
843,23.681000,14.536000,6.634204
844,22.207000,14.536000,6.634204
845,21.568000,14.536000,6.634204
846,21.636000,14.536000,6.634204
847,21.636000,14.536000,6.634204
848,21.837000,14.536000,6.634204
849,22.944000,14.536000,6.634204
850,21.183000,14.536000,6.634204
851,21.183000,14.536000,6.634204
852,21.262000,14.536000,6.634204
853,25.412000,14.536000,6.634204
854,25.412000,14.536000,6.634204
855,24.723000,14.536000,6.634204
856,25.020000,14.536000,6.634204
857,23.683000,14.536000,6.634204
858,24.956000,14.536000,6.634204
859,24.956000,14.536000,6.634204
860,20.871000,14.536000,6.634204
861,20.273000,14.536000,6.634204
862,22.347000,14.536000,6.634204
863,23.681000,14.536000,6.634204
864,25.458000,14.536000,6.634204
865,24.956000,14.536000,6.634204
866,24.956000,14.536000,6.634204
867,20.767000,14.536000,6.634204
868,20.767000,14.536000,6.634204
869,21.465000,14.536000,6.634204
870,21.734000,14.536000,6.634204
871,21.465000,14.536000,6.634204
872,21.465000,14.536000,6.634204
873,20.767000,14.536000,6.634204
874,20.767000,14.536000,6.634204
875,16.684000,14.536000,6.634204
876,20.871000,14.536000,6.634204
877,19.916000,14.536000,6.634204
878,22.599000,14.536000,6.634204
879,22.139000,14.536000,6.634204
880,21.568000,14.536000,6.634204
881,21.183000,14.536000,6.634204
882,21.568000,14.536000,6.634204
883,21.183000,14.536000,6.634204
884,14.536000,14.536000,6.634204
885,14.536000,14.536000,6.634204
886,21.465000,14.536000,6.634204
887,14.536000,14.536000,6.634204
888,14.536000,14.536000,6.634204
889,14.536000,14.536000,6.634204
890,21.183000,14.536000,6.634204
891,20.941000,14.536000,6.634204
892,18.923000,14.536000,6.634204
893,14.536000,14.536000,6.634204
894,14.536000,14.536000,6.634204
895,16.684000,14.536000,6.634204
896,16.684000,14.536000,6.634204
897,14.536000,14.536000,6.634204
898,14.536000,14.536000,6.634204
899,14.536000,14.536000,6.634204
900,15.122000,14.536000,6.634204
901,23.304000,14.536000,6.302494
902,26.494000,14.536000,6.302494
903,25.020000,14.536000,6.302494
904,23.913000,14.536000,6.302494
905,24.678000,14.536000,6.302494
906,24.069000,14.536000,6.302494
907,24.335000,14.536000,6.302494
908,24.420000,14.536000,6.302494
909,21.230000,14.536000,6.302494
910,22.207000,14.536000,6.302494
911,21.230000,14.536000,6.302494
912,21.230000,14.536000,6.302494
913,22.207000,14.536000,6.302494
914,19.921000,14.536000,6.302494
915,21.663000,14.536000,6.302494
916,21.663000,14.536000,6.302494
917,21.465000,14.536000,6.302494
918,23.367000,14.536000,6.302494
919,22.613000,14.536000,6.302494
920,22.185000,14.536000,6.302494
921,24.420000,14.536000,6.302494
922,24.420000,14.536000,6.302494
923,24.335000,14.536000,6.302494
924,22.613000,14.536000,6.302494
925,22.613000,14.536000,6.302494
926,21.262000,14.536000,6.302494
927,21.837000,14.536000,6.302494
928,21.183000,14.536000,6.302494
929,20.312000,14.536000,6.302494
930,24.148000,14.536000,6.302494
931,23.683000,14.536000,6.302494
932,21.296000,14.536000,6.302494
933,20.273000,14.536000,6.302494
934,19.308000,14.536000,6.302494
935,18.329000,14.536000,6.302494
936,20.871000,14.536000,6.302494
937,23.554000,14.536000,6.302494
938,24.976000,14.536000,6.302494
939,26.017000,14.536000,6.302494
940,24.606000,14.536000,6.302494
941,24.606000,14.536000,6.302494
942,21.527000,14.536000,6.302494
943,22.347000,14.536000,6.302494
944,23.294000,14.536000,6.302494
945,21.262000,14.536000,6.302494
946,17.374000,14.536000,6.302494
947,23.683000,14.536000,6.302494
948,23.683000,14.536000,6.302494
949,23.683000,14.536000,6.302494
950,24.148000,14.536000,6.302494
951,25.757000,14.536000,6.302494
952,26.494000,14.536000,6.302494
953,27.018000,14.536000,6.302494
954,24.335000,14.536000,6.302494
955,23.304000,14.536000,6.302494
956,23.913000,14.536000,6.302494
957,23.913000,14.536000,6.302494
958,23.304000,14.536000,6.302494
959,24.069000,14.536000,6.302494
960,24.678000,14.536000,6.302494
961,24.533000,14.536000,6.302494
962,21.465000,14.536000,6.302494
963,21.663000,14.536000,6.302494
964,21.230000,14.536000,6.302494
965,22.185000,14.536000,6.302494
966,24.420000,14.536000,6.302494
967,23.683000,14.536000,6.302494
968,21.262000,14.536000,6.302494
969,21.262000,14.536000,6.302494
970,21.837000,14.536000,6.302494
971,21.183000,14.536000,6.302494
972,21.568000,14.536000,6.302494
973,23.342000,14.536000,6.302494
974,22.757000,14.536000,6.302494
975,25.556000,14.536000,6.302494
976,23.074000,14.536000,6.302494
977,22.770000,14.536000,6.302494
978,21.161000,14.536000,6.302494
979,22.770000,14.536000,6.302494
980,20.532000,14.536000,6.302494
981,21.262000,14.536000,6.302494
982,21.527000,14.536000,6.302494
983,21.837000,14.536000,6.302494
984,21.837000,14.536000,6.302494
985,22.944000,14.536000,6.302494
986,20.532000,14.536000,6.302494
987,21.527000,14.536000,6.302494
988,22.347000,14.536000,6.302494
989,22.347000,14.536000,6.302494
990,23.304000,14.536000,6.302494
991,24.606000,14.536000,6.302494
992,23.952000,14.536000,6.302494
993,24.606000,14.536000,6.302494
994,25.186000,14.536000,6.302494
995,24.463000,14.536000,6.302494
996,19.618000,14.536000,6.302494
997,19.618000,14.536000,6.302494
998,22.757000,14.536000,6.302494
999,23.342000,14.536000,6.302494
1000,23.342000,14.536000,6.302494
1001,24.463000,14.536000,5.987369
1002,22.613000,14.536000,5.987369
1003,24.335000,14.536000,5.987369
1004,23.483000,14.536000,5.987369
1005,22.650000,14.536000,5.987369
1006,21.761000,14.536000,5.987369
1007,21.161000,14.536000,5.987369
1008,25.073000,14.536000,5.987369
1009,25.566000,14.536000,5.987369
1010,22.344000,14.536000,5.987369
1011,22.344000,14.536000,5.987369
1012,19.607000,14.536000,5.987369
1013,19.607000,14.536000,5.987369
1014,22.344000,14.536000,5.987369
1015,22.599000,14.536000,5.987369
1016,22.344000,14.536000,5.987369
1017,23.385000,14.536000,5.987369
1018,22.344000,14.536000,5.987369
1019,22.599000,14.536000,5.987369
1020,23.554000,14.536000,5.987369
1021,22.599000,14.536000,5.987369
1022,25.412000,14.536000,5.987369
1023,26.682000,14.536000,5.987369
1024,27.175000,14.536000,5.987369
1025,22.376000,14.536000,5.987369
1026,20.532000,14.536000,5.987369
1027,20.532000,14.536000,5.987369
1028,23.304000,14.536000,5.987369
1029,22.347000,14.536000,5.987369
1030,20.273000,14.536000,5.987369
1031,23.683000,14.536000,5.987369
1032,24.420000,14.536000,5.987369
1033,24.678000,14.536000,5.987369
1034,22.173000,14.536000,5.987369
1035,21.568000,14.536000,5.987369
1036,19.618000,14.536000,5.987369
1037,19.618000,14.536000,5.987369
1038,21.262000,14.536000,5.987369
1039,23.294000,14.536000,5.987369
1040,24.335000,14.536000,5.987369
1041,22.387000,14.536000,5.987369
1042,23.342000,14.536000,5.987369
1043,22.757000,14.536000,5.987369
1044,22.919000,14.536000,5.987369
1045,23.768000,14.536000,5.987369
1046,24.723000,14.536000,5.987369
1047,19.921000,14.536000,5.987369
1048,19.921000,14.536000,5.987369
1049,19.921000,14.536000,5.987369
1050,19.916000,14.536000,5.987369
1051,21.296000,14.536000,5.987369
1052,23.248000,14.536000,5.987369
1053,22.987000,14.536000,5.987369
1054,24.595000,14.536000,5.987369
1055,24.595000,14.536000,5.987369
1056,24.595000,14.536000,5.987369
1057,22.987000,14.536000,5.987369
1058,23.342000,14.536000,5.987369
1059,22.987000,14.536000,5.987369
1060,25.186000,14.536000,5.987369
1061,23.913000,14.536000,5.987369
1062,20.312000,14.536000,5.987369
1063,18.923000,14.536000,5.987369
1064,20.767000,14.536000,5.987369
1065,24.956000,14.536000,5.987369
1066,24.533000,14.536000,5.987369
1067,21.734000,14.536000,5.987369
1068,21.734000,14.536000,5.987369
1069,22.757000,14.536000,5.987369
1070,21.018000,14.536000,5.987369
1071,22.185000,14.536000,5.987369
1072,22.185000,14.536000,5.987369
1073,22.185000,14.536000,5.987369
1074,24.420000,14.536000,5.987369
1075,24.295000,14.536000,5.987369
1076,22.376000,14.536000,5.987369
1077,24.956000,14.536000,5.987369
1078,25.458000,14.536000,5.987369
1079,21.568000,14.536000,5.987369
1080,22.207000,14.536000,5.987369
1081,20.562000,14.536000,5.987369
1082,19.607000,14.536000,5.987369
1083,19.618000,14.536000,5.987369
1084,21.262000,14.536000,5.987369
1085,21.262000,14.536000,5.987369
1086,17.374000,14.536000,5.987369
1087,17.374000,14.536000,5.987369
1088,17.374000,14.536000,5.987369
1089,18.329000,14.536000,5.987369
1090,18.329000,14.536000,5.987369
1091,24.335000,14.536000,5.987369
1092,23.294000,14.536000,5.987369
1093,23.294000,14.536000,5.987369
1094,19.916000,14.536000,5.987369
1095,19.916000,14.536000,5.987369
1096,17.374000,14.536000,5.987369
1097,23.640000,14.536000,5.987369
1098,23.524000,14.536000,5.987369
1099,23.524000,14.536000,5.987369
1100,21.663000,14.536000,5.987369
1101,25.073000,14.536000,5.688001
1102,26.682000,14.536000,5.688001
1103,25.073000,14.536000,5.688001
1104,25.566000,14.536000,5.688001
1105,27.018000,14.536000,5.688001
1106,26.286000,14.536000,5.688001
1107,23.248000,14.536000,5.688001
1108,23.248000,14.536000,5.688001
1109,22.185000,14.536000,5.688001
1110,21.230000,14.536000,5.688001
1111,21.837000,14.536000,5.688001
1112,23.997000,14.536000,5.688001
1113,21.230000,14.536000,5.688001
1114,25.073000,14.536000,5.688001
1115,21.183000,14.536000,5.688001
1116,21.183000,14.536000,5.688001
1117,25.020000,14.536000,5.688001
1118,23.683000,14.536000,5.688001
1119,23.683000,14.536000,5.688001
1120,24.956000,14.536000,5.688001
1121,25.556000,14.536000,5.688001
1122,25.701000,14.536000,5.688001
1123,25.556000,14.536000,5.688001
1124,24.533000,14.536000,5.688001
1125,24.956000,14.536000,5.688001
1126,20.767000,14.536000,5.688001
1127,20.767000,14.536000,5.688001
1128,20.767000,14.536000,5.688001
1129,20.767000,14.536000,5.688001
1130,24.678000,14.536000,5.688001
1131,23.128000,14.536000,5.688001
1132,22.944000,14.536000,5.688001
1133,24.976000,14.536000,5.688001
1134,21.598000,14.536000,5.688001
1135,24.976000,14.536000,5.688001
1136,23.681000,14.536000,5.688001
1137,23.027000,14.536000,5.688001
1138,16.684000,14.536000,5.688001
1139,16.684000,14.536000,5.688001
1140,20.767000,14.536000,5.688001
1141,18.923000,14.536000,5.688001
1142,14.536000,14.536000,5.688001
1143,18.923000,14.536000,5.688001
1144,18.923000,14.536000,5.688001
1145,18.923000,14.536000,5.688001
1146,21.262000,14.536000,5.688001
1147,22.613000,14.536000,5.688001
1148,23.640000,14.536000,5.688001
1149,23.385000,14.536000,5.688001
1150,24.463000,14.536000,5.688001
1151,20.573000,14.536000,5.688001
1152,17.379000,14.536000,5.688001
1153,17.379000,14.536000,5.688001
1154,17.379000,14.536000,5.688001
1155,17.379000,14.536000,5.688001
1156,19.921000,14.536000,5.688001
1157,17.379000,14.536000,5.688001
1158,19.921000,14.536000,5.688001
1159,19.916000,14.536000,5.688001
1160,23.524000,14.536000,5.688001
1161,24.335000,14.536000,5.688001
1162,23.952000,14.536000,5.688001
1163,23.180000,14.536000,5.688001
1164,24.868000,14.536000,5.688001
1165,24.420000,14.536000,5.688001
1166,24.420000,14.536000,5.688001
1167,24.420000,14.536000,5.688001
1168,22.944000,14.536000,5.688001
1169,20.532000,14.536000,5.688001
1170,18.923000,14.536000,5.688001
1171,24.885000,14.536000,5.688001
1172,23.385000,14.536000,5.688001
1173,23.952000,14.536000,5.688001
1174,20.941000,14.536000,5.688001
1175,21.183000,14.536000,5.688001
1176,22.185000,14.536000,5.688001
1177,23.248000,14.536000,5.688001
1178,23.248000,14.536000,5.688001
1179,23.913000,14.536000,5.688001
1180,24.420000,14.536000,5.688001
1181,26.286000,14.536000,5.688001
1182,26.017000,14.536000,5.688001
1183,24.606000,14.536000,5.688001
1184,24.606000,14.536000,5.688001
1185,23.953000,14.536000,5.688001
1186,21.837000,14.536000,5.688001
1187,21.837000,14.536000,5.688001
1188,21.636000,14.536000,5.688001
1189,24.533000,14.536000,5.688001
1190,23.554000,14.536000,5.688001
1191,23.294000,14.536000,5.688001
1192,19.916000,14.536000,5.688001
1193,17.374000,14.536000,5.688001
1194,17.374000,14.536000,5.688001
1195,17.374000,14.536000,5.688001
1196,17.374000,14.536000,5.688001
1197,18.329000,14.536000,5.688001
1198,21.262000,14.536000,5.688001
1199,22.613000,14.536000,5.688001
1200,22.185000,14.536000,5.688001
1201,22.185000,14.536000,5.403601
1202,14.536000,14.536000,5.403601
1203,14.536000,14.536000,5.403601
1204,18.329000,14.536000,5.403601
1205,14.536000,14.536000,5.403601
1206,15.122000,14.536000,5.403601
1207,15.122000,14.536000,5.403601
1208,15.122000,14.536000,5.403601
1209,15.122000,14.536000,5.403601
1210,15.122000,14.536000,5.403601
1211,20.532000,14.536000,5.403601
1212,22.376000,14.536000,5.403601
1213,23.074000,14.536000,5.403601
1214,23.953000,14.536000,5.403601
1215,27.175000,14.536000,5.403601
1216,25.566000,14.536000,5.403601
1217,25.412000,14.536000,5.403601
1218,19.916000,14.536000,5.403601
1219,20.871000,14.536000,5.403601
1220,16.684000,14.536000,5.403601
1221,21.161000,14.536000,5.403601
1222,23.952000,14.536000,5.403601
1223,23.180000,14.536000,5.403601
1224,23.180000,14.536000,5.403601
1225,23.248000,14.536000,5.403601
1226,21.296000,14.536000,5.403601
1227,22.770000,14.536000,5.403601
1228,17.270000,14.536000,5.403601
1229,19.916000,14.536000,5.403601
1230,23.294000,14.536000,5.403601
1231,23.554000,14.536000,5.403601
1232,21.161000,14.536000,5.403601
1233,18.923000,14.536000,5.403601
1234,18.923000,14.536000,5.403601
1235,18.923000,14.536000,5.403601
1236,20.312000,14.536000,5.403601
1237,21.183000,14.536000,5.403601
1238,23.027000,14.536000,5.403601
1239,21.761000,14.536000,5.403601
1240,21.183000,14.536000,5.403601
1241,21.262000,14.536000,5.403601
1242,22.613000,14.536000,5.403601
1243,23.304000,14.536000,5.403601
1244,22.987000,14.536000,5.403601
1245,23.248000,14.536000,5.403601
1246,22.139000,14.536000,5.403601
1247,22.207000,14.536000,5.403601
1248,22.207000,14.536000,5.403601
1249,25.020000,14.536000,5.403601
1250,24.595000,14.536000,5.403601
1251,26.017000,14.536000,5.403601
1252,26.494000,14.536000,5.403601
1253,23.681000,14.536000,5.403601
1254,24.069000,14.536000,5.403601
1255,23.524000,14.536000,5.403601
1256,24.479000,14.536000,5.403601
1257,23.483000,14.536000,5.403601
1258,24.148000,14.536000,5.403601
1259,23.483000,14.536000,5.403601
1260,23.367000,14.536000,5.403601
1261,23.953000,14.536000,5.403601
1262,24.069000,14.536000,5.403601
1263,24.678000,14.536000,5.403601
1264,24.069000,14.536000,5.403601
1265,21.734000,14.536000,5.403601
1266,21.734000,14.536000,5.403601
1267,24.069000,14.536000,5.403601
1268,23.681000,14.536000,5.403601
1269,23.027000,14.536000,5.403601
1270,22.344000,14.536000,5.403601
1271,22.599000,14.536000,5.403601
1272,19.916000,14.536000,5.403601
1273,17.270000,14.536000,5.403601
1274,16.684000,14.536000,5.403601
1275,16.684000,14.536000,5.403601
1276,23.027000,14.536000,5.403601
1277,21.761000,14.536000,5.403601
1278,22.347000,14.536000,5.403601
1279,23.294000,14.536000,5.403601
1280,19.607000,14.536000,5.403601
1281,23.294000,14.536000,5.403601
1282,23.294000,14.536000,5.403601
1283,27.018000,14.536000,5.403601
1284,18.329000,14.536000,5.403601
1285,20.871000,14.536000,5.403601
1286,19.916000,14.536000,5.403601
1287,20.871000,14.536000,5.403601
1288,20.871000,14.536000,5.403601
1289,20.871000,14.536000,5.403601
1290,21.598000,14.536000,5.403601
1291,23.953000,14.536000,5.403601
1292,24.533000,14.536000,5.403601
1293,25.556000,14.536000,5.403601
1294,23.074000,14.536000,5.403601
1295,23.074000,14.536000,5.403601
1296,23.640000,14.536000,5.403601
1297,23.524000,14.536000,5.403601
1298,22.173000,14.536000,5.403601
1299,21.262000,14.536000,5.403601
1300,21.262000,14.536000,5.403601
1301,21.262000,14.536000,5.133421
1302,18.923000,14.536000,5.133421
1303,20.767000,14.536000,5.133421
1304,20.767000,14.536000,5.133421
1305,16.684000,14.536000,5.133421
1306,26.481000,14.536000,5.133421
1307,24.479000,14.536000,5.133421
1308,23.128000,14.536000,5.133421
1309,18.329000,14.536000,5.133421
1310,18.329000,14.536000,5.133421
1311,19.056000,14.536000,5.133421
1312,17.379000,14.536000,5.133421
1313,14.536000,14.536000,5.133421
1314,16.684000,14.536000,5.133421
1315,16.684000,14.536000,5.133421
1316,14.536000,14.536000,5.133421
1317,14.536000,14.536000,5.133421
1318,15.122000,14.536000,5.133421
1319,15.122000,14.536000,5.133421
1320,19.056000,14.536000,5.133421
1321,21.598000,14.536000,5.133421
1322,19.056000,14.536000,5.133421
1323,21.598000,14.536000,5.133421
1324,17.270000,14.536000,5.133421
1325,17.270000,14.536000,5.133421
1326,15.122000,14.536000,5.133421
1327,15.122000,14.536000,5.133421
1328,15.122000,14.536000,5.133421
1329,17.374000,14.536000,5.133421
1330,17.374000,14.536000,5.133421
1331,19.916000,14.536000,5.133421
1332,21.296000,14.536000,5.133421
1333,21.761000,14.536000,5.133421
1334,21.296000,14.536000,5.133421
1335,19.916000,14.536000,5.133421
1336,17.270000,14.536000,5.133421
1337,16.684000,14.536000,5.133421
1338,16.684000,14.536000,5.133421
1339,16.684000,14.536000,5.133421
1340,19.921000,14.536000,5.133421
1341,19.916000,14.536000,5.133421
1342,19.916000,14.536000,5.133421
1343,23.524000,14.536000,5.133421
1344,23.640000,14.536000,5.133421
1345,22.919000,14.536000,5.133421
1346,19.308000,14.536000,5.133421
1347,17.374000,14.536000,5.133421
1348,22.173000,14.536000,5.133421
1349,22.173000,14.536000,5.133421
1350,22.599000,14.536000,5.133421
1351,22.613000,14.536000,5.133421
1352,19.916000,14.536000,5.133421
1353,23.524000,14.536000,5.133421
1354,23.524000,14.536000,5.133421
1355,22.376000,14.536000,5.133421
1356,17.270000,14.536000,5.133421
1357,22.770000,14.536000,5.133421
1358,23.074000,14.536000,5.133421
1359,24.295000,14.536000,5.133421
1360,23.304000,14.536000,5.133421
1361,22.347000,14.536000,5.133421
1362,23.768000,14.536000,5.133421
1363,24.533000,14.536000,5.133421
1364,25.556000,14.536000,5.133421
1365,24.533000,14.536000,5.133421
1366,25.186000,14.536000,5.133421
1367,19.308000,14.536000,5.133421
1368,21.527000,14.536000,5.133421
1369,20.941000,14.536000,5.133421
1370,20.941000,14.536000,5.133421
1371,23.128000,14.536000,5.133421
1372,18.329000,14.536000,5.133421
1373,18.329000,14.536000,5.133421
1374,18.329000,14.536000,5.133421
1375,18.329000,14.536000,5.133421
1376,17.374000,14.536000,5.133421
1377,23.640000,14.536000,5.133421
1378,23.524000,14.536000,5.133421
1379,23.180000,14.536000,5.133421
1380,20.273000,14.536000,5.133421
1381,23.683000,14.536000,5.133421
1382,24.420000,14.536000,5.133421
1383,24.678000,14.536000,5.133421
1384,22.173000,14.536000,5.133421
1385,22.173000,14.536000,5.133421
1386,21.262000,14.536000,5.133421
1387,21.527000,14.536000,5.133421
1388,25.331000,14.536000,5.133421
1389,23.997000,14.536000,5.133421
1390,22.139000,14.536000,5.133421
1391,22.599000,14.536000,5.133421
1392,22.139000,14.536000,5.133421
1393,19.607000,14.536000,5.133421
1394,22.344000,14.536000,5.133421
1395,21.161000,14.536000,5.133421
1396,22.344000,14.536000,5.133421
1397,22.344000,14.536000,5.133421
1398,21.161000,14.536000,5.133421
1399,21.161000,14.536000,5.133421
1400,23.294000,14.536000,5.133421
1401,21.761000,14.536000,4.876750
1402,24.723000,14.536000,4.876750
1403,23.768000,14.536000,4.876750
1404,25.458000,14.536000,4.876750
1405,25.331000,14.536000,4.876750
1406,23.768000,14.536000,4.876750
1407,21.663000,14.536000,4.876750
1408,24.420000,14.536000,4.876750
1409,20.562000,14.536000,4.876750
1410,21.296000,14.536000,4.876750
1411,20.562000,14.536000,4.876750
1412,21.296000,14.536000,4.876750
1413,21.296000,14.536000,4.876750
1414,20.273000,14.536000,4.876750
1415,20.871000,14.536000,4.876750
1416,21.598000,14.536000,4.876750
1417,22.347000,14.536000,4.876750
1418,20.273000,14.536000,4.876750
1419,21.230000,14.536000,4.876750
1420,20.273000,14.536000,4.876750
1421,20.273000,14.536000,4.876750
1422,22.347000,14.536000,4.876750
1423,23.681000,14.536000,4.876750
1424,24.976000,14.536000,4.876750
1425,26.141000,14.536000,4.876750
1426,23.952000,14.536000,4.876750
1427,24.606000,14.536000,4.876750
1428,25.186000,14.536000,4.876750
1429,24.463000,14.536000,4.876750
1430,25.556000,14.536000,4.876750
1431,22.599000,14.536000,4.876750
1432,23.294000,14.536000,4.876750
1433,22.770000,14.536000,4.876750
1434,21.161000,14.536000,4.876750
1435,16.684000,14.536000,4.876750
1436,22.207000,14.536000,4.876750
1437,20.562000,14.536000,4.876750
1438,22.207000,14.536000,4.876750
1439,16.684000,14.536000,4.876750
1440,20.871000,14.536000,4.876750
1441,22.613000,14.536000,4.876750
1442,22.650000,14.536000,4.876750
1443,24.868000,14.536000,4.876750
1444,23.997000,14.536000,4.876750
1445,22.139000,14.536000,4.876750
1446,25.701000,14.536000,4.876750
1447,25.556000,14.536000,4.876750
1448,23.554000,14.536000,4.876750
1449,22.599000,14.536000,4.876750
1450,19.916000,14.536000,4.876750
1451,17.270000,14.536000,4.876750
1452,22.376000,14.536000,4.876750
1453,22.376000,14.536000,4.876750
1454,27.175000,14.536000,4.876750
1455,22.376000,14.536000,4.876750
1456,20.532000,14.536000,4.876750
1457,20.532000,14.536000,4.876750
1458,21.527000,14.536000,4.876750
1459,19.056000,14.536000,4.876750
1460,19.056000,14.536000,4.876750
1461,22.944000,14.536000,4.876750
1462,24.069000,14.536000,4.876750
1463,24.678000,14.536000,4.876750
1464,23.683000,14.536000,4.876750
1465,24.678000,14.536000,4.876750
1466,24.533000,14.536000,4.876750
1467,22.599000,14.536000,4.876750
1468,23.294000,14.536000,4.876750
1469,22.347000,14.536000,4.876750
1470,22.770000,14.536000,4.876750
1471,24.976000,14.536000,4.876750
1472,20.562000,14.536000,4.876750
1473,21.018000,14.536000,4.876750
1474,23.367000,14.536000,4.876750
1475,23.367000,14.536000,4.876750
1476,23.952000,14.536000,4.876750
1477,22.650000,14.536000,4.876750
1478,24.868000,14.536000,4.876750
1479,26.141000,14.536000,4.876750
1480,26.481000,14.536000,4.876750
1481,24.723000,14.536000,4.876750
1482,24.463000,14.536000,4.876750
1483,19.618000,14.536000,4.876750
1484,19.618000,14.536000,4.876750
1485,19.308000,14.536000,4.876750
1486,20.331000,14.536000,4.876750
1487,21.568000,14.536000,4.876750
1488,15.122000,14.536000,4.876750
1489,15.122000,14.536000,4.876750
1490,15.122000,14.536000,4.876750
1491,15.122000,14.536000,4.876750
1492,17.374000,14.536000,4.876750
1493,22.173000,14.536000,4.876750
1494,21.568000,14.536000,4.876750
1495,25.556000,14.536000,4.876750
1496,23.554000,14.536000,4.876750
1497,20.871000,14.536000,4.876750
1498,20.871000,14.536000,4.876750
1499,21.296000,14.536000,4.876750
1500,22.770000,14.536000,4.876750
1501,23.074000,14.536000,4.632912
1502,26.017000,14.536000,4.632912
1503,24.606000,14.536000,4.632912
1504,23.248000,14.536000,4.632912
1505,22.185000,14.536000,4.632912
1506,25.020000,14.536000,4.632912
1507,24.868000,14.536000,4.632912
1508,22.650000,14.536000,4.632912
1509,22.650000,14.536000,4.632912
1510,23.952000,14.536000,4.632912
1511,22.650000,14.536000,4.632912
1512,24.295000,14.536000,4.632912
1513,24.479000,14.536000,4.632912
1514,24.595000,14.536000,4.632912
1515,18.329000,14.536000,4.632912
1516,17.374000,14.536000,4.632912
1517,17.379000,14.536000,4.632912
1518,17.379000,14.536000,4.632912
1519,23.385000,14.536000,4.632912
1520,24.885000,14.536000,4.632912
1521,23.027000,14.536000,4.632912
1522,20.941000,14.536000,4.632912
1523,20.941000,14.536000,4.632912
1524,18.923000,14.536000,4.632912
1525,18.923000,14.536000,4.632912
1526,20.941000,14.536000,4.632912
1527,20.941000,14.536000,4.632912
1528,21.262000,14.536000,4.632912
1529,20.573000,14.536000,4.632912
1530,19.618000,14.536000,4.632912
1531,19.618000,14.536000,4.632912
1532,19.618000,14.536000,4.632912
1533,20.573000,14.536000,4.632912
1534,24.463000,14.536000,4.632912
1535,24.463000,14.536000,4.632912
1536,23.342000,14.536000,4.632912
1537,22.185000,14.536000,4.632912
1538,25.020000,14.536000,4.632912
1539,26.286000,14.536000,4.632912
1540,20.562000,14.536000,4.632912
1541,20.562000,14.536000,4.632912
1542,21.296000,14.536000,4.632912
1543,21.761000,14.536000,4.632912
1544,21.296000,14.536000,4.632912
1545,20.273000,14.536000,4.632912
1546,19.607000,14.536000,4.632912
1547,19.607000,14.536000,4.632912
1548,22.344000,14.536000,4.632912
1549,22.344000,14.536000,4.632912
1550,22.344000,14.536000,4.632912
1551,19.921000,14.536000,4.632912
1552,19.921000,14.536000,4.632912
1553,21.761000,14.536000,4.632912
1554,22.347000,14.536000,4.632912
1555,23.768000,14.536000,4.632912
1556,21.663000,14.536000,4.632912
1557,23.768000,14.536000,4.632912
1558,21.663000,14.536000,4.632912
1559,21.465000,14.536000,4.632912
1560,21.465000,14.536000,4.632912
1561,22.613000,14.536000,4.632912
1562,22.613000,14.536000,4.632912
1563,22.613000,14.536000,4.632912
1564,21.262000,14.536000,4.632912
1565,20.941000,14.536000,4.632912
1566,18.923000,14.536000,4.632912
1567,14.536000,14.536000,4.632912
1568,16.684000,14.536000,4.632912
1569,16.684000,14.536000,4.632912
1570,16.684000,14.536000,4.632912
1571,21.161000,14.536000,4.632912
1572,24.463000,14.536000,4.632912
1573,23.342000,14.536000,4.632912
1574,26.017000,14.536000,4.632912
1575,26.494000,14.536000,4.632912
1576,25.757000,14.536000,4.632912
1577,23.074000,14.536000,4.632912
1578,15.122000,14.536000,4.632912
1579,17.374000,14.536000,4.632912
1580,17.374000,14.536000,4.632912
1581,17.374000,14.536000,4.632912
1582,15.122000,14.536000,4.632912
1583,15.122000,14.536000,4.632912
1584,15.122000,14.536000,4.632912
1585,19.056000,14.536000,4.632912
1586,22.944000,14.536000,4.632912
1587,22.944000,14.536000,4.632912
1588,22.944000,14.536000,4.632912
1589,20.532000,14.536000,4.632912
1590,15.122000,14.536000,4.632912
1591,15.122000,14.536000,4.632912
1592,19.056000,14.536000,4.632912
1593,19.056000,14.536000,4.632912
1594,19.056000,14.536000,4.632912
1595,21.527000,14.536000,4.632912
1596,19.308000,14.536000,4.632912
1597,22.919000,14.536000,4.632912
1598,22.757000,14.536000,4.632912
1599,23.342000,14.536000,4.632912
1600,24.335000,14.536000,4.632912
1601,24.479000,14.536000,4.401267
1602,23.524000,14.536000,4.401267
1603,23.640000,14.536000,4.401267
1604,23.385000,14.536000,4.401267
1605,23.640000,14.536000,4.401267
1606,26.141000,14.536000,4.401267
1607,20.331000,14.536000,4.401267
1608,19.308000,14.536000,4.401267
1609,19.308000,14.536000,4.401267
1610,19.308000,14.536000,4.401267
1611,17.374000,14.536000,4.401267
1612,21.262000,14.536000,4.401267
1613,22.613000,14.536000,4.401267
1614,22.650000,14.536000,4.401267
1615,24.335000,14.536000,4.401267
1616,22.387000,14.536000,4.401267
1617,21.230000,14.536000,4.401267
1618,19.995000,14.536000,4.401267
1619,21.230000,14.536000,4.401267
1620,21.230000,14.536000,4.401267
1621,21.230000,14.536000,4.401267
1622,21.230000,14.536000,4.401267
1623,15.122000,14.536000,4.401267
1624,17.270000,14.536000,4.401267
1625,17.270000,14.536000,4.401267
1626,17.270000,14.536000,4.401267
1627,17.270000,14.536000,4.401267
1628,15.122000,14.536000,4.401267
1629,19.056000,14.536000,4.401267
1630,19.056000,14.536000,4.401267
1631,26.017000,14.536000,4.401267
1632,24.606000,14.536000,4.401267
1633,24.335000,14.536000,4.401267
1634,24.335000,14.536000,4.401267
1635,24.335000,14.536000,4.401267
1636,23.483000,14.536000,4.401267
1637,23.027000,14.536000,4.401267
1638,16.684000,14.536000,4.401267
1639,16.684000,14.536000,4.401267
1640,16.684000,14.536000,4.401267
1641,16.684000,14.536000,4.401267
1642,16.684000,14.536000,4.401267
1643,14.536000,14.536000,4.401267
1644,14.536000,14.536000,4.401267
1645,14.536000,14.536000,4.401267
1646,14.536000,14.536000,4.401267
1647,21.183000,14.536000,4.401267
1648,23.367000,14.536000,4.401267
1649,21.018000,14.536000,4.401267
1650,18.329000,14.536000,4.401267
1651,19.308000,14.536000,4.401267
1652,22.919000,14.536000,4.401267
1653,26.141000,14.536000,4.401267
1654,25.556000,14.536000,4.401267
1655,26.141000,14.536000,4.401267
1656,24.463000,14.536000,4.401267
1657,24.533000,14.536000,4.401267
1658,25.556000,14.536000,4.401267
1659,24.533000,14.536000,4.401267
1660,25.556000,14.536000,4.401267
1661,24.956000,14.536000,4.401267
1662,20.331000,14.536000,4.401267
1663,21.568000,14.536000,4.401267
1664,21.183000,14.536000,4.401267
1665,20.941000,14.536000,4.401267
1666,20.941000,14.536000,4.401267
1667,21.262000,14.536000,4.401267
1668,17.374000,14.536000,4.401267
1669,17.374000,14.536000,4.401267
1670,17.374000,14.536000,4.401267
1671,17.374000,14.536000,4.401267
1672,27.018000,14.536000,4.401267
1673,25.566000,14.536000,4.401267
1674,24.956000,14.536000,4.401267
1675,24.463000,14.536000,4.401267
1676,24.463000,14.536000,4.401267
1677,26.141000,14.536000,4.401267
1678,25.556000,14.536000,4.401267
1679,22.757000,14.536000,4.401267
1680,19.618000,14.536000,4.401267
1681,19.308000,14.536000,4.401267
1682,19.308000,14.536000,4.401267
1683,19.308000,14.536000,4.401267
1684,19.607000,14.536000,4.401267
1685,17.270000,14.536000,4.401267
1686,17.270000,14.536000,4.401267
1687,17.270000,14.536000,4.401267
1688,17.270000,14.536000,4.401267
1689,19.916000,14.536000,4.401267
1690,21.296000,14.536000,4.401267
1691,21.296000,14.536000,4.401267
1692,22.139000,14.536000,4.401267
1693,23.027000,14.536000,4.401267
1694,23.294000,14.536000,4.401267
1695,22.599000,14.536000,4.401267
1696,22.139000,14.536000,4.401267
1697,22.207000,14.536000,4.401267
1698,20.273000,14.536000,4.401267
1699,23.683000,14.536000,4.401267
1700,21.018000,14.536000,4.401267
1701,21.262000,14.536000,4.181203
1702,22.173000,14.536000,4.181203
1703,17.374000,14.536000,4.181203
1704,17.374000,14.536000,4.181203
1705,18.329000,14.536000,4.181203
1706,19.056000,14.536000,4.181203
1707,19.056000,14.536000,4.181203
1708,15.122000,14.536000,4.181203
1709,17.270000,14.536000,4.181203
1710,17.270000,14.536000,4.181203
1711,17.270000,14.536000,4.181203
1712,22.139000,14.536000,4.181203
1713,21.598000,14.536000,4.181203
1714,19.921000,14.536000,4.181203
1715,17.379000,14.536000,4.181203
1716,20.312000,14.536000,4.181203
1717,19.618000,14.536000,4.181203
1718,19.618000,14.536000,4.181203
1719,21.568000,14.536000,4.181203
1720,19.618000,14.536000,4.181203
1721,15.122000,14.536000,4.181203
1722,15.122000,14.536000,4.181203
1723,17.270000,14.536000,4.181203
1724,19.607000,14.536000,4.181203
1725,19.607000,14.536000,4.181203
1726,19.607000,14.536000,4.181203
1727,25.331000,14.536000,4.181203
1728,24.678000,14.536000,4.181203
1729,19.995000,14.536000,4.181203
1730,24.678000,14.536000,4.181203
1731,19.995000,14.536000,4.181203
1732,21.230000,14.536000,4.181203
1733,20.273000,14.536000,4.181203
1734,20.273000,14.536000,4.181203
1735,19.607000,14.536000,4.181203
1736,25.331000,14.536000,4.181203
1737,23.997000,14.536000,4.181203
1738,24.885000,14.536000,4.181203
1739,23.385000,14.536000,4.181203
1740,23.640000,14.536000,4.181203
1741,23.640000,14.536000,4.181203
1742,23.385000,14.536000,4.181203
1743,25.331000,14.536000,4.181203
1744,19.607000,14.536000,4.181203
1745,20.562000,14.536000,4.181203
1746,20.562000,14.536000,4.181203
1747,26.286000,14.536000,4.181203
1748,25.701000,14.536000,4.181203
1749,23.483000,14.536000,4.181203
1750,23.367000,14.536000,4.181203
1751,21.183000,14.536000,4.181203
1752,25.073000,14.536000,4.181203
1753,23.952000,14.536000,4.181203
1754,20.941000,14.536000,4.181203
1755,18.923000,14.536000,4.181203
1756,19.308000,14.536000,4.181203
1757,18.329000,14.536000,4.181203
1758,20.871000,14.536000,4.181203
1759,16.684000,14.536000,4.181203
1760,16.684000,14.536000,4.181203
1761,16.684000,14.536000,4.181203
1762,16.684000,14.536000,4.181203
1763,14.536000,14.536000,4.181203
1764,14.536000,14.536000,4.181203
1765,14.536000,14.536000,4.181203
1766,16.684000,14.536000,4.181203
1767,16.684000,14.536000,4.181203
1768,21.161000,14.536000,4.181203
1769,21.161000,14.536000,4.181203
1770,16.684000,14.536000,4.181203
1771,16.684000,14.536000,4.181203
1772,23.342000,14.536000,4.181203
1773,20.331000,14.536000,4.181203
1774,21.296000,14.536000,4.181203
1775,21.296000,14.536000,4.181203
1776,21.296000,14.536000,4.181203
1777,21.296000,14.536000,4.181203
1778,22.139000,14.536000,4.181203
1779,22.599000,14.536000,4.181203
1780,25.556000,14.536000,4.181203
1781,23.074000,14.536000,4.181203
1782,22.376000,14.536000,4.181203
1783,20.532000,14.536000,4.181203
1784,15.122000,14.536000,4.181203
1785,15.122000,14.536000,4.181203
1786,15.122000,14.536000,4.181203
1787,23.074000,14.536000,4.181203
1788,25.556000,14.536000,4.181203
1789,21.568000,14.536000,4.181203
1790,19.618000,14.536000,4.181203
1791,21.568000,14.536000,4.181203
1792,21.636000,14.536000,4.181203
1793,21.568000,14.536000,4.181203
1794,19.618000,14.536000,4.181203
1795,19.618000,14.536000,4.181203
1796,21.734000,14.536000,4.181203
1797,19.618000,14.536000,4.181203
1798,19.618000,14.536000,4.181203
1799,19.308000,14.536000,4.181203
1800,19.618000,14.536000,4.181203
1801,20.312000,14.536000,3.972143
1802,21.183000,14.536000,3.972143
1803,20.312000,14.536000,3.972143
1804,23.483000,14.536000,3.972143
1805,20.767000,14.536000,3.972143
1806,20.767000,14.536000,3.972143
1807,20.767000,14.536000,3.972143
1808,24.956000,14.536000,3.972143
1809,23.768000,14.536000,3.972143
1810,24.463000,14.536000,3.972143
1811,24.420000,14.536000,3.972143
1812,20.532000,14.536000,3.972143
1813,23.304000,14.536000,3.972143
1814,23.913000,14.536000,3.972143
1815,23.913000,14.536000,3.972143
1816,23.304000,14.536000,3.972143
1817,24.606000,14.536000,3.972143
1818,25.186000,14.536000,3.972143
1819,24.463000,14.536000,3.972143
1820,23.342000,14.536000,3.972143
1821,22.185000,14.536000,3.972143
1822,22.613000,14.536000,3.972143
1823,25.412000,14.536000,3.972143
1824,24.479000,14.536000,3.972143
1825,24.479000,14.536000,3.972143
1826,20.871000,14.536000,3.972143
1827,20.273000,14.536000,3.972143
1828,19.618000,14.536000,3.972143
1829,19.618000,14.536000,3.972143
1830,20.312000,14.536000,3.972143
1831,22.173000,14.536000,3.972143
1832,22.173000,14.536000,3.972143
1833,20.312000,14.536000,3.972143
1834,20.312000,14.536000,3.972143
1835,17.379000,14.536000,3.972143
1836,19.056000,14.536000,3.972143
1837,15.122000,14.536000,3.972143
1838,15.122000,14.536000,3.972143
1839,17.374000,14.536000,3.972143
1840,17.374000,14.536000,3.972143
1841,15.122000,14.536000,3.972143
1842,15.122000,14.536000,3.972143
1843,15.122000,14.536000,3.972143
1844,19.056000,14.536000,3.972143
1845,15.122000,14.536000,3.972143
1846,17.270000,14.536000,3.972143
1847,17.270000,14.536000,3.972143
1848,17.270000,14.536000,3.972143
1849,17.270000,14.536000,3.972143
1850,16.684000,14.536000,3.972143
1851,14.536000,14.536000,3.972143
1852,14.536000,14.536000,3.972143
1853,14.536000,14.536000,3.972143
1854,21.636000,14.536000,3.972143
1855,21.837000,14.536000,3.972143
1856,22.347000,14.536000,3.972143
1857,25.757000,14.536000,3.972143
1858,25.556000,14.536000,3.972143
1859,24.463000,14.536000,3.972143
1860,19.618000,14.536000,3.972143
1861,19.618000,14.536000,3.972143
1862,19.308000,14.536000,3.972143
1863,20.273000,14.536000,3.972143
1864,21.230000,14.536000,3.972143
1865,21.230000,14.536000,3.972143
1866,23.997000,14.536000,3.972143
1867,23.997000,14.536000,3.972143
1868,23.997000,14.536000,3.972143
1869,25.331000,14.536000,3.972143
1870,23.997000,14.536000,3.972143
1871,23.997000,14.536000,3.972143
1872,23.997000,14.536000,3.972143
1873,21.837000,14.536000,3.972143
1874,21.527000,14.536000,3.972143
1875,20.941000,14.536000,3.972143
1876,21.262000,14.536000,3.972143
1877,21.262000,14.536000,3.972143
1878,21.262000,14.536000,3.972143
1879,21.262000,14.536000,3.972143
1880,21.262000,14.536000,3.972143
1881,21.262000,14.536000,3.972143
1882,19.618000,14.536000,3.972143
1883,19.618000,14.536000,3.972143
1884,20.273000,14.536000,3.972143
1885,21.230000,14.536000,3.972143
1886,23.997000,14.536000,3.972143
1887,23.640000,14.536000,3.972143
1888,22.599000,14.536000,3.972143
1889,22.770000,14.536000,3.972143
1890,22.347000,14.536000,3.972143
1891,23.681000,14.536000,3.972143
1892,22.347000,14.536000,3.972143
1893,22.770000,14.536000,3.972143
1894,23.294000,14.536000,3.972143
1895,22.347000,14.536000,3.972143
1896,21.598000,14.536000,3.972143
1897,19.056000,14.536000,3.972143
1898,18.329000,14.536000,3.972143
1899,18.329000,14.536000,3.972143
1900,23.683000,14.536000,3.972143
1901,25.757000,14.536000,3.773536
1902,24.069000,14.536000,3.773536
1903,24.678000,14.536000,3.773536
1904,20.767000,14.536000,3.773536
1905,23.483000,14.536000,3.773536
1906,23.027000,14.536000,3.773536
1907,16.684000,14.536000,3.773536
1908,19.921000,14.536000,3.773536
1909,19.921000,14.536000,3.773536
1910,19.921000,14.536000,3.773536
1911,19.921000,14.536000,3.773536
1912,22.344000,14.536000,3.773536
1913,25.186000,14.536000,3.773536
1914,22.987000,14.536000,3.773536
1915,21.734000,14.536000,3.773536
1916,22.757000,14.536000,3.773536
1917,24.956000,14.536000,3.773536
1918,24.533000,14.536000,3.773536
1919,21.636000,14.536000,3.773536
1920,20.573000,14.536000,3.773536
1921,20.573000,14.536000,3.773536
1922,22.944000,14.536000,3.773536
1923,19.056000,14.536000,3.773536
1924,21.527000,14.536000,3.773536
1925,27.175000,14.536000,3.773536
1926,23.953000,14.536000,3.773536
1927,21.598000,14.536000,3.773536
1928,23.953000,14.536000,3.773536
1929,24.533000,14.536000,3.773536
1930,21.636000,14.536000,3.773536
1931,19.308000,14.536000,3.773536
1932,19.308000,14.536000,3.773536
1933,20.273000,14.536000,3.773536
1934,23.180000,14.536000,3.773536
1935,23.248000,14.536000,3.773536
1936,23.913000,14.536000,3.773536
1937,25.020000,14.536000,3.773536
1938,26.494000,14.536000,3.773536
1939,25.073000,14.536000,3.773536
1940,21.161000,14.536000,3.773536
1941,23.294000,14.536000,3.773536
1942,23.681000,14.536000,3.773536
1943,22.207000,14.536000,3.773536
1944,20.562000,14.536000,3.773536
1945,21.296000,14.536000,3.773536
1946,20.562000,14.536000,3.773536
1947,19.607000,14.536000,3.773536
1948,19.607000,14.536000,3.773536
1949,17.270000,14.536000,3.773536
1950,17.270000,14.536000,3.773536
1951,16.684000,14.536000,3.773536
1952,19.921000,14.536000,3.773536
1953,22.344000,14.536000,3.773536
1954,22.344000,14.536000,3.773536
1955,22.344000,14.536000,3.773536
1956,23.027000,14.536000,3.773536
1957,21.761000,14.536000,3.773536
1958,23.027000,14.536000,3.773536
1959,23.027000,14.536000,3.773536
1960,23.342000,14.536000,3.773536
1961,20.331000,14.536000,3.773536
1962,20.532000,14.536000,3.773536
1963,23.304000,14.536000,3.773536
1964,20.532000,14.536000,3.773536
1965,21.527000,14.536000,3.773536
1966,20.532000,14.536000,3.773536
1967,21.262000,14.536000,3.773536
1968,23.294000,14.536000,3.773536
1969,21.262000,14.536000,3.773536
1970,17.374000,14.536000,3.773536
1971,17.379000,14.536000,3.773536
1972,14.536000,14.536000,3.773536
1973,21.636000,14.536000,3.773536
1974,21.636000,14.536000,3.773536
1975,21.568000,14.536000,3.773536
1976,21.636000,14.536000,3.773536
1977,21.568000,14.536000,3.773536
1978,22.207000,14.536000,3.773536
1979,23.681000,14.536000,3.773536
1980,22.344000,14.536000,3.773536
1981,23.027000,14.536000,3.773536
1982,21.183000,14.536000,3.773536
1983,20.312000,14.536000,3.773536
1984,22.173000,14.536000,3.773536
1985,23.524000,14.536000,3.773536
1986,25.458000,14.536000,3.773536
1987,25.073000,14.536000,3.773536
1988,21.663000,14.536000,3.773536
1989,21.465000,14.536000,3.773536
1990,20.767000,14.536000,3.773536
1991,25.566000,14.536000,3.773536
1992,25.566000,14.536000,3.773536
1993,23.367000,14.536000,3.773536
1994,23.483000,14.536000,3.773536
1995,24.069000,14.536000,3.773536
1996,22.376000,14.536000,3.773536
1997,22.376000,14.536000,3.773536
1998,20.767000,14.536000,3.773536
1999,19.995000,14.536000,3.773536
2000,19.995000,14.536000,3.773536
2001,19.995000,14.536000,3.584859
2002,21.230000,14.536000,3.584859
2003,22.185000,14.536000,3.584859
2004,21.018000,14.536000,3.584859
2005,21.018000,14.536000,3.584859
2006,20.562000,14.536000,3.584859
2007,20.573000,14.536000,3.584859
2008,20.562000,14.536000,3.584859
2009,20.562000,14.536000,3.584859
2010,20.562000,14.536000,3.584859
2011,20.562000,14.536000,3.584859
2012,20.562000,14.536000,3.584859
2013,21.018000,14.536000,3.584859
2014,23.367000,14.536000,3.584859
2015,21.018000,14.536000,3.584859
2016,19.995000,14.536000,3.584859
2017,19.995000,14.536000,3.584859
2018,19.995000,14.536000,3.584859
2019,19.995000,14.536000,3.584859
2020,19.995000,14.536000,3.584859
2021,21.230000,14.536000,3.584859
2022,22.207000,14.536000,3.584859
2023,22.207000,14.536000,3.584859
2024,22.207000,14.536000,3.584859
2025,23.554000,14.536000,3.584859
2026,21.761000,14.536000,3.584859
2027,19.921000,14.536000,3.584859
2028,16.684000,14.536000,3.584859
2029,20.767000,14.536000,3.584859
2030,20.767000,14.536000,3.584859
2031,18.923000,14.536000,3.584859
2032,19.308000,14.536000,3.584859
2033,19.308000,14.536000,3.584859
2034,19.308000,14.536000,3.584859
2035,19.308000,14.536000,3.584859
2036,19.607000,14.536000,3.584859
2037,19.607000,14.536000,3.584859
2038,19.607000,14.536000,3.584859
2039,22.344000,14.536000,3.584859
2040,21.161000,14.536000,3.584859
2041,16.684000,14.536000,3.584859
2042,16.684000,14.536000,3.584859
2043,23.952000,14.536000,3.584859
2044,23.385000,14.536000,3.584859
2045,21.465000,14.536000,3.584859
2046,23.074000,14.536000,3.584859
2047,23.074000,14.536000,3.584859
2048,21.465000,14.536000,3.584859
2049,21.465000,14.536000,3.584859
2050,21.161000,14.536000,3.584859
2051,22.770000,14.536000,3.584859
2052,21.296000,14.536000,3.584859
2053,21.761000,14.536000,3.584859
2054,22.347000,14.536000,3.584859
2055,23.304000,14.536000,3.584859
2056,22.987000,14.536000,3.584859
2057,21.734000,14.536000,3.584859
2058,19.995000,14.536000,3.584859
2059,23.953000,14.536000,3.584859
2060,23.640000,14.536000,3.584859
2061,23.953000,14.536000,3.584859
2062,23.953000,14.536000,3.584859
2063,23.074000,14.536000,3.584859
2064,21.465000,14.536000,3.584859
2065,21.465000,14.536000,3.584859
2066,21.663000,14.536000,3.584859
2067,19.921000,14.536000,3.584859
2068,19.921000,14.536000,3.584859
2069,21.598000,14.536000,3.584859
2070,23.768000,14.536000,3.584859
2071,23.768000,14.536000,3.584859
2072,19.618000,14.536000,3.584859
2073,20.573000,14.536000,3.584859
2074,20.573000,14.536000,3.584859
2075,21.734000,14.536000,3.584859
2076,20.573000,14.536000,3.584859
2077,21.636000,14.536000,3.584859
2078,14.536000,14.536000,3.584859
2079,14.536000,14.536000,3.584859
2080,14.536000,14.536000,3.584859
2081,14.536000,14.536000,3.584859
2082,17.379000,14.536000,3.584859
2083,14.536000,14.536000,3.584859
2084,22.650000,14.536000,3.584859
2085,24.335000,14.536000,3.584859
2086,23.294000,14.536000,3.584859
2087,23.554000,14.536000,3.584859
2088,22.613000,14.536000,3.584859
2089,22.613000,14.536000,3.584859
2090,24.606000,14.536000,3.584859
2091,17.270000,14.536000,3.584859
2092,17.270000,14.536000,3.584859
2093,17.270000,14.536000,3.584859
2094,17.270000,14.536000,3.584859
2095,15.122000,14.536000,3.584859
2096,15.122000,14.536000,3.584859
2097,15.122000,14.536000,3.584859
2098,15.122000,14.536000,3.584859
2099,15.122000,14.536000,3.584859
2100,15.122000,14.536000,3.584859
2101,15.122000,14.536000,3.405616
2102,19.056000,14.536000,3.405616
2103,19.056000,14.536000,3.405616
2104,19.056000,14.536000,3.405616
2105,18.329000,14.536000,3.405616
2106,20.871000,14.536000,3.405616
2107,20.871000,14.536000,3.405616
2108,20.871000,14.536000,3.405616
2109,20.871000,14.536000,3.405616
2110,16.684000,14.536000,3.405616
2111,14.536000,14.536000,3.405616
2112,14.536000,14.536000,3.405616
2113,14.536000,14.536000,3.405616
2114,18.923000,14.536000,3.405616
2115,18.923000,14.536000,3.405616
2116,21.161000,14.536000,3.405616
2117,21.161000,14.536000,3.405616
2118,18.923000,14.536000,3.405616
2119,18.923000,14.536000,3.405616
2120,18.923000,14.536000,3.405616
2121,14.536000,14.536000,3.405616
2122,14.536000,14.536000,3.405616
2123,15.122000,14.536000,3.405616
2124,15.122000,14.536000,3.405616
2125,15.122000,14.536000,3.405616
2126,15.122000,14.536000,3.405616
2127,17.270000,14.536000,3.405616
2128,16.684000,14.536000,3.405616
2129,16.684000,14.536000,3.405616
2130,16.684000,14.536000,3.405616
2131,16.684000,14.536000,3.405616
2132,16.684000,14.536000,3.405616
2133,16.684000,14.536000,3.405616
2134,16.684000,14.536000,3.405616
2135,16.684000,14.536000,3.405616
2136,16.684000,14.536000,3.405616
2137,16.684000,14.536000,3.405616
2138,23.342000,14.536000,3.405616
2139,21.568000,14.536000,3.405616
2140,25.458000,14.536000,3.405616
2141,24.956000,14.536000,3.405616
2142,23.294000,14.536000,3.405616
2143,21.734000,14.536000,3.405616
2144,19.995000,14.536000,3.405616
2145,21.734000,14.536000,3.405616
2146,19.995000,14.536000,3.405616
2147,19.607000,14.536000,3.405616
2148,19.995000,14.536000,3.405616
2149,21.262000,14.536000,3.405616
2150,20.941000,14.536000,3.405616
2151,21.527000,14.536000,3.405616
2152,19.308000,14.536000,3.405616
2153,18.329000,14.536000,3.405616
2154,20.871000,14.536000,3.405616
2155,16.684000,14.536000,3.405616
2156,20.562000,14.536000,3.405616
2157,20.562000,14.536000,3.405616
2158,19.921000,14.536000,3.405616
2159,17.379000,14.536000,3.405616
2160,17.379000,14.536000,3.405616
2161,17.379000,14.536000,3.405616
2162,14.536000,14.536000,3.405616
2163,14.536000,14.536000,3.405616
2164,14.536000,14.536000,3.405616
2165,14.536000,14.536000,3.405616
2166,14.536000,14.536000,3.405616
2167,14.536000,14.536000,3.405616
2168,14.536000,14.536000,3.405616
2169,21.465000,14.536000,3.405616
2170,24.595000,14.536000,3.405616
2171,24.479000,14.536000,3.405616
2172,23.128000,14.536000,3.405616
2173,18.329000,14.536000,3.405616
2174,18.329000,14.536000,3.405616
2175,19.308000,14.536000,3.405616
2176,19.607000,14.536000,3.405616
2177,21.018000,14.536000,3.405616
2178,25.701000,14.536000,3.405616
2179,24.678000,14.536000,3.405616
2180,23.913000,14.536000,3.405616
2181,24.479000,14.536000,3.405616
2182,24.479000,14.536000,3.405616
2183,23.128000,14.536000,3.405616
2184,18.329000,14.536000,3.405616
2185,18.329000,14.536000,3.405616
2186,18.329000,14.536000,3.405616
2187,18.329000,14.536000,3.405616
2188,19.056000,14.536000,3.405616
2189,18.329000,14.536000,3.405616
2190,17.374000,14.536000,3.405616
2191,19.995000,14.536000,3.405616
2192,19.995000,14.536000,3.405616
2193,21.734000,14.536000,3.405616
2194,22.387000,14.536000,3.405616
2195,24.463000,14.536000,3.405616
2196,24.976000,14.536000,3.405616
2197,23.554000,14.536000,3.405616
2198,24.976000,14.536000,3.405616
2199,20.562000,14.536000,3.405616
2200,20.562000,14.536000,3.405616
2201,20.562000,14.536000,3.235335
2202,20.331000,14.536000,3.235335
2203,24.956000,14.536000,3.235335
2204,20.331000,14.536000,3.235335
2205,21.568000,14.536000,3.235335
2206,19.056000,14.536000,3.235335
2207,19.056000,14.536000,3.235335
2208,18.329000,14.536000,3.235335
2209,18.329000,14.536000,3.235335
2210,19.308000,14.536000,3.235335
2211,19.308000,14.536000,3.235335
2212,19.618000,14.536000,3.235335
2213,19.308000,14.536000,3.235335
2214,19.607000,14.536000,3.235335
2215,19.607000,14.536000,3.235335
2216,20.562000,14.536000,3.235335
2217,20.562000,14.536000,3.235335
2218,20.573000,14.536000,3.235335
2219,20.573000,14.536000,3.235335
2220,21.734000,14.536000,3.235335
2221,20.573000,14.536000,3.235335
2222,21.262000,14.536000,3.235335
2223,25.412000,14.536000,3.235335
2224,19.916000,14.536000,3.235335
2225,21.296000,14.536000,3.235335
2226,22.139000,14.536000,3.235335
2227,22.185000,14.536000,3.235335
2228,22.185000,14.536000,3.235335
2229,22.185000,14.536000,3.235335
2230,23.342000,14.536000,3.235335
2231,26.481000,14.536000,3.235335
2232,24.723000,14.536000,3.235335
2233,24.463000,14.536000,3.235335
2234,22.613000,14.536000,3.235335
2235,22.613000,14.536000,3.235335
2236,20.871000,14.536000,3.235335
2237,16.684000,14.536000,3.235335
2238,17.270000,14.536000,3.235335
2239,17.270000,14.536000,3.235335
2240,17.270000,14.536000,3.235335
2241,16.684000,14.536000,3.235335
2242,16.684000,14.536000,3.235335
2243,16.684000,14.536000,3.235335
2244,16.684000,14.536000,3.235335
2245,16.684000,14.536000,3.235335
2246,16.684000,14.536000,3.235335
2247,17.270000,14.536000,3.235335
2248,17.270000,14.536000,3.235335
2249,16.684000,14.536000,3.235335
2250,16.684000,14.536000,3.235335
2251,16.684000,14.536000,3.235335
2252,16.684000,14.536000,3.235335
2253,14.536000,14.536000,3.235335
2254,14.536000,14.536000,3.235335
2255,14.536000,14.536000,3.235335
2256,14.536000,14.536000,3.235335
2257,14.536000,14.536000,3.235335
2258,14.536000,14.536000,3.235335
2259,14.536000,14.536000,3.235335
2260,14.536000,14.536000,3.235335
2261,14.536000,14.536000,3.235335
2262,14.536000,14.536000,3.235335
2263,18.923000,14.536000,3.235335
2264,18.923000,14.536000,3.235335
2265,20.767000,14.536000,3.235335
2266,24.678000,14.536000,3.235335
2267,24.533000,14.536000,3.235335
2268,21.465000,14.536000,3.235335
2269,21.663000,14.536000,3.235335
2270,23.768000,14.536000,3.235335
2271,24.723000,14.536000,3.235335
2272,20.573000,14.536000,3.235335
2273,22.944000,14.536000,3.235335
2274,21.837000,14.536000,3.235335
2275,21.837000,14.536000,3.235335
2276,21.262000,14.536000,3.235335
2277,21.262000,14.536000,3.235335
2278,23.294000,14.536000,3.235335
2279,19.916000,14.536000,3.235335
2280,17.374000,14.536000,3.235335
2281,17.374000,14.536000,3.235335
2282,23.683000,14.536000,3.235335
2283,23.683000,14.536000,3.235335
2284,20.273000,14.536000,3.235335
2285,20.273000,14.536000,3.235335
2286,22.207000,14.536000,3.235335
2287,22.207000,14.536000,3.235335
2288,22.207000,14.536000,3.235335
2289,20.273000,14.536000,3.235335
2290,19.308000,14.536000,3.235335
2291,19.618000,14.536000,3.235335
2292,22.757000,14.536000,3.235335
2293,22.919000,14.536000,3.235335
2294,27.018000,14.536000,3.235335
2295,23.294000,14.536000,3.235335
2296,22.599000,14.536000,3.235335
2297,22.770000,14.536000,3.235335
2298,21.296000,14.536000,3.235335
2299,21.296000,14.536000,3.235335
2300,21.296000,14.536000,3.235335
2301,21.761000,14.536000,3.073569
2302,19.921000,14.536000,3.073569
2303,19.916000,14.536000,3.073569
2304,19.916000,14.536000,3.073569
2305,20.871000,14.536000,3.073569
2306,19.916000,14.536000,3.073569
2307,23.524000,14.536000,3.073569
2308,23.180000,14.536000,3.073569
2309,21.527000,14.536000,3.073569
2310,19.308000,14.536000,3.073569
2311,20.331000,14.536000,3.073569
2312,20.562000,14.536000,3.073569
2313,19.995000,14.536000,3.073569
2314,19.995000,14.536000,3.073569
2315,19.995000,14.536000,3.073569
2316,19.607000,14.536000,3.073569
2317,17.270000,14.536000,3.073569
2318,17.270000,14.536000,3.073569
2319,17.270000,14.536000,3.073569
2320,17.270000,14.536000,3.073569
2321,17.270000,14.536000,3.073569
2322,17.270000,14.536000,3.073569
2323,17.270000,14.536000,3.073569
2324,17.270000,14.536000,3.073569
2325,17.270000,14.536000,3.073569
2326,17.270000,14.536000,3.073569
2327,17.270000,14.536000,3.073569
2328,22.387000,14.536000,3.073569
2329,21.230000,14.536000,3.073569
2330,23.997000,14.536000,3.073569
2331,25.458000,14.536000,3.073569
2332,22.387000,14.536000,3.073569
2333,22.387000,14.536000,3.073569
2334,24.463000,14.536000,3.073569
2335,24.463000,14.536000,3.073569
2336,19.618000,14.536000,3.073569
2337,19.618000,14.536000,3.073569
2338,21.734000,14.536000,3.073569
2339,19.916000,14.536000,3.073569
2340,17.374000,14.536000,3.073569
2341,15.122000,14.536000,3.073569
2342,15.122000,14.536000,3.073569
2343,15.122000,14.536000,3.073569
2344,15.122000,14.536000,3.073569
2345,15.122000,14.536000,3.073569
2346,14.536000,14.536000,3.073569
2347,14.536000,14.536000,3.073569
2348,14.536000,14.536000,3.073569
2349,15.122000,14.536000,3.073569
2350,15.122000,14.536000,3.073569
2351,19.056000,14.536000,3.073569
2352,19.056000,14.536000,3.073569
2353,19.056000,14.536000,3.073569
2354,21.598000,14.536000,3.073569
2355,17.270000,14.536000,3.073569
2356,17.270000,14.536000,3.073569
2357,22.139000,14.536000,3.073569
2358,22.139000,14.536000,3.073569
2359,21.296000,14.536000,3.073569
2360,22.139000,14.536000,3.073569
2361,22.139000,14.536000,3.073569
2362,22.139000,14.536000,3.073569
2363,19.607000,14.536000,3.073569
2364,19.607000,14.536000,3.073569
2365,19.607000,14.536000,3.073569
2366,19.607000,14.536000,3.073569
2367,24.420000,14.536000,3.073569
2368,23.683000,14.536000,3.073569
2369,21.296000,14.536000,3.073569
2370,20.273000,14.536000,3.073569
2371,19.916000,14.536000,3.073569
2372,19.916000,14.536000,3.073569
2373,19.916000,14.536000,3.073569
2374,19.916000,14.536000,3.073569
2375,17.270000,14.536000,3.073569
2376,17.270000,14.536000,3.073569
2377,17.270000,14.536000,3.073569
2378,17.270000,14.536000,3.073569
2379,22.376000,14.536000,3.073569
2380,20.532000,14.536000,3.073569
2381,18.923000,14.536000,3.073569
2382,20.767000,14.536000,3.073569
2383,20.767000,14.536000,3.073569
2384,20.767000,14.536000,3.073569
2385,21.465000,14.536000,3.073569
2386,21.161000,14.536000,3.073569
2387,21.161000,14.536000,3.073569
2388,22.344000,14.536000,3.073569
2389,22.344000,14.536000,3.073569
2390,22.344000,14.536000,3.073569
2391,20.312000,14.536000,3.073569
2392,20.312000,14.536000,3.073569
2393,20.312000,14.536000,3.073569
2394,21.663000,14.536000,3.073569
2395,21.663000,14.536000,3.073569
2396,20.312000,14.536000,3.073569
2397,18.923000,14.536000,3.073569
2398,14.536000,14.536000,3.073569
2399,14.536000,14.536000,3.073569
2400,17.379000,14.536000,3.073569
2401,17.379000,14.536000,2.919890
2402,17.379000,14.536000,2.919890
2403,17.379000,14.536000,2.919890
2404,20.312000,14.536000,2.919890
2405,22.944000,14.536000,2.919890
2406,23.128000,14.536000,2.919890
2407,24.479000,14.536000,2.919890
2408,23.524000,14.536000,2.919890
2409,24.069000,14.536000,2.919890
2410,23.304000,14.536000,2.919890
2411,21.663000,14.536000,2.919890
2412,23.768000,14.536000,2.919890
2413,24.956000,14.536000,2.919890
2414,20.767000,14.536000,2.919890
2415,20.767000,14.536000,2.919890
2416,19.995000,14.536000,2.919890
2417,23.248000,14.536000,2.919890
2418,22.185000,14.536000,2.919890
2419,22.185000,14.536000,2.919890
2420,25.020000,14.536000,2.919890
2421,25.020000,14.536000,2.919890
2422,26.494000,14.536000,2.919890
2423,26.682000,14.536000,2.919890
2424,24.606000,14.536000,2.919890
2425,24.335000,14.536000,2.919890
2426,24.335000,14.536000,2.919890
2427,17.374000,14.536000,2.919890
2428,17.374000,14.536000,2.919890
2429,17.379000,14.536000,2.919890
2430,17.379000,14.536000,2.919890
2431,20.312000,14.536000,2.919890
2432,18.923000,14.536000,2.919890
2433,20.767000,14.536000,2.919890
2434,22.376000,14.536000,2.919890
2435,22.376000,14.536000,2.919890
2436,20.532000,14.536000,2.919890
2437,22.944000,14.536000,2.919890
2438,20.532000,14.536000,2.919890
2439,20.532000,14.536000,2.919890
2440,21.527000,14.536000,2.919890
2441,19.056000,14.536000,2.919890
2442,19.056000,14.536000,2.919890
2443,17.379000,14.536000,2.919890
2444,17.379000,14.536000,2.919890
2445,14.536000,14.536000,2.919890
2446,14.536000,14.536000,2.919890
2447,14.536000,14.536000,2.919890
2448,14.536000,14.536000,2.919890
2449,14.536000,14.536000,2.919890
2450,14.536000,14.536000,2.919890
2451,17.379000,14.536000,2.919890
2452,17.374000,14.536000,2.919890
2453,20.331000,14.536000,2.919890
2454,20.331000,14.536000,2.919890
2455,20.941000,14.536000,2.919890
2456,21.183000,14.536000,2.919890
2457,21.262000,14.536000,2.919890
2458,21.262000,14.536000,2.919890
2459,21.262000,14.536000,2.919890
2460,20.573000,14.536000,2.919890
2461,20.573000,14.536000,2.919890
2462,22.944000,14.536000,2.919890
2463,20.532000,14.536000,2.919890
2464,20.532000,14.536000,2.919890
2465,22.376000,14.536000,2.919890
2466,20.532000,14.536000,2.919890
2467,22.944000,14.536000,2.919890
2468,21.837000,14.536000,2.919890
2469,21.262000,14.536000,2.919890
2470,20.573000,14.536000,2.919890
2471,19.618000,14.536000,2.919890
2472,19.618000,14.536000,2.919890
2473,19.618000,14.536000,2.919890
2474,19.618000,14.536000,2.919890
2475,19.056000,14.536000,2.919890
2476,19.056000,14.536000,2.919890
2477,19.056000,14.536000,2.919890
2478,18.329000,14.536000,2.919890
2479,18.329000,14.536000,2.919890
2480,18.329000,14.536000,2.919890
2481,18.329000,14.536000,2.919890
2482,19.056000,14.536000,2.919890
2483,19.056000,14.536000,2.919890
2484,19.618000,14.536000,2.919890
2485,20.573000,14.536000,2.919890
2486,20.331000,14.536000,2.919890
2487,17.374000,14.536000,2.919890
2488,20.331000,14.536000,2.919890
2489,22.987000,14.536000,2.919890
2490,24.723000,14.536000,2.919890
2491,19.921000,14.536000,2.919890
2492,16.684000,14.536000,2.919890
2493,16.684000,14.536000,2.919890
2494,17.270000,14.536000,2.919890
2495,17.270000,14.536000,2.919890
2496,17.270000,14.536000,2.919890
2497,15.122000,14.536000,2.919890
2498,15.122000,14.536000,2.919890
2499,15.122000,14.536000,2.919890
2500,15.122000,14.536000,2.919890
2501,15.122000,14.536000,2.773896
2502,15.122000,14.536000,2.773896
2503,17.374000,14.536000,2.773896
2504,21.262000,14.536000,2.773896
2505,25.412000,14.536000,2.773896
2506,25.412000,14.536000,2.773896
2507,26.682000,14.536000,2.773896
2508,24.420000,14.536000,2.773896
2509,24.295000,14.536000,2.773896
2510,24.295000,14.536000,2.773896
2511,24.295000,14.536000,2.773896
2512,22.376000,14.536000,2.773896
2513,26.017000,14.536000,2.773896
2514,24.295000,14.536000,2.773896
2515,21.663000,14.536000,2.773896
2516,21.663000,14.536000,2.773896
2517,21.663000,14.536000,2.773896
2518,23.524000,14.536000,2.773896
2519,23.180000,14.536000,2.773896
2520,23.180000,14.536000,2.773896
2521,22.919000,14.536000,2.773896
2522,22.387000,14.536000,2.773896
2523,21.734000,14.536000,2.773896
2524,22.987000,14.536000,2.773896
2525,21.734000,14.536000,2.773896
2526,21.734000,14.536000,2.773896
2527,21.734000,14.536000,2.773896
2528,24.069000,14.536000,2.773896
2529,22.376000,14.536000,2.773896
2530,17.270000,14.536000,2.773896
2531,17.270000,14.536000,2.773896
2532,17.270000,14.536000,2.773896
2533,17.270000,14.536000,2.773896
2534,17.270000,14.536000,2.773896
2535,16.684000,14.536000,2.773896
2536,16.684000,14.536000,2.773896
2537,16.684000,14.536000,2.773896
2538,16.684000,14.536000,2.773896
2539,16.684000,14.536000,2.773896
2540,16.684000,14.536000,2.773896
2541,23.027000,14.536000,2.773896
2542,16.684000,14.536000,2.773896
2543,16.684000,14.536000,2.773896
2544,16.684000,14.536000,2.773896
2545,16.684000,14.536000,2.773896
2546,16.684000,14.536000,2.773896
2547,14.536000,14.536000,2.773896
2548,14.536000,14.536000,2.773896
2549,14.536000,14.536000,2.773896
2550,14.536000,14.536000,2.773896
2551,14.536000,14.536000,2.773896
2552,22.185000,14.536000,2.773896
2553,21.018000,14.536000,2.773896
2554,22.757000,14.536000,2.773896
2555,22.919000,14.536000,2.773896
2556,22.650000,14.536000,2.773896
2557,18.923000,14.536000,2.773896
2558,20.767000,14.536000,2.773896
2559,16.684000,14.536000,2.773896
2560,16.684000,14.536000,2.773896
2561,14.536000,14.536000,2.773896
2562,14.536000,14.536000,2.773896
2563,14.536000,14.536000,2.773896
2564,14.536000,14.536000,2.773896
2565,14.536000,14.536000,2.773896
2566,14.536000,14.536000,2.773896
2567,14.536000,14.536000,2.773896
2568,14.536000,14.536000,2.773896
2569,16.684000,14.536000,2.773896
2570,16.684000,14.536000,2.773896
2571,17.270000,14.536000,2.773896
2572,19.916000,14.536000,2.773896
2573,19.921000,14.536000,2.773896
2574,22.207000,14.536000,2.773896
2575,19.921000,14.536000,2.773896
2576,22.344000,14.536000,2.773896
2577,22.344000,14.536000,2.773896
2578,20.312000,14.536000,2.773896
2579,17.379000,14.536000,2.773896
2580,20.941000,14.536000,2.773896
2581,25.566000,14.536000,2.773896
2582,19.921000,14.536000,2.773896
2583,19.921000,14.536000,2.773896
2584,21.761000,14.536000,2.773896
2585,24.148000,14.536000,2.773896
2586,23.683000,14.536000,2.773896
2587,19.995000,14.536000,2.773896
2588,19.995000,14.536000,2.773896
2589,19.607000,14.536000,2.773896
2590,25.331000,14.536000,2.773896
2591,23.768000,14.536000,2.773896
2592,23.768000,14.536000,2.773896
2593,21.663000,14.536000,2.773896
2594,21.663000,14.536000,2.773896
2595,21.465000,14.536000,2.773896
2596,21.465000,14.536000,2.773896
2597,21.465000,14.536000,2.773896
2598,23.074000,14.536000,2.773896
2599,23.953000,14.536000,2.773896
2600,23.074000,14.536000,2.773896
2601,22.613000,14.536000,2.635201
2602,21.230000,14.536000,2.635201
2603,23.180000,14.536000,2.635201
2604,21.018000,14.536000,2.635201
2605,19.995000,14.536000,2.635201
2606,23.248000,14.536000,2.635201
2607,22.987000,14.536000,2.635201
2608,22.919000,14.536000,2.635201
2609,22.919000,14.536000,2.635201
2610,23.768000,14.536000,2.635201
2611,24.463000,14.536000,2.635201
2612,22.387000,14.536000,2.635201
2613,24.885000,14.536000,2.635201
2614,18.923000,14.536000,2.635201
2615,18.923000,14.536000,2.635201
2616,18.923000,14.536000,2.635201
2617,14.536000,14.536000,2.635201
2618,14.536000,14.536000,2.635201
2619,14.536000,14.536000,2.635201
2620,14.536000,14.536000,2.635201
2621,14.536000,14.536000,2.635201
2622,14.536000,14.536000,2.635201
2623,18.923000,14.536000,2.635201
2624,21.161000,14.536000,2.635201
2625,21.161000,14.536000,2.635201
2626,21.161000,14.536000,2.635201
2627,18.923000,14.536000,2.635201
2628,18.923000,14.536000,2.635201
2629,18.923000,14.536000,2.635201
2630,18.923000,14.536000,2.635201
2631,18.923000,14.536000,2.635201
2632,20.767000,14.536000,2.635201
2633,25.566000,14.536000,2.635201
2634,20.941000,14.536000,2.635201
2635,23.027000,14.536000,2.635201
2636,22.139000,14.536000,2.635201
2637,22.139000,14.536000,2.635201
2638,22.207000,14.536000,2.635201
2639,22.207000,14.536000,2.635201
2640,22.139000,14.536000,2.635201
2641,19.607000,14.536000,2.635201
2642,19.607000,14.536000,2.635201
2643,20.562000,14.536000,2.635201
2644,20.562000,14.536000,2.635201
2645,20.562000,14.536000,2.635201
2646,22.207000,14.536000,2.635201
2647,25.020000,14.536000,2.635201
2648,23.683000,14.536000,2.635201
2649,21.018000,14.536000,2.635201
2650,23.180000,14.536000,2.635201
2651,23.952000,14.536000,2.635201
2652,23.952000,14.536000,2.635201
2653,22.650000,14.536000,2.635201
2654,23.483000,14.536000,2.635201
2655,22.757000,14.536000,2.635201
2656,22.757000,14.536000,2.635201
2657,23.342000,14.536000,2.635201
2658,22.757000,14.536000,2.635201
2659,22.757000,14.536000,2.635201
2660,22.919000,14.536000,2.635201
2661,23.768000,14.536000,2.635201
2662,23.768000,14.536000,2.635201
2663,21.663000,14.536000,2.635201
2664,21.663000,14.536000,2.635201
2665,23.524000,14.536000,2.635201
2666,23.524000,14.536000,2.635201
2667,22.173000,14.536000,2.635201
2668,21.262000,14.536000,2.635201
2669,21.527000,14.536000,2.635201
2670,20.532000,14.536000,2.635201
2671,20.532000,14.536000,2.635201
2672,20.532000,14.536000,2.635201
2673,20.532000,14.536000,2.635201
2674,20.532000,14.536000,2.635201
2675,20.532000,14.536000,2.635201
2676,20.532000,14.536000,2.635201
2677,21.527000,14.536000,2.635201
2678,21.527000,14.536000,2.635201
2679,20.941000,14.536000,2.635201
2680,17.379000,14.536000,2.635201
2681,24.148000,14.536000,2.635201
2682,25.757000,14.536000,2.635201
2683,27.175000,14.536000,2.635201
2684,24.976000,14.536000,2.635201
2685,22.770000,14.536000,2.635201
2686,17.270000,14.536000,2.635201
2687,15.122000,14.536000,2.635201
2688,15.122000,14.536000,2.635201
2689,15.122000,14.536000,2.635201
2690,23.997000,14.536000,2.635201
2691,25.458000,14.536000,2.635201
2692,25.073000,14.536000,2.635201
2693,24.885000,14.536000,2.635201
2694,24.463000,14.536000,2.635201
2695,23.768000,14.536000,2.635201
2696,23.768000,14.536000,2.635201
2697,19.618000,14.536000,2.635201
2698,19.607000,14.536000,2.635201
2699,21.018000,14.536000,2.635201
2700,19.995000,14.536000,2.635201
2701,19.995000,14.536000,2.503441
2702,20.562000,14.536000,2.503441
2703,19.995000,14.536000,2.503441
2704,19.995000,14.536000,2.503441
2705,19.995000,14.536000,2.503441
2706,19.995000,14.536000,2.503441
2707,19.995000,14.536000,2.503441
2708,17.374000,14.536000,2.503441
2709,15.122000,14.536000,2.503441
2710,15.122000,14.536000,2.503441
2711,20.532000,14.536000,2.503441
2712,22.770000,14.536000,2.503441
2713,17.270000,14.536000,2.503441
2714,17.270000,14.536000,2.503441
2715,17.270000,14.536000,2.503441
2716,16.684000,14.536000,2.503441
2717,16.684000,14.536000,2.503441
2718,16.684000,14.536000,2.503441
2719,16.684000,14.536000,2.503441
2720,17.270000,14.536000,2.503441
2721,17.270000,14.536000,2.503441
2722,17.270000,14.536000,2.503441
2723,17.270000,14.536000,2.503441
2724,16.684000,14.536000,2.503441
2725,16.684000,14.536000,2.503441
2726,16.684000,14.536000,2.503441
2727,21.161000,14.536000,2.503441
2728,16.684000,14.536000,2.503441
2729,16.684000,14.536000,2.503441
2730,16.684000,14.536000,2.503441
2731,14.536000,14.536000,2.503441
2732,14.536000,14.536000,2.503441
2733,14.536000,14.536000,2.503441
2734,15.122000,14.536000,2.503441
2735,17.374000,14.536000,2.503441
2736,17.379000,14.536000,2.503441
2737,17.379000,14.536000,2.503441
2738,17.379000,14.536000,2.503441
2739,17.379000,14.536000,2.503441
2740,14.536000,14.536000,2.503441
2741,14.536000,14.536000,2.503441
2742,14.536000,14.536000,2.503441
2743,17.379000,14.536000,2.503441
2744,17.379000,14.536000,2.503441
2745,17.379000,14.536000,2.503441
2746,17.379000,14.536000,2.503441
2747,19.921000,14.536000,2.503441
2748,17.379000,14.536000,2.503441
2749,20.941000,14.536000,2.503441
2750,20.941000,14.536000,2.503441
2751,23.952000,14.536000,2.503441
2752,20.941000,14.536000,2.503441
2753,20.331000,14.536000,2.503441
2754,18.329000,14.536000,2.503441
2755,20.871000,14.536000,2.503441
2756,21.598000,14.536000,2.503441
2757,19.607000,14.536000,2.503441
2758,22.139000,14.536000,2.503441
2759,23.997000,14.536000,2.503441
2760,23.683000,14.536000,2.503441
2761,21.296000,14.536000,2.503441
2762,23.248000,14.536000,2.503441
2763,22.987000,14.536000,2.503441
2764,20.331000,14.536000,2.503441
2765,20.331000,14.536000,2.503441
2766,20.573000,14.536000,2.503441
2767,17.379000,14.536000,2.503441
2768,17.374000,14.536000,2.503441
2769,21.262000,14.536000,2.503441
2770,21.262000,14.536000,2.503441
2771,18.329000,14.536000,2.503441
2772,20.871000,14.536000,2.503441
2773,23.554000,14.536000,2.503441
2774,22.207000,14.536000,2.503441
2775,21.636000,14.536000,2.503441
2776,21.568000,14.536000,2.503441
2777,21.183000,14.536000,2.503441
2778,21.761000,14.536000,2.503441
2779,20.941000,14.536000,2.503441
2780,21.183000,14.536000,2.503441
2781,21.262000,14.536000,2.503441
2782,19.618000,14.536000,2.503441
2783,19.618000,14.536000,2.503441
2784,19.607000,14.536000,2.503441
2785,22.344000,14.536000,2.503441
2786,19.921000,14.536000,2.503441
2787,19.916000,14.536000,2.503441
2788,19.916000,14.536000,2.503441
2789,19.916000,14.536000,2.503441
2790,21.734000,14.536000,2.503441
2791,22.757000,14.536000,2.503441
2792,22.757000,14.536000,2.503441
2793,22.919000,14.536000,2.503441
2794,22.987000,14.536000,2.503441
2795,21.734000,14.536000,2.503441
2796,21.734000,14.536000,2.503441
2797,21.734000,14.536000,2.503441
2798,21.734000,14.536000,2.503441
2799,22.987000,14.536000,2.503441
2800,23.248000,14.536000,2.503441
2801,23.913000,14.536000,2.378269
2802,23.913000,14.536000,2.378269
2803,20.273000,14.536000,2.378269
2804,19.607000,14.536000,2.378269
2805,20.562000,14.536000,2.378269
2806,20.562000,14.536000,2.378269
2807,21.296000,14.536000,2.378269
2808,21.296000,14.536000,2.378269
2809,21.296000,14.536000,2.378269
2810,21.296000,14.536000,2.378269
2811,22.139000,14.536000,2.378269
2812,21.636000,14.536000,2.378269
2813,20.573000,14.536000,2.378269
2814,21.296000,14.536000,2.378269
2815,20.562000,14.536000,2.378269
2816,16.684000,14.536000,2.378269
2817,19.921000,14.536000,2.378269
2818,23.367000,14.536000,2.378269
2819,24.595000,14.536000,2.378269
2820,23.524000,14.536000,2.378269
2821,24.069000,14.536000,2.378269
2822,24.069000,14.536000,2.378269
2823,23.367000,14.536000,2.378269
2824,24.595000,14.536000,2.378269
2825,27.018000,14.536000,2.378269
2826,26.286000,14.536000,2.378269
2827,26.017000,14.536000,2.378269
2828,24.606000,14.536000,2.378269
2829,24.335000,14.536000,2.378269
2830,24.335000,14.536000,2.378269
2831,23.342000,14.536000,2.378269
2832,24.463000,14.536000,2.378269
2833,24.956000,14.536000,2.378269
2834,22.376000,14.536000,2.378269
2835,22.376000,14.536000,2.378269
2836,22.376000,14.536000,2.378269
2837,22.376000,14.536000,2.378269
2838,23.074000,14.536000,2.378269
2839,24.295000,14.536000,2.378269
2840,24.479000,14.536000,2.378269
2841,20.871000,14.536000,2.378269
2842,20.871000,14.536000,2.378269
2843,24.479000,14.536000,2.378269
2844,23.913000,14.536000,2.378269
2845,23.913000,14.536000,2.378269
2846,23.913000,14.536000,2.378269
2847,24.420000,14.536000,2.378269
2848,24.420000,14.536000,2.378269
2849,24.420000,14.536000,2.378269
2850,23.683000,14.536000,2.378269
2851,23.683000,14.536000,2.378269
2852,23.683000,14.536000,2.378269
2853,21.262000,14.536000,2.378269
2854,21.262000,14.536000,2.378269
2855,21.527000,14.536000,2.378269
2856,21.527000,14.536000,2.378269
2857,20.941000,14.536000,2.378269
2858,20.941000,14.536000,2.378269
2859,20.941000,14.536000,2.378269
2860,20.331000,14.536000,2.378269
2861,20.532000,14.536000,2.378269
2862,20.532000,14.536000,2.378269
2863,21.527000,14.536000,2.378269
2864,21.837000,14.536000,2.378269
2865,23.997000,14.536000,2.378269
2866,23.640000,14.536000,2.378269
2867,23.524000,14.536000,2.378269
2868,23.524000,14.536000,2.378269
2869,21.663000,14.536000,2.378269
2870,23.768000,14.536000,2.378269
2871,21.663000,14.536000,2.378269
2872,23.304000,14.536000,2.378269
2873,24.069000,14.536000,2.378269
2874,23.953000,14.536000,2.378269
2875,23.953000,14.536000,2.378269
2876,23.953000,14.536000,2.378269
2877,19.995000,14.536000,2.378269
2878,21.262000,14.536000,2.378269
2879,21.262000,14.536000,2.378269
2880,23.294000,14.536000,2.378269
2881,23.294000,14.536000,2.378269
2882,21.161000,14.536000,2.378269
2883,22.344000,14.536000,2.378269
2884,23.385000,14.536000,2.378269
2885,17.379000,14.536000,2.378269
2886,17.379000,14.536000,2.378269
2887,17.379000,14.536000,2.378269
2888,19.056000,14.536000,2.378269
2889,19.056000,14.536000,2.378269
2890,23.180000,14.536000,2.378269
2891,19.056000,14.536000,2.378269
2892,19.056000,14.536000,2.378269
2893,19.056000,14.536000,2.378269
2894,15.122000,14.536000,2.378269
2895,15.122000,14.536000,2.378269
2896,15.122000,14.536000,2.378269
2897,15.122000,14.536000,2.378269
2898,14.536000,14.536000,2.378269
2899,14.536000,14.536000,2.378269
2900,14.536000,14.536000,2.378269
2901,14.536000,14.536000,2.259355
2902,14.536000,14.536000,2.259355
2903,14.536000,14.536000,2.259355
2904,14.536000,14.536000,2.259355
2905,14.536000,14.536000,2.259355
2906,14.536000,14.536000,2.259355
2907,14.536000,14.536000,2.259355
2908,15.122000,14.536000,2.259355
2909,14.536000,14.536000,2.259355
2910,15.122000,14.536000,2.259355
2911,15.122000,14.536000,2.259355
2912,17.374000,14.536000,2.259355
2913,17.374000,14.536000,2.259355
2914,17.374000,14.536000,2.259355
2915,17.374000,14.536000,2.259355
2916,17.374000,14.536000,2.259355
2917,17.374000,14.536000,2.259355
2918,17.374000,14.536000,2.259355
2919,19.995000,14.536000,2.259355
2920,19.995000,14.536000,2.259355
2921,19.995000,14.536000,2.259355
2922,21.018000,14.536000,2.259355
2923,21.018000,14.536000,2.259355
2924,22.185000,14.536000,2.259355
2925,22.185000,14.536000,2.259355
2926,21.018000,14.536000,2.259355
2927,21.018000,14.536000,2.259355
2928,18.329000,14.536000,2.259355
2929,18.329000,14.536000,2.259355
2930,24.595000,14.536000,2.259355
2931,23.524000,14.536000,2.259355
2932,21.663000,14.536000,2.259355
2933,21.663000,14.536000,2.259355
2934,21.663000,14.536000,2.259355
2935,21.663000,14.536000,2.259355
2936,21.663000,14.536000,2.259355
2937,21.663000,14.536000,2.259355
2938,20.767000,14.536000,2.259355
2939,22.376000,14.536000,2.259355
2940,24.069000,14.536000,2.259355
2941,23.304000,14.536000,2.259355
2942,22.347000,14.536000,2.259355
2943,21.761000,14.536000,2.259355
2944,21.296000,14.536000,2.259355
2945,22.770000,14.536000,2.259355
2946,24.463000,14.536000,2.259355
2947,23.768000,14.536000,2.259355
2948,24.533000,14.536000,2.259355
2949,21.636000,14.536000,2.259355
2950,17.379000,14.536000,2.259355
2951,17.379000,14.536000,2.259355
2952,17.379000,14.536000,2.259355
2953,14.536000,14.536000,2.259355
2954,14.536000,14.536000,2.259355
2955,14.536000,14.536000,2.259355
2956,15.122000,14.536000,2.259355
2957,15.122000,14.536000,2.259355
2958,15.122000,14.536000,2.259355
2959,15.122000,14.536000,2.259355
2960,15.122000,14.536000,2.259355
2961,15.122000,14.536000,2.259355
2962,15.122000,14.536000,2.259355
2963,15.122000,14.536000,2.259355
2964,15.122000,14.536000,2.259355
2965,15.122000,14.536000,2.259355
2966,15.122000,14.536000,2.259355
2967,15.122000,14.536000,2.259355
2968,15.122000,14.536000,2.259355
2969,15.122000,14.536000,2.259355
2970,15.122000,14.536000,2.259355
2971,15.122000,14.536000,2.259355
2972,14.536000,14.536000,2.259355
2973,14.536000,14.536000,2.259355
2974,14.536000,14.536000,2.259355
2975,14.536000,14.536000,2.259355
2976,14.536000,14.536000,2.259355
2977,14.536000,14.536000,2.259355
2978,14.536000,14.536000,2.259355
2979,14.536000,14.536000,2.259355
2980,14.536000,14.536000,2.259355
2981,14.536000,14.536000,2.259355
2982,14.536000,14.536000,2.259355
2983,18.329000,14.536000,2.259355
2984,18.329000,14.536000,2.259355
2985,21.262000,14.536000,2.259355
2986,21.262000,14.536000,2.259355
2987,21.262000,14.536000,2.259355
2988,21.262000,14.536000,2.259355
2989,19.618000,14.536000,2.259355
2990,20.573000,14.536000,2.259355
2991,20.573000,14.536000,2.259355
2992,20.573000,14.536000,2.259355
2993,20.573000,14.536000,2.259355
2994,21.262000,14.536000,2.259355
2995,18.923000,14.536000,2.259355
2996,18.923000,14.536000,2.259355
2997,20.532000,14.536000,2.259355
2998,20.331000,14.536000,2.259355
2999,21.568000,14.536000,2.259355
3000,21.183000,14.536000,2.259355
3001,20.312000,14.536000,2.146388
3002,21.837000,14.536000,2.146388
3003,22.944000,14.536000,2.146388
3004,24.976000,14.536000,2.146388
3005,20.562000,14.536000,2.146388
3006,20.562000,14.536000,2.146388
3007,20.562000,14.536000,2.146388
3008,20.562000,14.536000,2.146388
3009,20.573000,14.536000,2.146388
3010,20.573000,14.536000,2.146388
3011,19.618000,14.536000,2.146388
3012,19.618000,14.536000,2.146388
3013,19.618000,14.536000,2.146388
3014,19.618000,14.536000,2.146388
3015,19.618000,14.536000,2.146388
3016,19.618000,14.536000,2.146388
3017,19.618000,14.536000,2.146388
3018,19.618000,14.536000,2.146388
3019,19.618000,14.536000,2.146388
3020,19.618000,14.536000,2.146388
3021,19.056000,14.536000,2.146388
3022,21.568000,14.536000,2.146388
3023,21.636000,14.536000,2.146388
3024,17.379000,14.536000,2.146388
3025,20.573000,14.536000,2.146388
3026,20.331000,14.536000,2.146388
3027,20.331000,14.536000,2.146388
3028,18.329000,14.536000,2.146388
3029,18.329000,14.536000,2.146388
3030,17.374000,14.536000,2.146388
3031,18.329000,14.536000,2.146388
3032,20.871000,14.536000,2.146388
3033,21.598000,14.536000,2.146388
3034,19.056000,14.536000,2.146388
3035,19.056000,14.536000,2.146388
3036,19.056000,14.536000,2.146388
3037,18.329000,14.536000,2.146388
3038,18.329000,14.536000,2.146388
3039,18.329000,14.536000,2.146388
3040,14.536000,14.536000,2.146388
3041,15.122000,14.536000,2.146388
3042,15.122000,14.536000,2.146388
3043,15.122000,14.536000,2.146388
3044,15.122000,14.536000,2.146388
3045,17.374000,14.536000,2.146388
3046,17.374000,14.536000,2.146388
3047,17.374000,14.536000,2.146388
3048,17.374000,14.536000,2.146388
3049,17.374000,14.536000,2.146388
3050,18.329000,14.536000,2.146388
3051,18.329000,14.536000,2.146388
3052,18.329000,14.536000,2.146388
3053,18.329000,14.536000,2.146388
3054,20.871000,14.536000,2.146388
3055,21.598000,14.536000,2.146388
3056,22.919000,14.536000,2.146388
3057,21.598000,14.536000,2.146388
3058,21.598000,14.536000,2.146388
3059,17.270000,14.536000,2.146388
3060,17.270000,14.536000,2.146388
3061,17.270000,14.536000,2.146388
3062,15.122000,14.536000,2.146388
3063,15.122000,14.536000,2.146388
3064,15.122000,14.536000,2.146388
3065,15.122000,14.536000,2.146388
3066,15.122000,14.536000,2.146388
3067,15.122000,14.536000,2.146388
3068,17.270000,14.536000,2.146388
3069,17.270000,14.536000,2.146388
3070,17.270000,14.536000,2.146388
3071,19.607000,14.536000,2.146388
3072,19.607000,14.536000,2.146388
3073,19.607000,14.536000,2.146388
3074,19.607000,14.536000,2.146388
3075,19.607000,14.536000,2.146388
3076,19.607000,14.536000,2.146388
3077,19.607000,14.536000,2.146388
3078,19.607000,14.536000,2.146388
3079,19.607000,14.536000,2.146388
3080,21.018000,14.536000,2.146388
3081,21.018000,14.536000,2.146388
3082,20.562000,14.536000,2.146388
3083,20.562000,14.536000,2.146388
3084,16.684000,14.536000,2.146388
3085,16.684000,14.536000,2.146388
3086,16.684000,14.536000,2.146388
3087,16.684000,14.536000,2.146388
3088,16.684000,14.536000,2.146388
3089,16.684000,14.536000,2.146388
3090,16.684000,14.536000,2.146388
3091,17.270000,14.536000,2.146388
3092,16.684000,14.536000,2.146388
3093,16.684000,14.536000,2.146388
3094,16.684000,14.536000,2.146388
3095,16.684000,14.536000,2.146388
3096,16.684000,14.536000,2.146388
3097,14.536000,14.536000,2.146388
3098,14.536000,14.536000,2.146388
3099,14.536000,14.536000,2.146388
3100,15.122000,14.536000,2.146388
3101,15.122000,14.536000,2.039068
3102,15.122000,14.536000,2.039068
3103,15.122000,14.536000,2.039068
3104,15.122000,14.536000,2.039068
3105,15.122000,14.536000,2.039068
3106,15.122000,14.536000,2.039068
3107,15.122000,14.536000,2.039068
3108,15.122000,14.536000,2.039068
3109,15.122000,14.536000,2.039068
3110,14.536000,14.536000,2.039068
3111,14.536000,14.536000,2.039068
3112,18.923000,14.536000,2.039068
3113,18.923000,14.536000,2.039068
3114,18.923000,14.536000,2.039068
3115,18.923000,14.536000,2.039068
3116,21.161000,14.536000,2.039068
3117,18.923000,14.536000,2.039068
3118,18.923000,14.536000,2.039068
3119,21.161000,14.536000,2.039068
3120,21.161000,14.536000,2.039068
3121,21.161000,14.536000,2.039068
3122,24.463000,14.536000,2.039068
3123,24.463000,14.536000,2.039068
3124,24.463000,14.536000,2.039068
3125,24.533000,14.536000,2.039068
3126,21.636000,14.536000,2.039068
3127,21.636000,14.536000,2.039068
3128,19.308000,14.536000,2.039068
3129,19.308000,14.536000,2.039068
3130,19.308000,14.536000,2.039068
3131,19.308000,14.536000,2.039068
3132,19.308000,14.536000,2.039068
3133,19.308000,14.536000,2.039068
3134,19.308000,14.536000,2.039068
3135,21.527000,14.536000,2.039068
3136,21.527000,14.536000,2.039068
3137,21.527000,14.536000,2.039068
3138,21.527000,14.536000,2.039068
3139,21.837000,14.536000,2.039068
3140,21.837000,14.536000,2.039068
3141,21.527000,14.536000,2.039068
3142,20.941000,14.536000,2.039068
3143,23.128000,14.536000,2.039068
3144,18.329000,14.536000,2.039068
3145,17.374000,14.536000,2.039068
3146,18.329000,14.536000,2.039068
3147,18.329000,14.536000,2.039068
3148,18.329000,14.536000,2.039068
3149,17.374000,14.536000,2.039068
3150,17.374000,14.536000,2.039068
3151,19.916000,14.536000,2.039068
3152,19.916000,14.536000,2.039068
3153,19.916000,14.536000,2.039068
3154,19.916000,14.536000,2.039068
3155,19.916000,14.536000,2.039068
3156,19.916000,14.536000,2.039068
3157,17.374000,14.536000,2.039068
3158,17.374000,14.536000,2.039068
3159,17.374000,14.536000,2.039068
3160,17.379000,14.536000,2.039068
3161,17.379000,14.536000,2.039068
3162,17.374000,14.536000,2.039068
3163,17.374000,14.536000,2.039068
3164,17.379000,14.536000,2.039068
3165,17.379000,14.536000,2.039068
3166,17.379000,14.536000,2.039068
3167,17.379000,14.536000,2.039068
3168,17.379000,14.536000,2.039068
3169,14.536000,14.536000,2.039068
3170,21.183000,14.536000,2.039068
3171,21.837000,14.536000,2.039068
3172,21.183000,14.536000,2.039068
3173,21.183000,14.536000,2.039068
3174,21.262000,14.536000,2.039068
3175,22.613000,14.536000,2.039068
3176,22.613000,14.536000,2.039068
3177,22.613000,14.536000,2.039068
3178,22.613000,14.536000,2.039068
3179,22.613000,14.536000,2.039068
3180,20.871000,14.536000,2.039068
3181,20.273000,14.536000,2.039068
3182,21.161000,14.536000,2.039068
3183,21.161000,14.536000,2.039068
3184,22.344000,14.536000,2.039068
3185,23.027000,14.536000,2.039068
3186,16.684000,14.536000,2.039068
3187,16.684000,14.536000,2.039068
3188,16.684000,14.536000,2.039068
3189,16.684000,14.536000,2.039068
3190,16.684000,14.536000,2.039068
3191,16.684000,14.536000,2.039068
3192,17.270000,14.536000,2.039068
3193,16.684000,14.536000,2.039068
3194,16.684000,14.536000,2.039068
3195,17.270000,14.536000,2.039068
3196,19.916000,14.536000,2.039068
3197,19.921000,14.536000,2.039068
3198,17.379000,14.536000,2.039068
3199,19.056000,14.536000,2.039068
3200,19.056000,14.536000,2.039068
3201,19.056000,14.536000,1.937115
3202,17.379000,14.536000,1.937115
3203,14.536000,14.536000,1.937115
3204,14.536000,14.536000,1.937115
3205,14.536000,14.536000,1.937115
3206,14.536000,14.536000,1.937115
3207,15.122000,14.536000,1.937115
3208,15.122000,14.536000,1.937115
3209,14.536000,14.536000,1.937115
3210,14.536000,14.536000,1.937115
3211,15.122000,14.536000,1.937115
3212,15.122000,14.536000,1.937115
3213,15.122000,14.536000,1.937115
3214,14.536000,14.536000,1.937115
3215,14.536000,14.536000,1.937115
3216,14.536000,14.536000,1.937115
3217,14.536000,14.536000,1.937115
3218,17.379000,14.536000,1.937115
3219,17.379000,14.536000,1.937115
3220,17.374000,14.536000,1.937115
3221,15.122000,14.536000,1.937115
3222,21.837000,14.536000,1.937115
3223,21.527000,14.536000,1.937115
3224,20.532000,14.536000,1.937115
3225,22.173000,14.536000,1.937115
3226,22.173000,14.536000,1.937115
3227,20.312000,14.536000,1.937115
3228,20.312000,14.536000,1.937115
3229,19.618000,14.536000,1.937115
3230,21.568000,14.536000,1.937115
3231,19.056000,14.536000,1.937115
3232,15.122000,14.536000,1.937115
3233,15.122000,14.536000,1.937115
3234,15.122000,14.536000,1.937115
3235,15.122000,14.536000,1.937115
3236,15.122000,14.536000,1.937115
3237,15.122000,14.536000,1.937115
3238,15.122000,14.536000,1.937115
3239,15.122000,14.536000,1.937115
3240,15.122000,14.536000,1.937115
3241,15.122000,14.536000,1.937115
3242,15.122000,14.536000,1.937115
3243,15.122000,14.536000,1.937115
3244,15.122000,14.536000,1.937115
3245,14.536000,14.536000,1.937115
3246,14.536000,14.536000,1.937115
3247,14.536000,14.536000,1.937115
3248,17.379000,14.536000,1.937115
3249,17.379000,14.536000,1.937115
3250,17.374000,14.536000,1.937115
3251,17.374000,14.536000,1.937115
3252,17.374000,14.536000,1.937115
3253,17.374000,14.536000,1.937115
3254,17.379000,14.536000,1.937115
3255,17.379000,14.536000,1.937115
3256,17.379000,14.536000,1.937115
3257,17.379000,14.536000,1.937115
3258,17.379000,14.536000,1.937115
3259,17.379000,14.536000,1.937115
3260,17.379000,14.536000,1.937115
3261,17.379000,14.536000,1.937115
3262,17.379000,14.536000,1.937115
3263,17.379000,14.536000,1.937115
3264,17.374000,14.536000,1.937115
3265,17.374000,14.536000,1.937115
3266,17.374000,14.536000,1.937115
3267,17.374000,14.536000,1.937115
3268,17.374000,14.536000,1.937115
3269,17.374000,14.536000,1.937115
3270,17.374000,14.536000,1.937115
3271,18.329000,14.536000,1.937115
3272,18.329000,14.536000,1.937115
3273,18.329000,14.536000,1.937115
3274,18.329000,14.536000,1.937115
3275,17.374000,14.536000,1.937115
3276,15.122000,14.536000,1.937115
3277,15.122000,14.536000,1.937115
3278,15.122000,14.536000,1.937115
3279,15.122000,14.536000,1.937115
3280,14.536000,14.536000,1.937115
3281,14.536000,14.536000,1.937115
3282,14.536000,14.536000,1.937115
3283,14.536000,14.536000,1.937115
3284,14.536000,14.536000,1.937115
3285,14.536000,14.536000,1.937115
3286,14.536000,14.536000,1.937115
3287,14.536000,14.536000,1.937115
3288,14.536000,14.536000,1.937115
3289,14.536000,14.536000,1.937115
3290,14.536000,14.536000,1.937115
3291,14.536000,14.536000,1.937115
3292,14.536000,14.536000,1.937115
3293,14.536000,14.536000,1.937115
3294,14.536000,14.536000,1.937115
3295,14.536000,14.536000,1.937115
3296,14.536000,14.536000,1.937115
3297,14.536000,14.536000,1.937115
3298,14.536000,14.536000,1.937115
3299,18.329000,14.536000,1.937115
3300,18.329000,14.536000,1.937115
3301,19.308000,14.536000,1.840259
3302,19.308000,14.536000,1.840259
3303,19.308000,14.536000,1.840259
3304,19.308000,14.536000,1.840259
3305,18.329000,14.536000,1.840259
3306,18.329000,14.536000,1.840259
3307,18.329000,14.536000,1.840259
3308,18.329000,14.536000,1.840259
3309,18.329000,14.536000,1.840259
3310,14.536000,14.536000,1.840259
3311,14.536000,14.536000,1.840259
3312,14.536000,14.536000,1.840259
3313,14.536000,14.536000,1.840259
3314,14.536000,14.536000,1.840259
3315,14.536000,14.536000,1.840259
3316,14.536000,14.536000,1.840259
3317,14.536000,14.536000,1.840259
3318,17.379000,14.536000,1.840259
3319,17.379000,14.536000,1.840259
3320,20.312000,14.536000,1.840259
3321,20.312000,14.536000,1.840259
3322,20.312000,14.536000,1.840259
3323,17.379000,14.536000,1.840259
3324,14.536000,14.536000,1.840259
3325,14.536000,14.536000,1.840259
3326,14.536000,14.536000,1.840259
3327,14.536000,14.536000,1.840259
3328,14.536000,14.536000,1.840259
3329,17.379000,14.536000,1.840259
3330,17.379000,14.536000,1.840259
3331,17.379000,14.536000,1.840259
3332,17.379000,14.536000,1.840259
3333,17.379000,14.536000,1.840259
3334,14.536000,14.536000,1.840259
3335,14.536000,14.536000,1.840259
3336,14.536000,14.536000,1.840259
3337,14.536000,14.536000,1.840259
3338,14.536000,14.536000,1.840259
3339,14.536000,14.536000,1.840259
3340,14.536000,14.536000,1.840259
3341,14.536000,14.536000,1.840259
3342,14.536000,14.536000,1.840259
3343,14.536000,14.536000,1.840259
3344,14.536000,14.536000,1.840259
3345,14.536000,14.536000,1.840259
3346,14.536000,14.536000,1.840259
3347,14.536000,14.536000,1.840259
3348,14.536000,14.536000,1.840259
3349,14.536000,14.536000,1.840259
3350,18.329000,14.536000,1.840259
3351,18.329000,14.536000,1.840259
3352,14.536000,14.536000,1.840259
3353,14.536000,14.536000,1.840259
3354,14.536000,14.536000,1.840259
3355,15.122000,14.536000,1.840259
3356,15.122000,14.536000,1.840259
3357,15.122000,14.536000,1.840259
3358,15.122000,14.536000,1.840259
3359,15.122000,14.536000,1.840259
3360,14.536000,14.536000,1.840259
3361,14.536000,14.536000,1.840259
3362,14.536000,14.536000,1.840259
3363,15.122000,14.536000,1.840259
3364,15.122000,14.536000,1.840259
3365,15.122000,14.536000,1.840259
3366,15.122000,14.536000,1.840259
3367,15.122000,14.536000,1.840259
3368,15.122000,14.536000,1.840259
3369,15.122000,14.536000,1.840259
3370,15.122000,14.536000,1.840259
3371,15.122000,14.536000,1.840259
3372,15.122000,14.536000,1.840259
3373,15.122000,14.536000,1.840259
3374,15.122000,14.536000,1.840259
3375,15.122000,14.536000,1.840259
3376,15.122000,14.536000,1.840259
3377,15.122000,14.536000,1.840259
3378,15.122000,14.536000,1.840259
3379,15.122000,14.536000,1.840259
3380,15.122000,14.536000,1.840259
3381,15.122000,14.536000,1.840259
3382,15.122000,14.536000,1.840259
3383,15.122000,14.536000,1.840259
3384,15.122000,14.536000,1.840259
3385,15.122000,14.536000,1.840259
3386,17.270000,14.536000,1.840259
3387,17.270000,14.536000,1.840259
3388,17.270000,14.536000,1.840259
3389,17.270000,14.536000,1.840259
3390,17.270000,14.536000,1.840259
3391,17.270000,14.536000,1.840259
3392,15.122000,14.536000,1.840259
3393,15.122000,14.536000,1.840259
3394,17.374000,14.536000,1.840259
3395,17.374000,14.536000,1.840259
3396,21.262000,14.536000,1.840259
3397,18.923000,14.536000,1.840259
3398,18.923000,14.536000,1.840259
3399,18.923000,14.536000,1.840259
3400,18.923000,14.536000,1.840259
3401,20.767000,14.536000,1.748246
3402,21.465000,14.536000,1.748246
3403,22.613000,14.536000,1.748246
3404,22.613000,14.536000,1.748246
3405,22.613000,14.536000,1.748246
3406,21.262000,14.536000,1.748246
3407,21.262000,14.536000,1.748246
3408,21.262000,14.536000,1.748246
3409,21.262000,14.536000,1.748246
3410,19.995000,14.536000,1.748246
3411,19.995000,14.536000,1.748246
3412,19.995000,14.536000,1.748246
3413,19.995000,14.536000,1.748246
3414,19.995000,14.536000,1.748246
3415,19.995000,14.536000,1.748246
3416,21.734000,14.536000,1.748246
3417,21.734000,14.536000,1.748246
3418,21.734000,14.536000,1.748246
3419,19.995000,14.536000,1.748246
3420,23.953000,14.536000,1.748246
3421,21.598000,14.536000,1.748246
3422,19.056000,14.536000,1.748246
3423,19.056000,14.536000,1.748246
3424,19.056000,14.536000,1.748246
3425,19.056000,14.536000,1.748246
3426,21.527000,14.536000,1.748246
3427,21.527000,14.536000,1.748246
3428,22.173000,14.536000,1.748246
3429,21.568000,14.536000,1.748246
3430,15.122000,14.536000,1.748246
3431,15.122000,14.536000,1.748246
3432,15.122000,14.536000,1.748246
3433,15.122000,14.536000,1.748246
3434,14.536000,14.536000,1.748246
3435,18.923000,14.536000,1.748246
3436,19.308000,14.536000,1.748246
3437,19.308000,14.536000,1.748246
3438,17.374000,14.536000,1.748246
3439,17.374000,14.536000,1.748246
3440,17.374000,14.536000,1.748246
3441,17.374000,14.536000,1.748246
3442,17.374000,14.536000,1.748246
3443,17.374000,14.536000,1.748246
3444,17.374000,14.536000,1.748246
3445,17.374000,14.536000,1.748246
3446,17.379000,14.536000,1.748246
3447,17.379000,14.536000,1.748246
3448,17.379000,14.536000,1.748246
3449,14.536000,14.536000,1.748246
3450,14.536000,14.536000,1.748246
3451,14.536000,14.536000,1.748246
3452,14.536000,14.536000,1.748246
3453,14.536000,14.536000,1.748246
3454,14.536000,14.536000,1.748246
3455,14.536000,14.536000,1.748246
3456,14.536000,14.536000,1.748246
3457,14.536000,14.536000,1.748246
3458,15.122000,14.536000,1.748246
3459,15.122000,14.536000,1.748246
3460,15.122000,14.536000,1.748246
3461,15.122000,14.536000,1.748246
3462,15.122000,14.536000,1.748246
3463,14.536000,14.536000,1.748246
3464,14.536000,14.536000,1.748246
3465,14.536000,14.536000,1.748246
3466,14.536000,14.536000,1.748246
3467,14.536000,14.536000,1.748246
3468,14.536000,14.536000,1.748246
3469,14.536000,14.536000,1.748246
3470,14.536000,14.536000,1.748246
3471,14.536000,14.536000,1.748246
3472,18.329000,14.536000,1.748246
3473,17.374000,14.536000,1.748246
3474,17.374000,14.536000,1.748246
3475,15.122000,14.536000,1.748246
3476,15.122000,14.536000,1.748246
3477,15.122000,14.536000,1.748246
3478,15.122000,14.536000,1.748246
3479,15.122000,14.536000,1.748246
3480,14.536000,14.536000,1.748246
3481,14.536000,14.536000,1.748246
3482,14.536000,14.536000,1.748246
3483,14.536000,14.536000,1.748246
3484,14.536000,14.536000,1.748246
3485,14.536000,14.536000,1.748246
3486,14.536000,14.536000,1.748246
3487,14.536000,14.536000,1.748246
3488,14.536000,14.536000,1.748246
3489,14.536000,14.536000,1.748246
3490,14.536000,14.536000,1.748246
3491,14.536000,14.536000,1.748246
3492,18.329000,14.536000,1.748246
3493,18.329000,14.536000,1.748246
3494,18.329000,14.536000,1.748246
3495,18.329000,14.536000,1.748246
3496,17.374000,14.536000,1.748246
3497,17.379000,14.536000,1.748246
3498,19.921000,14.536000,1.748246
3499,19.921000,14.536000,1.748246
3500,17.379000,14.536000,1.748246
3501,17.379000,14.536000,1.660834
3502,17.374000,14.536000,1.660834
3503,17.374000,14.536000,1.660834
3504,15.122000,14.536000,1.660834
3505,15.122000,14.536000,1.660834
3506,15.122000,14.536000,1.660834
3507,15.122000,14.536000,1.660834
3508,15.122000,14.536000,1.660834
3509,15.122000,14.536000,1.660834
3510,15.122000,14.536000,1.660834
3511,15.122000,14.536000,1.660834
3512,14.536000,14.536000,1.660834
3513,15.122000,14.536000,1.660834
3514,15.122000,14.536000,1.660834
3515,15.122000,14.536000,1.660834
3516,15.122000,14.536000,1.660834
3517,15.122000,14.536000,1.660834
3518,17.374000,14.536000,1.660834
3519,17.374000,14.536000,1.660834
3520,17.374000,14.536000,1.660834
3521,17.374000,14.536000,1.660834
3522,15.122000,14.536000,1.660834
3523,15.122000,14.536000,1.660834
3524,15.122000,14.536000,1.660834
3525,15.122000,14.536000,1.660834
3526,15.122000,14.536000,1.660834
3527,15.122000,14.536000,1.660834
3528,17.374000,14.536000,1.660834
3529,17.374000,14.536000,1.660834
3530,17.374000,14.536000,1.660834
3531,17.379000,14.536000,1.660834
3532,17.379000,14.536000,1.660834
3533,17.379000,14.536000,1.660834
3534,20.941000,14.536000,1.660834
3535,20.941000,14.536000,1.660834
3536,18.923000,14.536000,1.660834
3537,19.308000,14.536000,1.660834
3538,20.331000,14.536000,1.660834
3539,23.342000,14.536000,1.660834
3540,23.342000,14.536000,1.660834
3541,23.342000,14.536000,1.660834
3542,23.027000,14.536000,1.660834
3543,23.027000,14.536000,1.660834
3544,23.483000,14.536000,1.660834
3545,23.367000,14.536000,1.660834
3546,21.183000,14.536000,1.660834
3547,21.183000,14.536000,1.660834
3548,21.183000,14.536000,1.660834
3549,20.941000,14.536000,1.660834
3550,17.379000,14.536000,1.660834
3551,17.379000,14.536000,1.660834
3552,17.379000,14.536000,1.660834
3553,17.379000,14.536000,1.660834
3554,17.379000,14.536000,1.660834
3555,19.921000,14.536000,1.660834
3556,19.921000,14.536000,1.660834
3557,21.598000,14.536000,1.660834
3558,21.598000,14.536000,1.660834
3559,17.270000,14.536000,1.660834
3560,17.270000,14.536000,1.660834
3561,17.270000,14.536000,1.660834
3562,17.270000,14.536000,1.660834
3563,15.122000,14.536000,1.660834
3564,15.122000,14.536000,1.660834
3565,15.122000,14.536000,1.660834
3566,15.122000,14.536000,1.660834
3567,15.122000,14.536000,1.660834
3568,14.536000,14.536000,1.660834
3569,16.684000,14.536000,1.660834
3570,14.536000,14.536000,1.660834
3571,14.536000,14.536000,1.660834
3572,14.536000,14.536000,1.660834
3573,14.536000,14.536000,1.660834
3574,14.536000,14.536000,1.660834
3575,14.536000,14.536000,1.660834
3576,14.536000,14.536000,1.660834
3577,14.536000,14.536000,1.660834
3578,17.379000,14.536000,1.660834
3579,17.379000,14.536000,1.660834
3580,17.379000,14.536000,1.660834
3581,17.379000,14.536000,1.660834
3582,17.379000,14.536000,1.660834
3583,19.056000,14.536000,1.660834
3584,19.056000,14.536000,1.660834
3585,19.056000,14.536000,1.660834
3586,25.331000,14.536000,1.660834
3587,27.018000,14.536000,1.660834
3588,25.412000,14.536000,1.660834
3589,25.073000,14.536000,1.660834
3590,25.073000,14.536000,1.660834
3591,21.663000,14.536000,1.660834
3592,21.663000,14.536000,1.660834
3593,21.663000,14.536000,1.660834
3594,21.465000,14.536000,1.660834
3595,21.161000,14.536000,1.660834
3596,21.161000,14.536000,1.660834
3597,16.684000,14.536000,1.660834
3598,17.270000,14.536000,1.660834
3599,16.684000,14.536000,1.660834
3600,16.684000,14.536000,1.660834
3601,16.684000,14.536000,1.577792
3602,16.684000,14.536000,1.577792
3603,17.270000,14.536000,1.577792
3604,17.270000,14.536000,1.577792
3605,16.684000,14.536000,1.577792
3606,17.270000,14.536000,1.577792
3607,17.270000,14.536000,1.577792
3608,17.270000,14.536000,1.577792
3609,17.270000,14.536000,1.577792
3610,17.270000,14.536000,1.577792
3611,17.270000,14.536000,1.577792
3612,17.270000,14.536000,1.577792
3613,17.270000,14.536000,1.577792
3614,17.270000,14.536000,1.577792
3615,17.270000,14.536000,1.577792
3616,17.270000,14.536000,1.577792
3617,16.684000,14.536000,1.577792
3618,16.684000,14.536000,1.577792
3619,16.684000,14.536000,1.577792
3620,16.684000,14.536000,1.577792
3621,16.684000,14.536000,1.577792
3622,14.536000,14.536000,1.577792
3623,14.536000,14.536000,1.577792
3624,15.122000,14.536000,1.577792
3625,15.122000,14.536000,1.577792
3626,15.122000,14.536000,1.577792
3627,15.122000,14.536000,1.577792
3628,15.122000,14.536000,1.577792
3629,15.122000,14.536000,1.577792
3630,15.122000,14.536000,1.577792
3631,19.056000,14.536000,1.577792
3632,19.056000,14.536000,1.577792
3633,17.379000,14.536000,1.577792
3634,14.536000,14.536000,1.577792
3635,14.536000,14.536000,1.577792
3636,15.122000,14.536000,1.577792
3637,15.122000,14.536000,1.577792
3638,15.122000,14.536000,1.577792
3639,15.122000,14.536000,1.577792
3640,14.536000,14.536000,1.577792
3641,14.536000,14.536000,1.577792
3642,17.379000,14.536000,1.577792
3643,17.379000,14.536000,1.577792
3644,17.379000,14.536000,1.577792
3645,17.379000,14.536000,1.577792
3646,19.921000,14.536000,1.577792
3647,17.379000,14.536000,1.577792
3648,17.379000,14.536000,1.577792
3649,17.379000,14.536000,1.577792
3650,17.379000,14.536000,1.577792
3651,17.379000,14.536000,1.577792
3652,17.379000,14.536000,1.577792
3653,17.379000,14.536000,1.577792
3654,17.379000,14.536000,1.577792
3655,17.379000,14.536000,1.577792
3656,17.379000,14.536000,1.577792
3657,17.379000,14.536000,1.577792
3658,17.379000,14.536000,1.577792
3659,17.379000,14.536000,1.577792
3660,17.379000,14.536000,1.577792
3661,17.374000,14.536000,1.577792
3662,17.374000,14.536000,1.577792
3663,17.374000,14.536000,1.577792
3664,17.374000,14.536000,1.577792
3665,17.374000,14.536000,1.577792
3666,17.379000,14.536000,1.577792
3667,17.379000,14.536000,1.577792
3668,17.379000,14.536000,1.577792
3669,14.536000,14.536000,1.577792
3670,14.536000,14.536000,1.577792
3671,14.536000,14.536000,1.577792
3672,14.536000,14.536000,1.577792
3673,14.536000,14.536000,1.577792
3674,14.536000,14.536000,1.577792
3675,14.536000,14.536000,1.577792
3676,14.536000,14.536000,1.577792
3677,14.536000,14.536000,1.577792
3678,16.684000,14.536000,1.577792
3679,16.684000,14.536000,1.577792
3680,17.270000,14.536000,1.577792
3681,17.270000,14.536000,1.577792
3682,16.684000,14.536000,1.577792
3683,16.684000,14.536000,1.577792
3684,16.684000,14.536000,1.577792
3685,16.684000,14.536000,1.577792
3686,16.684000,14.536000,1.577792
3687,16.684000,14.536000,1.577792
3688,16.684000,14.536000,1.577792
3689,16.684000,14.536000,1.577792
3690,19.921000,14.536000,1.577792
3691,16.684000,14.536000,1.577792
3692,16.684000,14.536000,1.577792
3693,16.684000,14.536000,1.577792
3694,16.684000,14.536000,1.577792
3695,16.684000,14.536000,1.577792
3696,16.684000,14.536000,1.577792
3697,16.684000,14.536000,1.577792
3698,16.684000,14.536000,1.577792
3699,19.921000,14.536000,1.577792
3700,19.921000,14.536000,1.577792
3701,19.921000,14.536000,1.498903
3702,19.921000,14.536000,1.498903
3703,19.921000,14.536000,1.498903
3704,16.684000,14.536000,1.498903
3705,14.536000,14.536000,1.498903
3706,14.536000,14.536000,1.498903
3707,14.536000,14.536000,1.498903
3708,14.536000,14.536000,1.498903
3709,14.536000,14.536000,1.498903
3710,14.536000,14.536000,1.498903
3711,15.122000,14.536000,1.498903
3712,15.122000,14.536000,1.498903
3713,15.122000,14.536000,1.498903
3714,15.122000,14.536000,1.498903
3715,15.122000,14.536000,1.498903
3716,14.536000,14.536000,1.498903
3717,14.536000,14.536000,1.498903
3718,14.536000,14.536000,1.498903
3719,14.536000,14.536000,1.498903
3720,14.536000,14.536000,1.498903
3721,14.536000,14.536000,1.498903
3722,14.536000,14.536000,1.498903
3723,14.536000,14.536000,1.498903
3724,14.536000,14.536000,1.498903
3725,14.536000,14.536000,1.498903
3726,15.122000,14.536000,1.498903
3727,15.122000,14.536000,1.498903
3728,15.122000,14.536000,1.498903
3729,15.122000,14.536000,1.498903
3730,15.122000,14.536000,1.498903
3731,15.122000,14.536000,1.498903
3732,15.122000,14.536000,1.498903
3733,15.122000,14.536000,1.498903
3734,15.122000,14.536000,1.498903
3735,15.122000,14.536000,1.498903
3736,15.122000,14.536000,1.498903
3737,15.122000,14.536000,1.498903
3738,15.122000,14.536000,1.498903
3739,15.122000,14.536000,1.498903
3740,15.122000,14.536000,1.498903
3741,15.122000,14.536000,1.498903
3742,15.122000,14.536000,1.498903
3743,15.122000,14.536000,1.498903
3744,17.270000,14.536000,1.498903
3745,17.270000,14.536000,1.498903
3746,17.270000,14.536000,1.498903
3747,17.270000,14.536000,1.498903
3748,17.270000,14.536000,1.498903
3749,17.270000,14.536000,1.498903
3750,16.684000,14.536000,1.498903
3751,14.536000,14.536000,1.498903
3752,14.536000,14.536000,1.498903
3753,14.536000,14.536000,1.498903
3754,14.536000,14.536000,1.498903
3755,14.536000,14.536000,1.498903
3756,14.536000,14.536000,1.498903
3757,14.536000,14.536000,1.498903
3758,14.536000,14.536000,1.498903
3759,14.536000,14.536000,1.498903
3760,16.684000,14.536000,1.498903
3761,16.684000,14.536000,1.498903
3762,14.536000,14.536000,1.498903
3763,14.536000,14.536000,1.498903
3764,14.536000,14.536000,1.498903
3765,14.536000,14.536000,1.498903
3766,14.536000,14.536000,1.498903
3767,18.923000,14.536000,1.498903
3768,18.923000,14.536000,1.498903
3769,18.923000,14.536000,1.498903
3770,20.767000,14.536000,1.498903
3771,20.767000,14.536000,1.498903
3772,19.995000,14.536000,1.498903
3773,21.018000,14.536000,1.498903
3774,21.018000,14.536000,1.498903
3775,21.018000,14.536000,1.498903
3776,21.018000,14.536000,1.498903
3777,21.018000,14.536000,1.498903
3778,21.018000,14.536000,1.498903
3779,21.018000,14.536000,1.498903
3780,21.018000,14.536000,1.498903
3781,21.018000,14.536000,1.498903
3782,19.607000,14.536000,1.498903
3783,19.308000,14.536000,1.498903
3784,20.273000,14.536000,1.498903
3785,20.273000,14.536000,1.498903
3786,20.273000,14.536000,1.498903
3787,20.273000,14.536000,1.498903
3788,19.607000,14.536000,1.498903
3789,19.607000,14.536000,1.498903
3790,19.607000,14.536000,1.498903
3791,20.273000,14.536000,1.498903
3792,19.308000,14.536000,1.498903
3793,20.273000,14.536000,1.498903
3794,20.273000,14.536000,1.498903
3795,20.273000,14.536000,1.498903
3796,20.273000,14.536000,1.498903
3797,21.161000,14.536000,1.498903
3798,16.684000,14.536000,1.498903
3799,17.270000,14.536000,1.498903
3800,17.270000,14.536000,1.498903
3801,17.270000,14.536000,1.423957
3802,17.270000,14.536000,1.423957
3803,17.270000,14.536000,1.423957
3804,17.270000,14.536000,1.423957
3805,15.122000,14.536000,1.423957
3806,14.536000,14.536000,1.423957
3807,14.536000,14.536000,1.423957
3808,15.122000,14.536000,1.423957
3809,15.122000,14.536000,1.423957
3810,14.536000,14.536000,1.423957
3811,14.536000,14.536000,1.423957
3812,14.536000,14.536000,1.423957
3813,15.122000,14.536000,1.423957
3814,15.122000,14.536000,1.423957
3815,15.122000,14.536000,1.423957
3816,15.122000,14.536000,1.423957
3817,15.122000,14.536000,1.423957
3818,15.122000,14.536000,1.423957
3819,15.122000,14.536000,1.423957
3820,17.270000,14.536000,1.423957
3821,16.684000,14.536000,1.423957
3822,16.684000,14.536000,1.423957
3823,16.684000,14.536000,1.423957
3824,16.684000,14.536000,1.423957
3825,16.684000,14.536000,1.423957
3826,17.270000,14.536000,1.423957
3827,15.122000,14.536000,1.423957
3828,15.122000,14.536000,1.423957
3829,15.122000,14.536000,1.423957
3830,15.122000,14.536000,1.423957
3831,15.122000,14.536000,1.423957
3832,15.122000,14.536000,1.423957
3833,15.122000,14.536000,1.423957
3834,15.122000,14.536000,1.423957
3835,15.122000,14.536000,1.423957
3836,15.122000,14.536000,1.423957
3837,14.536000,14.536000,1.423957
3838,14.536000,14.536000,1.423957
3839,14.536000,14.536000,1.423957
3840,14.536000,14.536000,1.423957
3841,14.536000,14.536000,1.423957
3842,14.536000,14.536000,1.423957
3843,14.536000,14.536000,1.423957
3844,14.536000,14.536000,1.423957
3845,15.122000,14.536000,1.423957
3846,15.122000,14.536000,1.423957
3847,15.122000,14.536000,1.423957
3848,15.122000,14.536000,1.423957
3849,15.122000,14.536000,1.423957
3850,15.122000,14.536000,1.423957
3851,15.122000,14.536000,1.423957
3852,15.122000,14.536000,1.423957
3853,15.122000,14.536000,1.423957
3854,15.122000,14.536000,1.423957
3855,15.122000,14.536000,1.423957
3856,15.122000,14.536000,1.423957
3857,15.122000,14.536000,1.423957
3858,15.122000,14.536000,1.423957
3859,15.122000,14.536000,1.423957
3860,15.122000,14.536000,1.423957
3861,15.122000,14.536000,1.423957
3862,15.122000,14.536000,1.423957
3863,15.122000,14.536000,1.423957
3864,17.374000,14.536000,1.423957
3865,17.374000,14.536000,1.423957
3866,17.379000,14.536000,1.423957
3867,17.379000,14.536000,1.423957
3868,17.374000,14.536000,1.423957
3869,17.374000,14.536000,1.423957
3870,17.379000,14.536000,1.423957
3871,17.374000,14.536000,1.423957
3872,17.374000,14.536000,1.423957
3873,17.374000,14.536000,1.423957
3874,17.374000,14.536000,1.423957
3875,17.374000,14.536000,1.423957
3876,17.374000,14.536000,1.423957
3877,17.374000,14.536000,1.423957
3878,17.374000,14.536000,1.423957
3879,17.374000,14.536000,1.423957
3880,18.329000,14.536000,1.423957
3881,14.536000,14.536000,1.423957
3882,14.536000,14.536000,1.423957
3883,14.536000,14.536000,1.423957
3884,14.536000,14.536000,1.423957
3885,14.536000,14.536000,1.423957
3886,14.536000,14.536000,1.423957
3887,14.536000,14.536000,1.423957
3888,14.536000,14.536000,1.423957
3889,14.536000,14.536000,1.423957
3890,14.536000,14.536000,1.423957
3891,15.122000,14.536000,1.423957
3892,14.536000,14.536000,1.423957
3893,14.536000,14.536000,1.423957
3894,14.536000,14.536000,1.423957
3895,14.536000,14.536000,1.423957
3896,14.536000,14.536000,1.423957
3897,14.536000,14.536000,1.423957
3898,14.536000,14.536000,1.423957
3899,14.536000,14.536000,1.423957
3900,14.536000,14.536000,1.423957
3901,14.536000,14.536000,1.352760
3902,17.379000,14.536000,1.352760
3903,17.374000,14.536000,1.352760
3904,18.329000,14.536000,1.352760
3905,14.536000,14.536000,1.352760
3906,14.536000,14.536000,1.352760
3907,14.536000,14.536000,1.352760
3908,16.684000,14.536000,1.352760
3909,16.684000,14.536000,1.352760
3910,16.684000,14.536000,1.352760
3911,16.684000,14.536000,1.352760
3912,14.536000,14.536000,1.352760
3913,14.536000,14.536000,1.352760
3914,14.536000,14.536000,1.352760
3915,14.536000,14.536000,1.352760
3916,14.536000,14.536000,1.352760
3917,14.536000,14.536000,1.352760
3918,14.536000,14.536000,1.352760
3919,14.536000,14.536000,1.352760
3920,14.536000,14.536000,1.352760
3921,14.536000,14.536000,1.352760
3922,14.536000,14.536000,1.352760
3923,14.536000,14.536000,1.352760
3924,14.536000,14.536000,1.352760
3925,14.536000,14.536000,1.352760
3926,14.536000,14.536000,1.352760
3927,14.536000,14.536000,1.352760
3928,14.536000,14.536000,1.352760
3929,14.536000,14.536000,1.352760
3930,14.536000,14.536000,1.352760
3931,14.536000,14.536000,1.352760
3932,14.536000,14.536000,1.352760
3933,15.122000,14.536000,1.352760
3934,15.122000,14.536000,1.352760
3935,15.122000,14.536000,1.352760
3936,15.122000,14.536000,1.352760
3937,15.122000,14.536000,1.352760
3938,15.122000,14.536000,1.352760
3939,15.122000,14.536000,1.352760
3940,15.122000,14.536000,1.352760
3941,15.122000,14.536000,1.352760
3942,15.122000,14.536000,1.352760
3943,15.122000,14.536000,1.352760
3944,15.122000,14.536000,1.352760
3945,15.122000,14.536000,1.352760
3946,15.122000,14.536000,1.352760
3947,15.122000,14.536000,1.352760
3948,15.122000,14.536000,1.352760
3949,15.122000,14.536000,1.352760
3950,15.122000,14.536000,1.352760
3951,15.122000,14.536000,1.352760
3952,15.122000,14.536000,1.352760
3953,15.122000,14.536000,1.352760
3954,15.122000,14.536000,1.352760
3955,15.122000,14.536000,1.352760
3956,15.122000,14.536000,1.352760
3957,15.122000,14.536000,1.352760
3958,15.122000,14.536000,1.352760
3959,15.122000,14.536000,1.352760
3960,15.122000,14.536000,1.352760
3961,15.122000,14.536000,1.352760
3962,15.122000,14.536000,1.352760
3963,15.122000,14.536000,1.352760
3964,15.122000,14.536000,1.352760
3965,15.122000,14.536000,1.352760
3966,14.536000,14.536000,1.352760
3967,14.536000,14.536000,1.352760
3968,14.536000,14.536000,1.352760
3969,14.536000,14.536000,1.352760
3970,14.536000,14.536000,1.352760
3971,14.536000,14.536000,1.352760
3972,14.536000,14.536000,1.352760
3973,14.536000,14.536000,1.352760
3974,14.536000,14.536000,1.352760
3975,14.536000,14.536000,1.352760
3976,14.536000,14.536000,1.352760
3977,14.536000,14.536000,1.352760
3978,14.536000,14.536000,1.352760
3979,14.536000,14.536000,1.352760
3980,14.536000,14.536000,1.352760
3981,14.536000,14.536000,1.352760
3982,14.536000,14.536000,1.352760
3983,16.684000,14.536000,1.352760
3984,14.536000,14.536000,1.352760
3985,14.536000,14.536000,1.352760
3986,14.536000,14.536000,1.352760
3987,14.536000,14.536000,1.352760
3988,14.536000,14.536000,1.352760
3989,14.536000,14.536000,1.352760
3990,14.536000,14.536000,1.352760
3991,14.536000,14.536000,1.352760
3992,14.536000,14.536000,1.352760
3993,14.536000,14.536000,1.352760
3994,14.536000,14.536000,1.352760
3995,14.536000,14.536000,1.352760
3996,14.536000,14.536000,1.352760
3997,14.536000,14.536000,1.352760
3998,14.536000,14.536000,1.352760
3999,14.536000,14.536000,1.352760
4000,14.536000,14.536000,1.352760
4001,14.536000,14.536000,1.285122
4002,15.122000,14.536000,1.285122
4003,15.122000,14.536000,1.285122
4004,15.122000,14.536000,1.285122
4005,15.122000,14.536000,1.285122
4006,15.122000,14.536000,1.285122
4007,15.122000,14.536000,1.285122
4008,15.122000,14.536000,1.285122
4009,15.122000,14.536000,1.285122
4010,15.122000,14.536000,1.285122
4011,15.122000,14.536000,1.285122
4012,14.536000,14.536000,1.285122
4013,14.536000,14.536000,1.285122
4014,14.536000,14.536000,1.285122
4015,14.536000,14.536000,1.285122
4016,14.536000,14.536000,1.285122
4017,14.536000,14.536000,1.285122
4018,14.536000,14.536000,1.285122
4019,15.122000,14.536000,1.285122
4020,15.122000,14.536000,1.285122
4021,14.536000,14.536000,1.285122
4022,14.536000,14.536000,1.285122
4023,14.536000,14.536000,1.285122
4024,14.536000,14.536000,1.285122
4025,14.536000,14.536000,1.285122
4026,21.183000,14.536000,1.285122
4027,21.183000,14.536000,1.285122
4028,21.183000,14.536000,1.285122
4029,14.536000,14.536000,1.285122
4030,14.536000,14.536000,1.285122
4031,14.536000,14.536000,1.285122
4032,14.536000,14.536000,1.285122
4033,14.536000,14.536000,1.285122
4034,14.536000,14.536000,1.285122
4035,14.536000,14.536000,1.285122
4036,14.536000,14.536000,1.285122
4037,14.536000,14.536000,1.285122
4038,14.536000,14.536000,1.285122
4039,14.536000,14.536000,1.285122
4040,14.536000,14.536000,1.285122
4041,14.536000,14.536000,1.285122
4042,14.536000,14.536000,1.285122
4043,14.536000,14.536000,1.285122
4044,14.536000,14.536000,1.285122
4045,14.536000,14.536000,1.285122
4046,17.379000,14.536000,1.285122
4047,17.379000,14.536000,1.285122
4048,17.379000,14.536000,1.285122
4049,17.379000,14.536000,1.285122
4050,17.374000,14.536000,1.285122
4051,15.122000,14.536000,1.285122
4052,15.122000,14.536000,1.285122
4053,17.374000,14.536000,1.285122
4054,17.374000,14.536000,1.285122
4055,18.329000,14.536000,1.285122
4056,18.329000,14.536000,1.285122
4057,17.374000,14.536000,1.285122
4058,17.374000,14.536000,1.285122
4059,17.374000,14.536000,1.285122
4060,17.374000,14.536000,1.285122
4061,17.374000,14.536000,1.285122
4062,17.374000,14.536000,1.285122
4063,17.374000,14.536000,1.285122
4064,18.329000,14.536000,1.285122
4065,18.329000,14.536000,1.285122
4066,18.329000,14.536000,1.285122
4067,14.536000,14.536000,1.285122
4068,14.536000,14.536000,1.285122
4069,14.536000,14.536000,1.285122
4070,14.536000,14.536000,1.285122
4071,14.536000,14.536000,1.285122
4072,17.379000,14.536000,1.285122
4073,17.379000,14.536000,1.285122
4074,17.379000,14.536000,1.285122
4075,17.379000,14.536000,1.285122
4076,17.379000,14.536000,1.285122
4077,17.379000,14.536000,1.285122
4078,17.379000,14.536000,1.285122
4079,17.379000,14.536000,1.285122
4080,17.379000,14.536000,1.285122
4081,20.941000,14.536000,1.285122
4082,20.331000,14.536000,1.285122
4083,20.532000,14.536000,1.285122
4084,18.923000,14.536000,1.285122
4085,14.536000,14.536000,1.285122
4086,14.536000,14.536000,1.285122
4087,14.536000,14.536000,1.285122
4088,14.536000,14.536000,1.285122
4089,14.536000,14.536000,1.285122
4090,14.536000,14.536000,1.285122
4091,14.536000,14.536000,1.285122
4092,14.536000,14.536000,1.285122
4093,14.536000,14.536000,1.285122
4094,14.536000,14.536000,1.285122
4095,14.536000,14.536000,1.285122
4096,14.536000,14.536000,1.285122
4097,14.536000,14.536000,1.285122
4098,14.536000,14.536000,1.285122
4099,14.536000,14.536000,1.285122
4100,14.536000,14.536000,1.285122
4101,14.536000,14.536000,1.220865
4102,14.536000,14.536000,1.220865
4103,14.536000,14.536000,1.220865
4104,15.122000,14.536000,1.220865
4105,15.122000,14.536000,1.220865
4106,14.536000,14.536000,1.220865
4107,14.536000,14.536000,1.220865
4108,14.536000,14.536000,1.220865
4109,14.536000,14.536000,1.220865
4110,14.536000,14.536000,1.220865
4111,14.536000,14.536000,1.220865
4112,14.536000,14.536000,1.220865
4113,14.536000,14.536000,1.220865
4114,14.536000,14.536000,1.220865
4115,14.536000,14.536000,1.220865
4116,14.536000,14.536000,1.220865
4117,14.536000,14.536000,1.220865
4118,14.536000,14.536000,1.220865
4119,14.536000,14.536000,1.220865
4120,14.536000,14.536000,1.220865
4121,14.536000,14.536000,1.220865
4122,14.536000,14.536000,1.220865
4123,14.536000,14.536000,1.220865
4124,14.536000,14.536000,1.220865
4125,15.122000,14.536000,1.220865
4126,15.122000,14.536000,1.220865
4127,15.122000,14.536000,1.220865
4128,15.122000,14.536000,1.220865
4129,15.122000,14.536000,1.220865
4130,15.122000,14.536000,1.220865
4131,15.122000,14.536000,1.220865
4132,15.122000,14.536000,1.220865
4133,15.122000,14.536000,1.220865
4134,15.122000,14.536000,1.220865
4135,15.122000,14.536000,1.220865
4136,17.374000,14.536000,1.220865
4137,17.374000,14.536000,1.220865
4138,17.374000,14.536000,1.220865
4139,17.374000,14.536000,1.220865
4140,17.374000,14.536000,1.220865
4141,17.374000,14.536000,1.220865
4142,17.374000,14.536000,1.220865
4143,17.374000,14.536000,1.220865
4144,15.122000,14.536000,1.220865
4145,15.122000,14.536000,1.220865
4146,14.536000,14.536000,1.220865
4147,14.536000,14.536000,1.220865
4148,14.536000,14.536000,1.220865
4149,16.684000,14.536000,1.220865
4150,16.684000,14.536000,1.220865
4151,16.684000,14.536000,1.220865
4152,16.684000,14.536000,1.220865
4153,16.684000,14.536000,1.220865
4154,16.684000,14.536000,1.220865
4155,16.684000,14.536000,1.220865
4156,16.684000,14.536000,1.220865
4157,14.536000,14.536000,1.220865
4158,15.122000,14.536000,1.220865
4159,15.122000,14.536000,1.220865
4160,15.122000,14.536000,1.220865
4161,15.122000,14.536000,1.220865
4162,15.122000,14.536000,1.220865
4163,15.122000,14.536000,1.220865
4164,15.122000,14.536000,1.220865
4165,15.122000,14.536000,1.220865
4166,15.122000,14.536000,1.220865
4167,15.122000,14.536000,1.220865
4168,15.122000,14.536000,1.220865
4169,15.122000,14.536000,1.220865
4170,15.122000,14.536000,1.220865
4171,15.122000,14.536000,1.220865
4172,15.122000,14.536000,1.220865
4173,15.122000,14.536000,1.220865
4174,15.122000,14.536000,1.220865
4175,14.536000,14.536000,1.220865
4176,14.536000,14.536000,1.220865
4177,14.536000,14.536000,1.220865
4178,14.536000,14.536000,1.220865
4179,14.536000,14.536000,1.220865
4180,14.536000,14.536000,1.220865
4181,14.536000,14.536000,1.220865
4182,14.536000,14.536000,1.220865
4183,14.536000,14.536000,1.220865
4184,14.536000,14.536000,1.220865
4185,14.536000,14.536000,1.220865
4186,14.536000,14.536000,1.220865
4187,14.536000,14.536000,1.220865
4188,15.122000,14.536000,1.220865
4189,15.122000,14.536000,1.220865
4190,15.122000,14.536000,1.220865
4191,15.122000,14.536000,1.220865
4192,15.122000,14.536000,1.220865
4193,14.536000,14.536000,1.220865
4194,14.536000,14.536000,1.220865
4195,14.536000,14.536000,1.220865
4196,16.684000,14.536000,1.220865
4197,16.684000,14.536000,1.220865
4198,16.684000,14.536000,1.220865
4199,16.684000,14.536000,1.220865
4200,14.536000,14.536000,1.220865
4201,14.536000,14.536000,1.159822
4202,14.536000,14.536000,1.159822
4203,14.536000,14.536000,1.159822
4204,14.536000,14.536000,1.159822
4205,14.536000,14.536000,1.159822
4206,14.536000,14.536000,1.159822
4207,14.536000,14.536000,1.159822
4208,14.536000,14.536000,1.159822
4209,14.536000,14.536000,1.159822
4210,14.536000,14.536000,1.159822
4211,14.536000,14.536000,1.159822
4212,14.536000,14.536000,1.159822
4213,14.536000,14.536000,1.159822
4214,14.536000,14.536000,1.159822
4215,14.536000,14.536000,1.159822
4216,14.536000,14.536000,1.159822
4217,14.536000,14.536000,1.159822
4218,14.536000,14.536000,1.159822
4219,14.536000,14.536000,1.159822
4220,14.536000,14.536000,1.159822
4221,14.536000,14.536000,1.159822
4222,14.536000,14.536000,1.159822
4223,14.536000,14.536000,1.159822
4224,14.536000,14.536000,1.159822
4225,14.536000,14.536000,1.159822
4226,14.536000,14.536000,1.159822
4227,14.536000,14.536000,1.159822
4228,14.536000,14.536000,1.159822
4229,14.536000,14.536000,1.159822
4230,14.536000,14.536000,1.159822
4231,14.536000,14.536000,1.159822
4232,14.536000,14.536000,1.159822
4233,16.684000,14.536000,1.159822
4234,16.684000,14.536000,1.159822
4235,16.684000,14.536000,1.159822
4236,16.684000,14.536000,1.159822
4237,16.684000,14.536000,1.159822
4238,16.684000,14.536000,1.159822
4239,16.684000,14.536000,1.159822
4240,16.684000,14.536000,1.159822
4241,16.684000,14.536000,1.159822
4242,16.684000,14.536000,1.159822
4243,16.684000,14.536000,1.159822
4244,16.684000,14.536000,1.159822
4245,14.536000,14.536000,1.159822
4246,14.536000,14.536000,1.159822
4247,14.536000,14.536000,1.159822
4248,14.536000,14.536000,1.159822
4249,14.536000,14.536000,1.159822
4250,14.536000,14.536000,1.159822
4251,14.536000,14.536000,1.159822
4252,14.536000,14.536000,1.159822
4253,14.536000,14.536000,1.159822
4254,14.536000,14.536000,1.159822
4255,14.536000,14.536000,1.159822
4256,14.536000,14.536000,1.159822
4257,14.536000,14.536000,1.159822
4258,14.536000,14.536000,1.159822
4259,14.536000,14.536000,1.159822
4260,14.536000,14.536000,1.159822
4261,14.536000,14.536000,1.159822
4262,14.536000,14.536000,1.159822
4263,14.536000,14.536000,1.159822
4264,14.536000,14.536000,1.159822
4265,14.536000,14.536000,1.159822
4266,14.536000,14.536000,1.159822
4267,14.536000,14.536000,1.159822
4268,14.536000,14.536000,1.159822
4269,14.536000,14.536000,1.159822
4270,14.536000,14.536000,1.159822
4271,14.536000,14.536000,1.159822
4272,15.122000,14.536000,1.159822
4273,14.536000,14.536000,1.159822
4274,14.536000,14.536000,1.159822
4275,14.536000,14.536000,1.159822
4276,14.536000,14.536000,1.159822
4277,14.536000,14.536000,1.159822
4278,14.536000,14.536000,1.159822
4279,14.536000,14.536000,1.159822
4280,14.536000,14.536000,1.159822
4281,14.536000,14.536000,1.159822
4282,15.122000,14.536000,1.159822
4283,15.122000,14.536000,1.159822
4284,15.122000,14.536000,1.159822
4285,15.122000,14.536000,1.159822
4286,15.122000,14.536000,1.159822
4287,15.122000,14.536000,1.159822
4288,15.122000,14.536000,1.159822
4289,15.122000,14.536000,1.159822
4290,15.122000,14.536000,1.159822
4291,14.536000,14.536000,1.159822
4292,14.536000,14.536000,1.159822
4293,14.536000,14.536000,1.159822
4294,14.536000,14.536000,1.159822
4295,14.536000,14.536000,1.159822
4296,14.536000,14.536000,1.159822
4297,14.536000,14.536000,1.159822
4298,14.536000,14.536000,1.159822
4299,14.536000,14.536000,1.159822
4300,14.536000,14.536000,1.159822
4301,14.536000,14.536000,1.101831
4302,14.536000,14.536000,1.101831
4303,14.536000,14.536000,1.101831
4304,14.536000,14.536000,1.101831
4305,14.536000,14.536000,1.101831
4306,14.536000,14.536000,1.101831
4307,14.536000,14.536000,1.101831
4308,14.536000,14.536000,1.101831
4309,14.536000,14.536000,1.101831
4310,14.536000,14.536000,1.101831
4311,14.536000,14.536000,1.101831
4312,14.536000,14.536000,1.101831
4313,14.536000,14.536000,1.101831
4314,14.536000,14.536000,1.101831
4315,14.536000,14.536000,1.101831
4316,14.536000,14.536000,1.101831
4317,14.536000,14.536000,1.101831
4318,14.536000,14.536000,1.101831
4319,14.536000,14.536000,1.101831
4320,14.536000,14.536000,1.101831
4321,14.536000,14.536000,1.101831
4322,14.536000,14.536000,1.101831
4323,14.536000,14.536000,1.101831
4324,14.536000,14.536000,1.101831
4325,14.536000,14.536000,1.101831
4326,14.536000,14.536000,1.101831
4327,14.536000,14.536000,1.101831
4328,14.536000,14.536000,1.101831
4329,15.122000,14.536000,1.101831
4330,15.122000,14.536000,1.101831
4331,15.122000,14.536000,1.101831
4332,15.122000,14.536000,1.101831
4333,14.536000,14.536000,1.101831
4334,14.536000,14.536000,1.101831
4335,15.122000,14.536000,1.101831
4336,15.122000,14.536000,1.101831
4337,15.122000,14.536000,1.101831
4338,15.122000,14.536000,1.101831
4339,15.122000,14.536000,1.101831
4340,15.122000,14.536000,1.101831
4341,15.122000,14.536000,1.101831
4342,17.270000,14.536000,1.101831
4343,17.270000,14.536000,1.101831
4344,17.270000,14.536000,1.101831
4345,17.270000,14.536000,1.101831
4346,17.270000,14.536000,1.101831
4347,16.684000,14.536000,1.101831
4348,16.684000,14.536000,1.101831
4349,16.684000,14.536000,1.101831
4350,16.684000,14.536000,1.101831
4351,16.684000,14.536000,1.101831
4352,16.684000,14.536000,1.101831
4353,20.562000,14.536000,1.101831
4354,20.562000,14.536000,1.101831
4355,20.562000,14.536000,1.101831
4356,20.562000,14.536000,1.101831
4357,20.562000,14.536000,1.101831
4358,19.607000,14.536000,1.101831
4359,19.607000,14.536000,1.101831
4360,19.308000,14.536000,1.101831
4361,17.374000,14.536000,1.101831
4362,17.374000,14.536000,1.101831
4363,17.379000,14.536000,1.101831
4364,17.379000,14.536000,1.101831
4365,17.379000,14.536000,1.101831
4366,17.379000,14.536000,1.101831
4367,17.374000,14.536000,1.101831
4368,17.379000,14.536000,1.101831
4369,19.056000,14.536000,1.101831
4370,19.056000,14.536000,1.101831
4371,19.056000,14.536000,1.101831
4372,19.056000,14.536000,1.101831
4373,19.056000,14.536000,1.101831
4374,19.056000,14.536000,1.101831
4375,19.056000,14.536000,1.101831
4376,17.379000,14.536000,1.101831
4377,17.379000,14.536000,1.101831
4378,19.056000,14.536000,1.101831
4379,17.379000,14.536000,1.101831
4380,19.056000,14.536000,1.101831
4381,15.122000,14.536000,1.101831
4382,15.122000,14.536000,1.101831
4383,15.122000,14.536000,1.101831
4384,14.536000,14.536000,1.101831
4385,14.536000,14.536000,1.101831
4386,14.536000,14.536000,1.101831
4387,14.536000,14.536000,1.101831
4388,14.536000,14.536000,1.101831
4389,14.536000,14.536000,1.101831
4390,14.536000,14.536000,1.101831
4391,14.536000,14.536000,1.101831
4392,14.536000,14.536000,1.101831
4393,14.536000,14.536000,1.101831
4394,14.536000,14.536000,1.101831
4395,14.536000,14.536000,1.101831
4396,14.536000,14.536000,1.101831
4397,14.536000,14.536000,1.101831
4398,14.536000,14.536000,1.101831
4399,14.536000,14.536000,1.101831
4400,14.536000,14.536000,1.101831
4401,14.536000,14.536000,1.046740
4402,15.122000,14.536000,1.046740
4403,15.122000,14.536000,1.046740
4404,15.122000,14.536000,1.046740
4405,15.122000,14.536000,1.046740
4406,15.122000,14.536000,1.046740
4407,15.122000,14.536000,1.046740
4408,15.122000,14.536000,1.046740
4409,15.122000,14.536000,1.046740
4410,15.122000,14.536000,1.046740
4411,15.122000,14.536000,1.046740
4412,17.270000,14.536000,1.046740
4413,17.270000,14.536000,1.046740
4414,17.270000,14.536000,1.046740
4415,17.270000,14.536000,1.046740
4416,16.684000,14.536000,1.046740
4417,16.684000,14.536000,1.046740
4418,16.684000,14.536000,1.046740
4419,16.684000,14.536000,1.046740
4420,16.684000,14.536000,1.046740
4421,16.684000,14.536000,1.046740
4422,16.684000,14.536000,1.046740
4423,14.536000,14.536000,1.046740
4424,14.536000,14.536000,1.046740
4425,14.536000,14.536000,1.046740
4426,14.536000,14.536000,1.046740
4427,14.536000,14.536000,1.046740
4428,14.536000,14.536000,1.046740
4429,14.536000,14.536000,1.046740
4430,14.536000,14.536000,1.046740
4431,14.536000,14.536000,1.046740
4432,14.536000,14.536000,1.046740
4433,14.536000,14.536000,1.046740
4434,14.536000,14.536000,1.046740
4435,14.536000,14.536000,1.046740
4436,14.536000,14.536000,1.046740
4437,14.536000,14.536000,1.046740
4438,14.536000,14.536000,1.046740
4439,14.536000,14.536000,1.046740
4440,14.536000,14.536000,1.046740
4441,14.536000,14.536000,1.046740
4442,14.536000,14.536000,1.046740
4443,14.536000,14.536000,1.046740
4444,14.536000,14.536000,1.046740
4445,14.536000,14.536000,1.046740
4446,14.536000,14.536000,1.046740
4447,14.536000,14.536000,1.046740
4448,14.536000,14.536000,1.046740
4449,14.536000,14.536000,1.046740
4450,15.122000,14.536000,1.046740
4451,15.122000,14.536000,1.046740
4452,15.122000,14.536000,1.046740
4453,15.122000,14.536000,1.046740
4454,15.122000,14.536000,1.046740
4455,15.122000,14.536000,1.046740
4456,15.122000,14.536000,1.046740
4457,15.122000,14.536000,1.046740
4458,14.536000,14.536000,1.046740
4459,14.536000,14.536000,1.046740
4460,14.536000,14.536000,1.046740
4461,14.536000,14.536000,1.046740
4462,14.536000,14.536000,1.046740
4463,14.536000,14.536000,1.046740
4464,14.536000,14.536000,1.046740
4465,14.536000,14.536000,1.046740
4466,14.536000,14.536000,1.046740
4467,14.536000,14.536000,1.046740
4468,14.536000,14.536000,1.046740
4469,14.536000,14.536000,1.046740
4470,14.536000,14.536000,1.046740
4471,14.536000,14.536000,1.046740
4472,14.536000,14.536000,1.046740
4473,14.536000,14.536000,1.046740
4474,14.536000,14.536000,1.046740
4475,14.536000,14.536000,1.046740
4476,14.536000,14.536000,1.046740
4477,14.536000,14.536000,1.046740
4478,14.536000,14.536000,1.046740
4479,14.536000,14.536000,1.046740
4480,14.536000,14.536000,1.046740
4481,14.536000,14.536000,1.046740
4482,16.684000,14.536000,1.046740
4483,16.684000,14.536000,1.046740
4484,16.684000,14.536000,1.046740
4485,16.684000,14.536000,1.046740
4486,14.536000,14.536000,1.046740
4487,14.536000,14.536000,1.046740
4488,14.536000,14.536000,1.046740
4489,14.536000,14.536000,1.046740
4490,14.536000,14.536000,1.046740
4491,14.536000,14.536000,1.046740
4492,14.536000,14.536000,1.046740
4493,14.536000,14.536000,1.046740
4494,14.536000,14.536000,1.046740
4495,14.536000,14.536000,1.046740
4496,14.536000,14.536000,1.046740
4497,14.536000,14.536000,1.046740
4498,14.536000,14.536000,1.046740
4499,14.536000,14.536000,1.046740
4500,14.536000,14.536000,1.046740
4501,14.536000,14.536000,0.994403
4502,16.684000,14.536000,0.994403
4503,16.684000,14.536000,0.994403
4504,17.270000,14.536000,0.994403
4505,17.270000,14.536000,0.994403
4506,17.270000,14.536000,0.994403
4507,17.270000,14.536000,0.994403
4508,17.270000,14.536000,0.994403
4509,17.270000,14.536000,0.994403
4510,17.270000,14.536000,0.994403
4511,17.270000,14.536000,0.994403
4512,17.270000,14.536000,0.994403
4513,17.270000,14.536000,0.994403
4514,17.270000,14.536000,0.994403
4515,17.270000,14.536000,0.994403
4516,15.122000,14.536000,0.994403
4517,14.536000,14.536000,0.994403
4518,14.536000,14.536000,0.994403
4519,14.536000,14.536000,0.994403
4520,14.536000,14.536000,0.994403
4521,14.536000,14.536000,0.994403
4522,14.536000,14.536000,0.994403
4523,14.536000,14.536000,0.994403
4524,14.536000,14.536000,0.994403
4525,14.536000,14.536000,0.994403
4526,15.122000,14.536000,0.994403
4527,15.122000,14.536000,0.994403
4528,15.122000,14.536000,0.994403
4529,15.122000,14.536000,0.994403
4530,15.122000,14.536000,0.994403
4531,14.536000,14.536000,0.994403
4532,14.536000,14.536000,0.994403
4533,14.536000,14.536000,0.994403
4534,14.536000,14.536000,0.994403
4535,14.536000,14.536000,0.994403
4536,14.536000,14.536000,0.994403
4537,14.536000,14.536000,0.994403
4538,14.536000,14.536000,0.994403
4539,14.536000,14.536000,0.994403
4540,14.536000,14.536000,0.994403
4541,14.536000,14.536000,0.994403
4542,14.536000,14.536000,0.994403
4543,14.536000,14.536000,0.994403
4544,14.536000,14.536000,0.994403
4545,14.536000,14.536000,0.994403
4546,14.536000,14.536000,0.994403
4547,14.536000,14.536000,0.994403
4548,14.536000,14.536000,0.994403
4549,14.536000,14.536000,0.994403
4550,14.536000,14.536000,0.994403
4551,14.536000,14.536000,0.994403
4552,14.536000,14.536000,0.994403
4553,14.536000,14.536000,0.994403
4554,14.536000,14.536000,0.994403
4555,14.536000,14.536000,0.994403
4556,16.684000,14.536000,0.994403
4557,16.684000,14.536000,0.994403
4558,16.684000,14.536000,0.994403
4559,16.684000,14.536000,0.994403
4560,16.684000,14.536000,0.994403
4561,16.684000,14.536000,0.994403
4562,16.684000,14.536000,0.994403
4563,16.684000,14.536000,0.994403
4564,16.684000,14.536000,0.994403
4565,16.684000,14.536000,0.994403
4566,16.684000,14.536000,0.994403
4567,16.684000,14.536000,0.994403
4568,16.684000,14.536000,0.994403
4569,16.684000,14.536000,0.994403
4570,16.684000,14.536000,0.994403
4571,14.536000,14.536000,0.994403
4572,14.536000,14.536000,0.994403
4573,14.536000,14.536000,0.994403
4574,14.536000,14.536000,0.994403
4575,14.536000,14.536000,0.994403
4576,15.122000,14.536000,0.994403
4577,14.536000,14.536000,0.994403
4578,15.122000,14.536000,0.994403
4579,15.122000,14.536000,0.994403
4580,15.122000,14.536000,0.994403
4581,15.122000,14.536000,0.994403
4582,15.122000,14.536000,0.994403
4583,15.122000,14.536000,0.994403
4584,20.532000,14.536000,0.994403
4585,20.532000,14.536000,0.994403
4586,20.532000,14.536000,0.994403
4587,20.532000,14.536000,0.994403
4588,20.532000,14.536000,0.994403
4589,22.770000,14.536000,0.994403
4590,22.599000,14.536000,0.994403
4591,22.347000,14.536000,0.994403
4592,21.527000,14.536000,0.994403
4593,19.056000,14.536000,0.994403
4594,19.056000,14.536000,0.994403
4595,19.056000,14.536000,0.994403
4596,15.122000,14.536000,0.994403
4597,15.122000,14.536000,0.994403
4598,15.122000,14.536000,0.994403
4599,15.122000,14.536000,0.994403
4600,15.122000,14.536000,0.994403
4601,15.122000,14.536000,0.944682
4602,15.122000,14.536000,0.944682
4603,15.122000,14.536000,0.944682
4604,15.122000,14.536000,0.944682
4605,15.122000,14.536000,0.944682
4606,15.122000,14.536000,0.944682
4607,15.122000,14.536000,0.944682
4608,14.536000,14.536000,0.944682
4609,14.536000,14.536000,0.944682
4610,14.536000,14.536000,0.944682
4611,14.536000,14.536000,0.944682
4612,14.536000,14.536000,0.944682
4613,14.536000,14.536000,0.944682
4614,14.536000,14.536000,0.944682
4615,14.536000,14.536000,0.944682
4616,14.536000,14.536000,0.944682
4617,14.536000,14.536000,0.944682
4618,14.536000,14.536000,0.944682
4619,15.122000,14.536000,0.944682
4620,15.122000,14.536000,0.944682
4621,15.122000,14.536000,0.944682
4622,14.536000,14.536000,0.944682
4623,15.122000,14.536000,0.944682
4624,15.122000,14.536000,0.944682
4625,15.122000,14.536000,0.944682
4626,15.122000,14.536000,0.944682
4627,15.122000,14.536000,0.944682
4628,14.536000,14.536000,0.944682
4629,14.536000,14.536000,0.944682
4630,14.536000,14.536000,0.944682
4631,14.536000,14.536000,0.944682
4632,14.536000,14.536000,0.944682
4633,14.536000,14.536000,0.944682
4634,14.536000,14.536000,0.944682
4635,14.536000,14.536000,0.944682
4636,14.536000,14.536000,0.944682
4637,14.536000,14.536000,0.944682
4638,14.536000,14.536000,0.944682
4639,14.536000,14.536000,0.944682
4640,14.536000,14.536000,0.944682
4641,14.536000,14.536000,0.944682
4642,14.536000,14.536000,0.944682
4643,14.536000,14.536000,0.944682
4644,14.536000,14.536000,0.944682
4645,14.536000,14.536000,0.944682
4646,14.536000,14.536000,0.944682
4647,14.536000,14.536000,0.944682
4648,14.536000,14.536000,0.944682
4649,14.536000,14.536000,0.944682
4650,14.536000,14.536000,0.944682
4651,14.536000,14.536000,0.944682
4652,14.536000,14.536000,0.944682
4653,14.536000,14.536000,0.944682
4654,14.536000,14.536000,0.944682
4655,14.536000,14.536000,0.944682
4656,14.536000,14.536000,0.944682
4657,14.536000,14.536000,0.944682
4658,14.536000,14.536000,0.944682
4659,14.536000,14.536000,0.944682
4660,14.536000,14.536000,0.944682
4661,14.536000,14.536000,0.944682
4662,14.536000,14.536000,0.944682
4663,14.536000,14.536000,0.944682
4664,14.536000,14.536000,0.944682
4665,14.536000,14.536000,0.944682
4666,14.536000,14.536000,0.944682
4667,14.536000,14.536000,0.944682
4668,14.536000,14.536000,0.944682
4669,14.536000,14.536000,0.944682
4670,14.536000,14.536000,0.944682
4671,14.536000,14.536000,0.944682
4672,14.536000,14.536000,0.944682
4673,15.122000,14.536000,0.944682
4674,15.122000,14.536000,0.944682
4675,15.122000,14.536000,0.944682
4676,15.122000,14.536000,0.944682
4677,15.122000,14.536000,0.944682
4678,15.122000,14.536000,0.944682
4679,15.122000,14.536000,0.944682
4680,15.122000,14.536000,0.944682
4681,14.536000,14.536000,0.944682
4682,14.536000,14.536000,0.944682
4683,14.536000,14.536000,0.944682
4684,14.536000,14.536000,0.944682
4685,14.536000,14.536000,0.944682
4686,14.536000,14.536000,0.944682
4687,14.536000,14.536000,0.944682
4688,15.122000,14.536000,0.944682
4689,15.122000,14.536000,0.944682
4690,14.536000,14.536000,0.944682
4691,14.536000,14.536000,0.944682
4692,14.536000,14.536000,0.944682
4693,14.536000,14.536000,0.944682
4694,14.536000,14.536000,0.944682
4695,14.536000,14.536000,0.944682
4696,15.122000,14.536000,0.944682
4697,15.122000,14.536000,0.944682
4698,15.122000,14.536000,0.944682
4699,15.122000,14.536000,0.944682
4700,15.122000,14.536000,0.944682
4701,15.122000,14.536000,0.897448
4702,15.122000,14.536000,0.897448
4703,15.122000,14.536000,0.897448
4704,15.122000,14.536000,0.897448
4705,15.122000,14.536000,0.897448
4706,14.536000,14.536000,0.897448
4707,14.536000,14.536000,0.897448
4708,14.536000,14.536000,0.897448
4709,14.536000,14.536000,0.897448
4710,14.536000,14.536000,0.897448
4711,14.536000,14.536000,0.897448
4712,14.536000,14.536000,0.897448
4713,14.536000,14.536000,0.897448
4714,14.536000,14.536000,0.897448
4715,15.122000,14.536000,0.897448
4716,15.122000,14.536000,0.897448
4717,15.122000,14.536000,0.897448
4718,15.122000,14.536000,0.897448
4719,15.122000,14.536000,0.897448
4720,14.536000,14.536000,0.897448
4721,14.536000,14.536000,0.897448
4722,14.536000,14.536000,0.897448
4723,14.536000,14.536000,0.897448
4724,14.536000,14.536000,0.897448
4725,14.536000,14.536000,0.897448
4726,14.536000,14.536000,0.897448
4727,14.536000,14.536000,0.897448
4728,14.536000,14.536000,0.897448
4729,14.536000,14.536000,0.897448
4730,15.122000,14.536000,0.897448
4731,15.122000,14.536000,0.897448
4732,15.122000,14.536000,0.897448
4733,15.122000,14.536000,0.897448
4734,15.122000,14.536000,0.897448
4735,15.122000,14.536000,0.897448
4736,15.122000,14.536000,0.897448
4737,15.122000,14.536000,0.897448
4738,15.122000,14.536000,0.897448
4739,15.122000,14.536000,0.897448
4740,15.122000,14.536000,0.897448
4741,15.122000,14.536000,0.897448
4742,15.122000,14.536000,0.897448
4743,15.122000,14.536000,0.897448
4744,15.122000,14.536000,0.897448
4745,15.122000,14.536000,0.897448
4746,15.122000,14.536000,0.897448
4747,15.122000,14.536000,0.897448
4748,15.122000,14.536000,0.897448
4749,15.122000,14.536000,0.897448
4750,19.056000,14.536000,0.897448
4751,19.056000,14.536000,0.897448
4752,19.056000,14.536000,0.897448
4753,19.056000,14.536000,0.897448
4754,19.056000,14.536000,0.897448
4755,19.056000,14.536000,0.897448
4756,19.056000,14.536000,0.897448
4757,19.056000,14.536000,0.897448
4758,19.056000,14.536000,0.897448
4759,19.056000,14.536000,0.897448
4760,19.056000,14.536000,0.897448
4761,18.329000,14.536000,0.897448
4762,18.329000,14.536000,0.897448
4763,18.329000,14.536000,0.897448
4764,18.329000,14.536000,0.897448
4765,18.329000,14.536000,0.897448
4766,18.329000,14.536000,0.897448
4767,18.329000,14.536000,0.897448
4768,17.374000,14.536000,0.897448
4769,17.374000,14.536000,0.897448
4770,17.374000,14.536000,0.897448
4771,17.374000,14.536000,0.897448
4772,17.374000,14.536000,0.897448
4773,17.374000,14.536000,0.897448
4774,15.122000,14.536000,0.897448
4775,15.122000,14.536000,0.897448
4776,15.122000,14.536000,0.897448
4777,15.122000,14.536000,0.897448
4778,15.122000,14.536000,0.897448
4779,15.122000,14.536000,0.897448
4780,15.122000,14.536000,0.897448
4781,15.122000,14.536000,0.897448
4782,15.122000,14.536000,0.897448
4783,15.122000,14.536000,0.897448
4784,15.122000,14.536000,0.897448
4785,15.122000,14.536000,0.897448
4786,15.122000,14.536000,0.897448
4787,14.536000,14.536000,0.897448
4788,14.536000,14.536000,0.897448
4789,14.536000,14.536000,0.897448
4790,14.536000,14.536000,0.897448
4791,14.536000,14.536000,0.897448
4792,14.536000,14.536000,0.897448
4793,14.536000,14.536000,0.897448
4794,14.536000,14.536000,0.897448
4795,14.536000,14.536000,0.897448
4796,17.379000,14.536000,0.897448
4797,17.379000,14.536000,0.897448
4798,17.379000,14.536000,0.897448
4799,17.379000,14.536000,0.897448
4800,17.379000,14.536000,0.897448
4801,17.379000,14.536000,0.852576
4802,19.921000,14.536000,0.852576
4803,17.379000,14.536000,0.852576
4804,17.379000,14.536000,0.852576
4805,17.379000,14.536000,0.852576
4806,17.379000,14.536000,0.852576
4807,17.379000,14.536000,0.852576
4808,17.379000,14.536000,0.852576
4809,17.379000,14.536000,0.852576
4810,17.379000,14.536000,0.852576
4811,17.374000,14.536000,0.852576
4812,17.374000,14.536000,0.852576
4813,17.374000,14.536000,0.852576
4814,17.374000,14.536000,0.852576
4815,17.374000,14.536000,0.852576
4816,15.122000,14.536000,0.852576
4817,15.122000,14.536000,0.852576
4818,15.122000,14.536000,0.852576
4819,15.122000,14.536000,0.852576
4820,15.122000,14.536000,0.852576
4821,15.122000,14.536000,0.852576
4822,15.122000,14.536000,0.852576
4823,15.122000,14.536000,0.852576
4824,15.122000,14.536000,0.852576
4825,15.122000,14.536000,0.852576
4826,15.122000,14.536000,0.852576
4827,15.122000,14.536000,0.852576
4828,15.122000,14.536000,0.852576
4829,15.122000,14.536000,0.852576
4830,15.122000,14.536000,0.852576
4831,15.122000,14.536000,0.852576
4832,15.122000,14.536000,0.852576
4833,15.122000,14.536000,0.852576
4834,15.122000,14.536000,0.852576
4835,15.122000,14.536000,0.852576
4836,15.122000,14.536000,0.852576
4837,15.122000,14.536000,0.852576
4838,15.122000,14.536000,0.852576
4839,15.122000,14.536000,0.852576
4840,15.122000,14.536000,0.852576
4841,15.122000,14.536000,0.852576
4842,17.270000,14.536000,0.852576
4843,16.684000,14.536000,0.852576
4844,16.684000,14.536000,0.852576
4845,17.270000,14.536000,0.852576
4846,17.270000,14.536000,0.852576
4847,16.684000,14.536000,0.852576
4848,14.536000,14.536000,0.852576
4849,14.536000,14.536000,0.852576
4850,14.536000,14.536000,0.852576
4851,14.536000,14.536000,0.852576
4852,14.536000,14.536000,0.852576
4853,14.536000,14.536000,0.852576
4854,14.536000,14.536000,0.852576
4855,16.684000,14.536000,0.852576
4856,16.684000,14.536000,0.852576
4857,16.684000,14.536000,0.852576
4858,16.684000,14.536000,0.852576
4859,16.684000,14.536000,0.852576
4860,16.684000,14.536000,0.852576
4861,16.684000,14.536000,0.852576
4862,14.536000,14.536000,0.852576
4863,14.536000,14.536000,0.852576
4864,14.536000,14.536000,0.852576
4865,14.536000,14.536000,0.852576
4866,14.536000,14.536000,0.852576
4867,14.536000,14.536000,0.852576
4868,14.536000,14.536000,0.852576
4869,14.536000,14.536000,0.852576
4870,14.536000,14.536000,0.852576
4871,15.122000,14.536000,0.852576
4872,15.122000,14.536000,0.852576
4873,15.122000,14.536000,0.852576
4874,15.122000,14.536000,0.852576
4875,15.122000,14.536000,0.852576
4876,15.122000,14.536000,0.852576
4877,15.122000,14.536000,0.852576
4878,15.122000,14.536000,0.852576
4879,15.122000,14.536000,0.852576
4880,15.122000,14.536000,0.852576
4881,15.122000,14.536000,0.852576
4882,14.536000,14.536000,0.852576
4883,14.536000,14.536000,0.852576
4884,14.536000,14.536000,0.852576
4885,14.536000,14.536000,0.852576
4886,14.536000,14.536000,0.852576
4887,14.536000,14.536000,0.852576
4888,14.536000,14.536000,0.852576
4889,14.536000,14.536000,0.852576
4890,14.536000,14.536000,0.852576
4891,14.536000,14.536000,0.852576
4892,14.536000,14.536000,0.852576
4893,14.536000,14.536000,0.852576
4894,14.536000,14.536000,0.852576
4895,14.536000,14.536000,0.852576
4896,14.536000,14.536000,0.852576
4897,14.536000,14.536000,0.852576
4898,15.122000,14.536000,0.852576
4899,15.122000,14.536000,0.852576
4900,15.122000,14.536000,0.852576
4901,15.122000,14.536000,0.809947
4902,15.122000,14.536000,0.809947
4903,15.122000,14.536000,0.809947
4904,14.536000,14.536000,0.809947
4905,14.536000,14.536000,0.809947
4906,14.536000,14.536000,0.809947
4907,14.536000,14.536000,0.809947
4908,14.536000,14.536000,0.809947
4909,14.536000,14.536000,0.809947
4910,14.536000,14.536000,0.809947
4911,14.536000,14.536000,0.809947
4912,14.536000,14.536000,0.809947
4913,14.536000,14.536000,0.809947
4914,14.536000,14.536000,0.809947
4915,14.536000,14.536000,0.809947
4916,14.536000,14.536000,0.809947
4917,14.536000,14.536000,0.809947
4918,15.122000,14.536000,0.809947
4919,15.122000,14.536000,0.809947
4920,15.122000,14.536000,0.809947
4921,15.122000,14.536000,0.809947
4922,15.122000,14.536000,0.809947
4923,15.122000,14.536000,0.809947
4924,15.122000,14.536000,0.809947
4925,15.122000,14.536000,0.809947
4926,15.122000,14.536000,0.809947
4927,15.122000,14.536000,0.809947
4928,15.122000,14.536000,0.809947
4929,15.122000,14.536000,0.809947
4930,15.122000,14.536000,0.809947
4931,15.122000,14.536000,0.809947
4932,15.122000,14.536000,0.809947
4933,15.122000,14.536000,0.809947
4934,15.122000,14.536000,0.809947
4935,15.122000,14.536000,0.809947
4936,15.122000,14.536000,0.809947
4937,14.536000,14.536000,0.809947
4938,14.536000,14.536000,0.809947
4939,14.536000,14.536000,0.809947
4940,14.536000,14.536000,0.809947
4941,14.536000,14.536000,0.809947
4942,14.536000,14.536000,0.809947
4943,14.536000,14.536000,0.809947
4944,14.536000,14.536000,0.809947
4945,14.536000,14.536000,0.809947
4946,14.536000,14.536000,0.809947
4947,14.536000,14.536000,0.809947
4948,14.536000,14.536000,0.809947
4949,14.536000,14.536000,0.809947
4950,15.122000,14.536000,0.809947
4951,15.122000,14.536000,0.809947
4952,15.122000,14.536000,0.809947
4953,15.122000,14.536000,0.809947
4954,15.122000,14.536000,0.809947
4955,15.122000,14.536000,0.809947
4956,15.122000,14.536000,0.809947
4957,15.122000,14.536000,0.809947
4958,14.536000,14.536000,0.809947
4959,14.536000,14.536000,0.809947
4960,14.536000,14.536000,0.809947
4961,14.536000,14.536000,0.809947
4962,14.536000,14.536000,0.809947
4963,14.536000,14.536000,0.809947
4964,14.536000,14.536000,0.809947
4965,14.536000,14.536000,0.809947
4966,14.536000,14.536000,0.809947
4967,14.536000,14.536000,0.809947
4968,14.536000,14.536000,0.809947
4969,14.536000,14.536000,0.809947
4970,14.536000,14.536000,0.809947
4971,14.536000,14.536000,0.809947
4972,14.536000,14.536000,0.809947
4973,14.536000,14.536000,0.809947
4974,14.536000,14.536000,0.809947
4975,14.536000,14.536000,0.809947
4976,14.536000,14.536000,0.809947
4977,14.536000,14.536000,0.809947
4978,14.536000,14.536000,0.809947
4979,14.536000,14.536000,0.809947
4980,14.536000,14.536000,0.809947
4981,14.536000,14.536000,0.809947
4982,14.536000,14.536000,0.809947
4983,14.536000,14.536000,0.809947
4984,14.536000,14.536000,0.809947
4985,14.536000,14.536000,0.809947
4986,14.536000,14.536000,0.809947
4987,14.536000,14.536000,0.809947
4988,14.536000,14.536000,0.809947
4989,14.536000,14.536000,0.809947
4990,14.536000,14.536000,0.809947
4991,14.536000,14.536000,0.809947
4992,14.536000,14.536000,0.809947
4993,14.536000,14.536000,0.809947
4994,14.536000,14.536000,0.809947
4995,14.536000,14.536000,0.809947
4996,14.536000,14.536000,0.809947
4997,15.122000,14.536000,0.809947
4998,15.122000,14.536000,0.809947
4999,15.122000,14.536000,0.809947
5000,15.122000,14.536000,0.809947
5001,15.122000,14.536000,0.769450
5002,15.122000,14.536000,0.769450
5003,14.536000,14.536000,0.769450
5004,14.536000,14.536000,0.769450
5005,14.536000,14.536000,0.769450
5006,14.536000,14.536000,0.769450
5007,14.536000,14.536000,0.769450
5008,14.536000,14.536000,0.769450
5009,14.536000,14.536000,0.769450
5010,14.536000,14.536000,0.769450
5011,17.379000,14.536000,0.769450
5012,17.379000,14.536000,0.769450
5013,14.536000,14.536000,0.769450
5014,14.536000,14.536000,0.769450
5015,14.536000,14.536000,0.769450
5016,14.536000,14.536000,0.769450
5017,14.536000,14.536000,0.769450
5018,14.536000,14.536000,0.769450
5019,14.536000,14.536000,0.769450
5020,14.536000,14.536000,0.769450
5021,14.536000,14.536000,0.769450
5022,14.536000,14.536000,0.769450
5023,14.536000,14.536000,0.769450
5024,14.536000,14.536000,0.769450
5025,14.536000,14.536000,0.769450
5026,14.536000,14.536000,0.769450
5027,14.536000,14.536000,0.769450
5028,14.536000,14.536000,0.769450
5029,15.122000,14.536000,0.769450
5030,14.536000,14.536000,0.769450
5031,14.536000,14.536000,0.769450
5032,14.536000,14.536000,0.769450
5033,14.536000,14.536000,0.769450
5034,14.536000,14.536000,0.769450
5035,14.536000,14.536000,0.769450
5036,17.379000,14.536000,0.769450
5037,17.379000,14.536000,0.769450
5038,17.374000,14.536000,0.769450
5039,17.379000,14.536000,0.769450
5040,19.056000,14.536000,0.769450
5041,19.056000,14.536000,0.769450
5042,19.056000,14.536000,0.769450
5043,19.056000,14.536000,0.769450
5044,17.379000,14.536000,0.769450
5045,14.536000,14.536000,0.769450
5046,14.536000,14.536000,0.769450
5047,14.536000,14.536000,0.769450
5048,14.536000,14.536000,0.769450
5049,14.536000,14.536000,0.769450
5050,14.536000,14.536000,0.769450
5051,14.536000,14.536000,0.769450
5052,14.536000,14.536000,0.769450
5053,14.536000,14.536000,0.769450
5054,14.536000,14.536000,0.769450
5055,14.536000,14.536000,0.769450
5056,14.536000,14.536000,0.769450
5057,15.122000,14.536000,0.769450
5058,15.122000,14.536000,0.769450
5059,15.122000,14.536000,0.769450
5060,15.122000,14.536000,0.769450
5061,15.122000,14.536000,0.769450
5062,15.122000,14.536000,0.769450
5063,15.122000,14.536000,0.769450
5064,14.536000,14.536000,0.769450
5065,14.536000,14.536000,0.769450
5066,14.536000,14.536000,0.769450
5067,14.536000,14.536000,0.769450
5068,14.536000,14.536000,0.769450
5069,14.536000,14.536000,0.769450
5070,14.536000,14.536000,0.769450
5071,14.536000,14.536000,0.769450
5072,15.122000,14.536000,0.769450
5073,15.122000,14.536000,0.769450
5074,15.122000,14.536000,0.769450
5075,17.270000,14.536000,0.769450
5076,17.270000,14.536000,0.769450
5077,15.122000,14.536000,0.769450
5078,15.122000,14.536000,0.769450
5079,15.122000,14.536000,0.769450
5080,15.122000,14.536000,0.769450
5081,14.536000,14.536000,0.769450
5082,14.536000,14.536000,0.769450
5083,14.536000,14.536000,0.769450
5084,14.536000,14.536000,0.769450
5085,14.536000,14.536000,0.769450
5086,14.536000,14.536000,0.769450
5087,14.536000,14.536000,0.769450
5088,14.536000,14.536000,0.769450
5089,14.536000,14.536000,0.769450
5090,14.536000,14.536000,0.769450
5091,14.536000,14.536000,0.769450
5092,15.122000,14.536000,0.769450
5093,15.122000,14.536000,0.769450
5094,15.122000,14.536000,0.769450
5095,14.536000,14.536000,0.769450
5096,14.536000,14.536000,0.769450
5097,14.536000,14.536000,0.769450
5098,14.536000,14.536000,0.769450
5099,14.536000,14.536000,0.769450
5100,14.536000,14.536000,0.769450
5101,14.536000,14.536000,0.730977
5102,14.536000,14.536000,0.730977
5103,14.536000,14.536000,0.730977
5104,14.536000,14.536000,0.730977
5105,14.536000,14.536000,0.730977
5106,14.536000,14.536000,0.730977
5107,14.536000,14.536000,0.730977
5108,14.536000,14.536000,0.730977
5109,14.536000,14.536000,0.730977
5110,14.536000,14.536000,0.730977
5111,14.536000,14.536000,0.730977
5112,14.536000,14.536000,0.730977
5113,14.536000,14.536000,0.730977
5114,14.536000,14.536000,0.730977
5115,14.536000,14.536000,0.730977
5116,14.536000,14.536000,0.730977
5117,14.536000,14.536000,0.730977
5118,14.536000,14.536000,0.730977
5119,16.684000,14.536000,0.730977
5120,16.684000,14.536000,0.730977
5121,16.684000,14.536000,0.730977
5122,16.684000,14.536000,0.730977
5123,16.684000,14.536000,0.730977
5124,16.684000,14.536000,0.730977
5125,16.684000,14.536000,0.730977
5126,16.684000,14.536000,0.730977
5127,16.684000,14.536000,0.730977
5128,16.684000,14.536000,0.730977
5129,16.684000,14.536000,0.730977
5130,16.684000,14.536000,0.730977
5131,16.684000,14.536000,0.730977
5132,14.536000,14.536000,0.730977
5133,14.536000,14.536000,0.730977
5134,14.536000,14.536000,0.730977
5135,14.536000,14.536000,0.730977
5136,14.536000,14.536000,0.730977
5137,14.536000,14.536000,0.730977
5138,14.536000,14.536000,0.730977
5139,14.536000,14.536000,0.730977
5140,14.536000,14.536000,0.730977
5141,14.536000,14.536000,0.730977
5142,14.536000,14.536000,0.730977
5143,14.536000,14.536000,0.730977
5144,14.536000,14.536000,0.730977
5145,14.536000,14.536000,0.730977
5146,14.536000,14.536000,0.730977
5147,14.536000,14.536000,0.730977
5148,14.536000,14.536000,0.730977
5149,14.536000,14.536000,0.730977
5150,15.122000,14.536000,0.730977
5151,15.122000,14.536000,0.730977
5152,15.122000,14.536000,0.730977
5153,15.122000,14.536000,0.730977
5154,15.122000,14.536000,0.730977
5155,15.122000,14.536000,0.730977
5156,15.122000,14.536000,0.730977
5157,15.122000,14.536000,0.730977
5158,15.122000,14.536000,0.730977
5159,15.122000,14.536000,0.730977
5160,15.122000,14.536000,0.730977
5161,15.122000,14.536000,0.730977
5162,15.122000,14.536000,0.730977
5163,15.122000,14.536000,0.730977
5164,14.536000,14.536000,0.730977
5165,14.536000,14.536000,0.730977
5166,14.536000,14.536000,0.730977
5167,15.122000,14.536000,0.730977
5168,15.122000,14.536000,0.730977
5169,15.122000,14.536000,0.730977
5170,15.122000,14.536000,0.730977
5171,15.122000,14.536000,0.730977
5172,15.122000,14.536000,0.730977
5173,15.122000,14.536000,0.730977
5174,15.122000,14.536000,0.730977
5175,14.536000,14.536000,0.730977
5176,14.536000,14.536000,0.730977
5177,14.536000,14.536000,0.730977
5178,14.536000,14.536000,0.730977
5179,14.536000,14.536000,0.730977
5180,14.536000,14.536000,0.730977
5181,14.536000,14.536000,0.730977
5182,14.536000,14.536000,0.730977
5183,14.536000,14.536000,0.730977
5184,14.536000,14.536000,0.730977
5185,15.122000,14.536000,0.730977
5186,15.122000,14.536000,0.730977
5187,15.122000,14.536000,0.730977
5188,15.122000,14.536000,0.730977
5189,14.536000,14.536000,0.730977
5190,14.536000,14.536000,0.730977
5191,14.536000,14.536000,0.730977
5192,14.536000,14.536000,0.730977
5193,14.536000,14.536000,0.730977
5194,15.122000,14.536000,0.730977
5195,14.536000,14.536000,0.730977
5196,14.536000,14.536000,0.730977
5197,14.536000,14.536000,0.730977
5198,14.536000,14.536000,0.730977
5199,14.536000,14.536000,0.730977
5200,14.536000,14.536000,0.730977
5201,14.536000,14.536000,0.694428
5202,15.122000,14.536000,0.694428
5203,15.122000,14.536000,0.694428
5204,15.122000,14.536000,0.694428
5205,15.122000,14.536000,0.694428
5206,15.122000,14.536000,0.694428
5207,15.122000,14.536000,0.694428
5208,15.122000,14.536000,0.694428
5209,15.122000,14.536000,0.694428
5210,15.122000,14.536000,0.694428
5211,15.122000,14.536000,0.694428
5212,14.536000,14.536000,0.694428
5213,14.536000,14.536000,0.694428
5214,14.536000,14.536000,0.694428
5215,14.536000,14.536000,0.694428
5216,14.536000,14.536000,0.694428
5217,14.536000,14.536000,0.694428
5218,14.536000,14.536000,0.694428
5219,14.536000,14.536000,0.694428
5220,15.122000,14.536000,0.694428
5221,15.122000,14.536000,0.694428
5222,15.122000,14.536000,0.694428
5223,15.122000,14.536000,0.694428
5224,15.122000,14.536000,0.694428
5225,15.122000,14.536000,0.694428
5226,15.122000,14.536000,0.694428
5227,15.122000,14.536000,0.694428
5228,14.536000,14.536000,0.694428
5229,14.536000,14.536000,0.694428
5230,14.536000,14.536000,0.694428
5231,14.536000,14.536000,0.694428
5232,14.536000,14.536000,0.694428
5233,14.536000,14.536000,0.694428
5234,14.536000,14.536000,0.694428
5235,15.122000,14.536000,0.694428
5236,14.536000,14.536000,0.694428
5237,14.536000,14.536000,0.694428
5238,14.536000,14.536000,0.694428
5239,14.536000,14.536000,0.694428
5240,14.536000,14.536000,0.694428
5241,14.536000,14.536000,0.694428
5242,14.536000,14.536000,0.694428
5243,14.536000,14.536000,0.694428
5244,15.122000,14.536000,0.694428
5245,15.122000,14.536000,0.694428
5246,15.122000,14.536000,0.694428
5247,15.122000,14.536000,0.694428
5248,15.122000,14.536000,0.694428
5249,15.122000,14.536000,0.694428
5250,15.122000,14.536000,0.694428
5251,15.122000,14.536000,0.694428
5252,15.122000,14.536000,0.694428
5253,15.122000,14.536000,0.694428
5254,15.122000,14.536000,0.694428
5255,15.122000,14.536000,0.694428
5256,15.122000,14.536000,0.694428
5257,15.122000,14.536000,0.694428
5258,15.122000,14.536000,0.694428
5259,15.122000,14.536000,0.694428
5260,15.122000,14.536000,0.694428
5261,15.122000,14.536000,0.694428
5262,15.122000,14.536000,0.694428
5263,15.122000,14.536000,0.694428
5264,15.122000,14.536000,0.694428
5265,14.536000,14.536000,0.694428
5266,14.536000,14.536000,0.694428
5267,14.536000,14.536000,0.694428
5268,14.536000,14.536000,0.694428
5269,14.536000,14.536000,0.694428
5270,14.536000,14.536000,0.694428
5271,14.536000,14.536000,0.694428
5272,14.536000,14.536000,0.694428
5273,15.122000,14.536000,0.694428
5274,14.536000,14.536000,0.694428
5275,14.536000,14.536000,0.694428
5276,14.536000,14.536000,0.694428
5277,14.536000,14.536000,0.694428
5278,14.536000,14.536000,0.694428
5279,14.536000,14.536000,0.694428
5280,14.536000,14.536000,0.694428
5281,14.536000,14.536000,0.694428
5282,14.536000,14.536000,0.694428
5283,14.536000,14.536000,0.694428
5284,15.122000,14.536000,0.694428
5285,15.122000,14.536000,0.694428
5286,15.122000,14.536000,0.694428
5287,15.122000,14.536000,0.694428
5288,15.122000,14.536000,0.694428
5289,15.122000,14.536000,0.694428
5290,15.122000,14.536000,0.694428
5291,14.536000,14.536000,0.694428
5292,14.536000,14.536000,0.694428
5293,14.536000,14.536000,0.694428
5294,14.536000,14.536000,0.694428
5295,14.536000,14.536000,0.694428
5296,14.536000,14.536000,0.694428
5297,14.536000,14.536000,0.694428
5298,14.536000,14.536000,0.694428
5299,14.536000,14.536000,0.694428
5300,14.536000,14.536000,0.694428
5301,14.536000,14.536000,0.659707
5302,14.536000,14.536000,0.659707
5303,14.536000,14.536000,0.659707
5304,14.536000,14.536000,0.659707
5305,14.536000,14.536000,0.659707
5306,14.536000,14.536000,0.659707
5307,14.536000,14.536000,0.659707
5308,14.536000,14.536000,0.659707
5309,14.536000,14.536000,0.659707
5310,14.536000,14.536000,0.659707
5311,14.536000,14.536000,0.659707
5312,14.536000,14.536000,0.659707
5313,14.536000,14.536000,0.659707
5314,14.536000,14.536000,0.659707
5315,14.536000,14.536000,0.659707
5316,15.122000,14.536000,0.659707
5317,15.122000,14.536000,0.659707
5318,15.122000,14.536000,0.659707
5319,15.122000,14.536000,0.659707
5320,15.122000,14.536000,0.659707
5321,15.122000,14.536000,0.659707
5322,15.122000,14.536000,0.659707
5323,15.122000,14.536000,0.659707
5324,15.122000,14.536000,0.659707
5325,14.536000,14.536000,0.659707
5326,14.536000,14.536000,0.659707
5327,14.536000,14.536000,0.659707
5328,14.536000,14.536000,0.659707
5329,14.536000,14.536000,0.659707
5330,15.122000,14.536000,0.659707
5331,15.122000,14.536000,0.659707
5332,15.122000,14.536000,0.659707
5333,15.122000,14.536000,0.659707
5334,14.536000,14.536000,0.659707
5335,14.536000,14.536000,0.659707
5336,15.122000,14.536000,0.659707
5337,15.122000,14.536000,0.659707
5338,15.122000,14.536000,0.659707
5339,15.122000,14.536000,0.659707
5340,15.122000,14.536000,0.659707
5341,15.122000,14.536000,0.659707
5342,15.122000,14.536000,0.659707
5343,15.122000,14.536000,0.659707
5344,15.122000,14.536000,0.659707
5345,15.122000,14.536000,0.659707
5346,15.122000,14.536000,0.659707
5347,15.122000,14.536000,0.659707
5348,15.122000,14.536000,0.659707
5349,14.536000,14.536000,0.659707
5350,14.536000,14.536000,0.659707
5351,14.536000,14.536000,0.659707
5352,14.536000,14.536000,0.659707
5353,14.536000,14.536000,0.659707
5354,15.122000,14.536000,0.659707
5355,15.122000,14.536000,0.659707
5356,15.122000,14.536000,0.659707
5357,15.122000,14.536000,0.659707
5358,15.122000,14.536000,0.659707
5359,15.122000,14.536000,0.659707
5360,14.536000,14.536000,0.659707
5361,14.536000,14.536000,0.659707
5362,14.536000,14.536000,0.659707
5363,14.536000,14.536000,0.659707
5364,14.536000,14.536000,0.659707
5365,14.536000,14.536000,0.659707
5366,14.536000,14.536000,0.659707
5367,14.536000,14.536000,0.659707
5368,14.536000,14.536000,0.659707
5369,14.536000,14.536000,0.659707
5370,15.122000,14.536000,0.659707
5371,15.122000,14.536000,0.659707
5372,15.122000,14.536000,0.659707
5373,15.122000,14.536000,0.659707
5374,15.122000,14.536000,0.659707
5375,15.122000,14.536000,0.659707
5376,15.122000,14.536000,0.659707
5377,15.122000,14.536000,0.659707
5378,15.122000,14.536000,0.659707
5379,15.122000,14.536000,0.659707
5380,15.122000,14.536000,0.659707
5381,15.122000,14.536000,0.659707
5382,15.122000,14.536000,0.659707
5383,14.536000,14.536000,0.659707
5384,14.536000,14.536000,0.659707
5385,14.536000,14.536000,0.659707
5386,14.536000,14.536000,0.659707
5387,14.536000,14.536000,0.659707
5388,14.536000,14.536000,0.659707
5389,14.536000,14.536000,0.659707
5390,14.536000,14.536000,0.659707
5391,14.536000,14.536000,0.659707
5392,14.536000,14.536000,0.659707
5393,14.536000,14.536000,0.659707
5394,14.536000,14.536000,0.659707
5395,14.536000,14.536000,0.659707
5396,14.536000,14.536000,0.659707
5397,14.536000,14.536000,0.659707
5398,14.536000,14.536000,0.659707
5399,14.536000,14.536000,0.659707
5400,14.536000,14.536000,0.659707
5401,14.536000,14.536000,0.626722
5402,14.536000,14.536000,0.626722
5403,14.536000,14.536000,0.626722
5404,14.536000,14.536000,0.626722
5405,14.536000,14.536000,0.626722
5406,14.536000,14.536000,0.626722
5407,14.536000,14.536000,0.626722
5408,14.536000,14.536000,0.626722
5409,14.536000,14.536000,0.626722
5410,14.536000,14.536000,0.626722
5411,15.122000,14.536000,0.626722
5412,15.122000,14.536000,0.626722
5413,15.122000,14.536000,0.626722
5414,15.122000,14.536000,0.626722
5415,15.122000,14.536000,0.626722
5416,15.122000,14.536000,0.626722
5417,14.536000,14.536000,0.626722
5418,15.122000,14.536000,0.626722
5419,14.536000,14.536000,0.626722
5420,14.536000,14.536000,0.626722
5421,14.536000,14.536000,0.626722
5422,14.536000,14.536000,0.626722
5423,14.536000,14.536000,0.626722
5424,14.536000,14.536000,0.626722
5425,14.536000,14.536000,0.626722
5426,14.536000,14.536000,0.626722
5427,14.536000,14.536000,0.626722
5428,14.536000,14.536000,0.626722
5429,14.536000,14.536000,0.626722
5430,14.536000,14.536000,0.626722
5431,14.536000,14.536000,0.626722
5432,14.536000,14.536000,0.626722
5433,14.536000,14.536000,0.626722
5434,14.536000,14.536000,0.626722
5435,14.536000,14.536000,0.626722
5436,15.122000,14.536000,0.626722
5437,15.122000,14.536000,0.626722
5438,15.122000,14.536000,0.626722
5439,15.122000,14.536000,0.626722
5440,15.122000,14.536000,0.626722
5441,14.536000,14.536000,0.626722
5442,14.536000,14.536000,0.626722
5443,14.536000,14.536000,0.626722
5444,14.536000,14.536000,0.626722
5445,14.536000,14.536000,0.626722
5446,14.536000,14.536000,0.626722
5447,14.536000,14.536000,0.626722
5448,14.536000,14.536000,0.626722
5449,14.536000,14.536000,0.626722
5450,14.536000,14.536000,0.626722
5451,14.536000,14.536000,0.626722
5452,14.536000,14.536000,0.626722
5453,14.536000,14.536000,0.626722
5454,14.536000,14.536000,0.626722
5455,14.536000,14.536000,0.626722
5456,14.536000,14.536000,0.626722
5457,14.536000,14.536000,0.626722
5458,14.536000,14.536000,0.626722
5459,14.536000,14.536000,0.626722
5460,14.536000,14.536000,0.626722
5461,14.536000,14.536000,0.626722
5462,14.536000,14.536000,0.626722
5463,14.536000,14.536000,0.626722
5464,14.536000,14.536000,0.626722
5465,14.536000,14.536000,0.626722
5466,14.536000,14.536000,0.626722
5467,14.536000,14.536000,0.626722
5468,14.536000,14.536000,0.626722
5469,14.536000,14.536000,0.626722
5470,14.536000,14.536000,0.626722
5471,14.536000,14.536000,0.626722
5472,14.536000,14.536000,0.626722
5473,14.536000,14.536000,0.626722
5474,15.122000,14.536000,0.626722
5475,15.122000,14.536000,0.626722
5476,17.374000,14.536000,0.626722
5477,17.374000,14.536000,0.626722
5478,17.374000,14.536000,0.626722
5479,17.374000,14.536000,0.626722
5480,17.374000,14.536000,0.626722
5481,17.374000,14.536000,0.626722
5482,17.374000,14.536000,0.626722
5483,17.374000,14.536000,0.626722
5484,17.374000,14.536000,0.626722
5485,17.374000,14.536000,0.626722
5486,17.374000,14.536000,0.626722
5487,17.374000,14.536000,0.626722
5488,17.379000,14.536000,0.626722
5489,14.536000,14.536000,0.626722
5490,14.536000,14.536000,0.626722
5491,14.536000,14.536000,0.626722
5492,14.536000,14.536000,0.626722
5493,14.536000,14.536000,0.626722
5494,14.536000,14.536000,0.626722
5495,14.536000,14.536000,0.626722
5496,14.536000,14.536000,0.626722
5497,14.536000,14.536000,0.626722
5498,14.536000,14.536000,0.626722
5499,14.536000,14.536000,0.626722
5500,14.536000,14.536000,0.626722
5501,14.536000,14.536000,0.595386
5502,14.536000,14.536000,0.595386
5503,14.536000,14.536000,0.595386
5504,14.536000,14.536000,0.595386
5505,14.536000,14.536000,0.595386
5506,14.536000,14.536000,0.595386
5507,14.536000,14.536000,0.595386
5508,14.536000,14.536000,0.595386
5509,14.536000,14.536000,0.595386
5510,14.536000,14.536000,0.595386
5511,14.536000,14.536000,0.595386
5512,14.536000,14.536000,0.595386
5513,14.536000,14.536000,0.595386
5514,14.536000,14.536000,0.595386
5515,14.536000,14.536000,0.595386
5516,15.122000,14.536000,0.595386
5517,15.122000,14.536000,0.595386
5518,15.122000,14.536000,0.595386
5519,15.122000,14.536000,0.595386
5520,15.122000,14.536000,0.595386
5521,15.122000,14.536000,0.595386
5522,15.122000,14.536000,0.595386
5523,15.122000,14.536000,0.595386
5524,15.122000,14.536000,0.595386
5525,15.122000,14.536000,0.595386
5526,15.122000,14.536000,0.595386
5527,15.122000,14.536000,0.595386
5528,15.122000,14.536000,0.595386
5529,15.122000,14.536000,0.595386
5530,14.536000,14.536000,0.595386
5531,14.536000,14.536000,0.595386
5532,14.536000,14.536000,0.595386
5533,14.536000,14.536000,0.595386
5534,14.536000,14.536000,0.595386
5535,14.536000,14.536000,0.595386
5536,14.536000,14.536000,0.595386
5537,14.536000,14.536000,0.595386
5538,14.536000,14.536000,0.595386
5539,14.536000,14.536000,0.595386
5540,14.536000,14.536000,0.595386
5541,14.536000,14.536000,0.595386
5542,14.536000,14.536000,0.595386
5543,14.536000,14.536000,0.595386
5544,14.536000,14.536000,0.595386
5545,14.536000,14.536000,0.595386
5546,14.536000,14.536000,0.595386
5547,14.536000,14.536000,0.595386
5548,14.536000,14.536000,0.595386
5549,14.536000,14.536000,0.595386
5550,14.536000,14.536000,0.595386
5551,14.536000,14.536000,0.595386
5552,14.536000,14.536000,0.595386
5553,14.536000,14.536000,0.595386
5554,14.536000,14.536000,0.595386
5555,14.536000,14.536000,0.595386
5556,14.536000,14.536000,0.595386
5557,14.536000,14.536000,0.595386
5558,14.536000,14.536000,0.595386
5559,14.536000,14.536000,0.595386
5560,14.536000,14.536000,0.595386
5561,14.536000,14.536000,0.595386
5562,14.536000,14.536000,0.595386
5563,14.536000,14.536000,0.595386
5564,14.536000,14.536000,0.595386
5565,14.536000,14.536000,0.595386
5566,14.536000,14.536000,0.595386
5567,14.536000,14.536000,0.595386
5568,14.536000,14.536000,0.595386
5569,15.122000,14.536000,0.595386
5570,15.122000,14.536000,0.595386
5571,15.122000,14.536000,0.595386
5572,15.122000,14.536000,0.595386
5573,14.536000,14.536000,0.595386
5574,14.536000,14.536000,0.595386
5575,14.536000,14.536000,0.595386
5576,14.536000,14.536000,0.595386
5577,14.536000,14.536000,0.595386
5578,14.536000,14.536000,0.595386
5579,15.122000,14.536000,0.595386
5580,15.122000,14.536000,0.595386
5581,15.122000,14.536000,0.595386
5582,15.122000,14.536000,0.595386
5583,15.122000,14.536000,0.595386
5584,15.122000,14.536000,0.595386
5585,15.122000,14.536000,0.595386
5586,15.122000,14.536000,0.595386
5587,14.536000,14.536000,0.595386
5588,14.536000,14.536000,0.595386
5589,14.536000,14.536000,0.595386
5590,14.536000,14.536000,0.595386
5591,14.536000,14.536000,0.595386
5592,14.536000,14.536000,0.595386
5593,14.536000,14.536000,0.595386
5594,14.536000,14.536000,0.595386
5595,14.536000,14.536000,0.595386
5596,14.536000,14.536000,0.595386
5597,14.536000,14.536000,0.595386
5598,14.536000,14.536000,0.595386
5599,14.536000,14.536000,0.595386
5600,14.536000,14.536000,0.595386
5601,14.536000,14.536000,0.565616
5602,14.536000,14.536000,0.565616
5603,14.536000,14.536000,0.565616
5604,14.536000,14.536000,0.565616
5605,14.536000,14.536000,0.565616
5606,14.536000,14.536000,0.565616
5607,14.536000,14.536000,0.565616
5608,14.536000,14.536000,0.565616
5609,14.536000,14.536000,0.565616
5610,14.536000,14.536000,0.565616
5611,14.536000,14.536000,0.565616
5612,14.536000,14.536000,0.565616
5613,14.536000,14.536000,0.565616
5614,14.536000,14.536000,0.565616
5615,14.536000,14.536000,0.565616
5616,14.536000,14.536000,0.565616
5617,14.536000,14.536000,0.565616
5618,14.536000,14.536000,0.565616
5619,14.536000,14.536000,0.565616
5620,14.536000,14.536000,0.565616
5621,14.536000,14.536000,0.565616
5622,14.536000,14.536000,0.565616
5623,14.536000,14.536000,0.565616
5624,14.536000,14.536000,0.565616
5625,14.536000,14.536000,0.565616
5626,14.536000,14.536000,0.565616
5627,14.536000,14.536000,0.565616
5628,14.536000,14.536000,0.565616
5629,14.536000,14.536000,0.565616
5630,14.536000,14.536000,0.565616
5631,14.536000,14.536000,0.565616
5632,14.536000,14.536000,0.565616
5633,14.536000,14.536000,0.565616
5634,14.536000,14.536000,0.565616
5635,14.536000,14.536000,0.565616
5636,14.536000,14.536000,0.565616
5637,14.536000,14.536000,0.565616
5638,14.536000,14.536000,0.565616
5639,14.536000,14.536000,0.565616
5640,14.536000,14.536000,0.565616
5641,15.122000,14.536000,0.565616
5642,14.536000,14.536000,0.565616
5643,14.536000,14.536000,0.565616
5644,14.536000,14.536000,0.565616
5645,14.536000,14.536000,0.565616
5646,14.536000,14.536000,0.565616
5647,14.536000,14.536000,0.565616
5648,14.536000,14.536000,0.565616
5649,14.536000,14.536000,0.565616
5650,14.536000,14.536000,0.565616
5651,14.536000,14.536000,0.565616
5652,14.536000,14.536000,0.565616
5653,14.536000,14.536000,0.565616
5654,14.536000,14.536000,0.565616
5655,14.536000,14.536000,0.565616
5656,14.536000,14.536000,0.565616
5657,14.536000,14.536000,0.565616
5658,14.536000,14.536000,0.565616
5659,14.536000,14.536000,0.565616
5660,14.536000,14.536000,0.565616
5661,14.536000,14.536000,0.565616
5662,14.536000,14.536000,0.565616
5663,14.536000,14.536000,0.565616
5664,14.536000,14.536000,0.565616
5665,14.536000,14.536000,0.565616
5666,14.536000,14.536000,0.565616
5667,14.536000,14.536000,0.565616
5668,15.122000,14.536000,0.565616
5669,15.122000,14.536000,0.565616
5670,15.122000,14.536000,0.565616
5671,15.122000,14.536000,0.565616
5672,15.122000,14.536000,0.565616
5673,15.122000,14.536000,0.565616
5674,15.122000,14.536000,0.565616
5675,15.122000,14.536000,0.565616
5676,15.122000,14.536000,0.565616
5677,15.122000,14.536000,0.565616
5678,15.122000,14.536000,0.565616
5679,15.122000,14.536000,0.565616
5680,15.122000,14.536000,0.565616
5681,14.536000,14.536000,0.565616
5682,14.536000,14.536000,0.565616
5683,14.536000,14.536000,0.565616
5684,14.536000,14.536000,0.565616
5685,14.536000,14.536000,0.565616
5686,14.536000,14.536000,0.565616
5687,14.536000,14.536000,0.565616
5688,14.536000,14.536000,0.565616
5689,14.536000,14.536000,0.565616
5690,14.536000,14.536000,0.565616
5691,14.536000,14.536000,0.565616
5692,14.536000,14.536000,0.565616
5693,14.536000,14.536000,0.565616
5694,14.536000,14.536000,0.565616
5695,15.122000,14.536000,0.565616
5696,15.122000,14.536000,0.565616
5697,15.122000,14.536000,0.565616
5698,15.122000,14.536000,0.565616
5699,15.122000,14.536000,0.565616
5700,15.122000,14.536000,0.565616
5701,15.122000,14.536000,0.537335
5702,15.122000,14.536000,0.537335
5703,15.122000,14.536000,0.537335
5704,15.122000,14.536000,0.537335
5705,15.122000,14.536000,0.537335
5706,15.122000,14.536000,0.537335
5707,15.122000,14.536000,0.537335
5708,15.122000,14.536000,0.537335
5709,15.122000,14.536000,0.537335
5710,15.122000,14.536000,0.537335
5711,15.122000,14.536000,0.537335
5712,15.122000,14.536000,0.537335
5713,15.122000,14.536000,0.537335
5714,15.122000,14.536000,0.537335
5715,15.122000,14.536000,0.537335
5716,15.122000,14.536000,0.537335
5717,15.122000,14.536000,0.537335
5718,15.122000,14.536000,0.537335
5719,15.122000,14.536000,0.537335
5720,15.122000,14.536000,0.537335
5721,15.122000,14.536000,0.537335
5722,15.122000,14.536000,0.537335
5723,15.122000,14.536000,0.537335
5724,15.122000,14.536000,0.537335
5725,15.122000,14.536000,0.537335
5726,15.122000,14.536000,0.537335
5727,15.122000,14.536000,0.537335
5728,15.122000,14.536000,0.537335
5729,15.122000,14.536000,0.537335
5730,14.536000,14.536000,0.537335
5731,14.536000,14.536000,0.537335
5732,14.536000,14.536000,0.537335
5733,14.536000,14.536000,0.537335
5734,14.536000,14.536000,0.537335
5735,14.536000,14.536000,0.537335
5736,14.536000,14.536000,0.537335
5737,14.536000,14.536000,0.537335
5738,14.536000,14.536000,0.537335
5739,14.536000,14.536000,0.537335
5740,14.536000,14.536000,0.537335
5741,14.536000,14.536000,0.537335
5742,14.536000,14.536000,0.537335
5743,14.536000,14.536000,0.537335
5744,14.536000,14.536000,0.537335
5745,14.536000,14.536000,0.537335
5746,14.536000,14.536000,0.537335
5747,14.536000,14.536000,0.537335
5748,14.536000,14.536000,0.537335
5749,14.536000,14.536000,0.537335
5750,14.536000,14.536000,0.537335
5751,14.536000,14.536000,0.537335
5752,14.536000,14.536000,0.537335
5753,14.536000,14.536000,0.537335
5754,14.536000,14.536000,0.537335
5755,14.536000,14.536000,0.537335
5756,14.536000,14.536000,0.537335
5757,14.536000,14.536000,0.537335
5758,14.536000,14.536000,0.537335
5759,14.536000,14.536000,0.537335
5760,14.536000,14.536000,0.537335
5761,14.536000,14.536000,0.537335
5762,14.536000,14.536000,0.537335
5763,14.536000,14.536000,0.537335
5764,14.536000,14.536000,0.537335
5765,15.122000,14.536000,0.537335
5766,15.122000,14.536000,0.537335
5767,15.122000,14.536000,0.537335
5768,14.536000,14.536000,0.537335
5769,14.536000,14.536000,0.537335
5770,14.536000,14.536000,0.537335
5771,14.536000,14.536000,0.537335
5772,14.536000,14.536000,0.537335
5773,14.536000,14.536000,0.537335
5774,14.536000,14.536000,0.537335
5775,14.536000,14.536000,0.537335
5776,15.122000,14.536000,0.537335
5777,14.536000,14.536000,0.537335
5778,14.536000,14.536000,0.537335
5779,14.536000,14.536000,0.537335
5780,14.536000,14.536000,0.537335
5781,14.536000,14.536000,0.537335
5782,14.536000,14.536000,0.537335
5783,14.536000,14.536000,0.537335
5784,14.536000,14.536000,0.537335
5785,14.536000,14.536000,0.537335
5786,14.536000,14.536000,0.537335
5787,14.536000,14.536000,0.537335
5788,14.536000,14.536000,0.537335
5789,14.536000,14.536000,0.537335
5790,14.536000,14.536000,0.537335
5791,14.536000,14.536000,0.537335
5792,14.536000,14.536000,0.537335
5793,14.536000,14.536000,0.537335
5794,14.536000,14.536000,0.537335
5795,14.536000,14.536000,0.537335
5796,15.122000,14.536000,0.537335
5797,15.122000,14.536000,0.537335
5798,15.122000,14.536000,0.537335
5799,15.122000,14.536000,0.537335
5800,15.122000,14.536000,0.537335
5801,14.536000,14.536000,0.510469
5802,14.536000,14.536000,0.510469
5803,14.536000,14.536000,0.510469
5804,14.536000,14.536000,0.510469
5805,14.536000,14.536000,0.510469
5806,14.536000,14.536000,0.510469
5807,14.536000,14.536000,0.510469
5808,14.536000,14.536000,0.510469
5809,14.536000,14.536000,0.510469
5810,14.536000,14.536000,0.510469
5811,14.536000,14.536000,0.510469
5812,14.536000,14.536000,0.510469
5813,14.536000,14.536000,0.510469
5814,14.536000,14.536000,0.510469
5815,14.536000,14.536000,0.510469
5816,14.536000,14.536000,0.510469
5817,14.536000,14.536000,0.510469
5818,14.536000,14.536000,0.510469
5819,14.536000,14.536000,0.510469
5820,14.536000,14.536000,0.510469
5821,14.536000,14.536000,0.510469
5822,14.536000,14.536000,0.510469
5823,14.536000,14.536000,0.510469
5824,14.536000,14.536000,0.510469
5825,14.536000,14.536000,0.510469
5826,14.536000,14.536000,0.510469
5827,14.536000,14.536000,0.510469
5828,14.536000,14.536000,0.510469
5829,14.536000,14.536000,0.510469
5830,14.536000,14.536000,0.510469
5831,14.536000,14.536000,0.510469
5832,14.536000,14.536000,0.510469
5833,14.536000,14.536000,0.510469
5834,14.536000,14.536000,0.510469
5835,14.536000,14.536000,0.510469
5836,14.536000,14.536000,0.510469
5837,14.536000,14.536000,0.510469
5838,14.536000,14.536000,0.510469
5839,15.122000,14.536000,0.510469
5840,15.122000,14.536000,0.510469
5841,14.536000,14.536000,0.510469
5842,14.536000,14.536000,0.510469
5843,14.536000,14.536000,0.510469
5844,14.536000,14.536000,0.510469
5845,15.122000,14.536000,0.510469
5846,15.122000,14.536000,0.510469
5847,15.122000,14.536000,0.510469
5848,15.122000,14.536000,0.510469
5849,15.122000,14.536000,0.510469
5850,15.122000,14.536000,0.510469
5851,14.536000,14.536000,0.510469
5852,14.536000,14.536000,0.510469
5853,14.536000,14.536000,0.510469
5854,14.536000,14.536000,0.510469
5855,14.536000,14.536000,0.510469
5856,14.536000,14.536000,0.510469
5857,14.536000,14.536000,0.510469
5858,14.536000,14.536000,0.510469
5859,15.122000,14.536000,0.510469
5860,15.122000,14.536000,0.510469
5861,15.122000,14.536000,0.510469
5862,15.122000,14.536000,0.510469
5863,15.122000,14.536000,0.510469
5864,15.122000,14.536000,0.510469
5865,15.122000,14.536000,0.510469
5866,15.122000,14.536000,0.510469
5867,15.122000,14.536000,0.510469
5868,15.122000,14.536000,0.510469
5869,15.122000,14.536000,0.510469
5870,14.536000,14.536000,0.510469
5871,14.536000,14.536000,0.510469
5872,14.536000,14.536000,0.510469
5873,14.536000,14.536000,0.510469
5874,14.536000,14.536000,0.510469
5875,14.536000,14.536000,0.510469
5876,14.536000,14.536000,0.510469
5877,14.536000,14.536000,0.510469
5878,14.536000,14.536000,0.510469
5879,14.536000,14.536000,0.510469
5880,14.536000,14.536000,0.510469
5881,14.536000,14.536000,0.510469
5882,14.536000,14.536000,0.510469
5883,14.536000,14.536000,0.510469
5884,14.536000,14.536000,0.510469
5885,14.536000,14.536000,0.510469
5886,14.536000,14.536000,0.510469
5887,14.536000,14.536000,0.510469
5888,14.536000,14.536000,0.510469
5889,14.536000,14.536000,0.510469
5890,14.536000,14.536000,0.510469
5891,14.536000,14.536000,0.510469
5892,14.536000,14.536000,0.510469
5893,14.536000,14.536000,0.510469
5894,14.536000,14.536000,0.510469
5895,14.536000,14.536000,0.510469
5896,14.536000,14.536000,0.510469
5897,14.536000,14.536000,0.510469
5898,14.536000,14.536000,0.510469
5899,14.536000,14.536000,0.510469
5900,14.536000,14.536000,0.510469
5901,14.536000,14.536000,0.484945
5902,14.536000,14.536000,0.484945
5903,14.536000,14.536000,0.484945
5904,14.536000,14.536000,0.484945
5905,14.536000,14.536000,0.484945
5906,14.536000,14.536000,0.484945
5907,14.536000,14.536000,0.484945
5908,14.536000,14.536000,0.484945
5909,14.536000,14.536000,0.484945
5910,14.536000,14.536000,0.484945
5911,14.536000,14.536000,0.484945
5912,14.536000,14.536000,0.484945
5913,14.536000,14.536000,0.484945
5914,14.536000,14.536000,0.484945
5915,14.536000,14.536000,0.484945
5916,14.536000,14.536000,0.484945
5917,14.536000,14.536000,0.484945
5918,14.536000,14.536000,0.484945
5919,15.122000,14.536000,0.484945
5920,15.122000,14.536000,0.484945
5921,15.122000,14.536000,0.484945
5922,15.122000,14.536000,0.484945
5923,15.122000,14.536000,0.484945
5924,15.122000,14.536000,0.484945
5925,15.122000,14.536000,0.484945
5926,15.122000,14.536000,0.484945
5927,15.122000,14.536000,0.484945
5928,15.122000,14.536000,0.484945
5929,15.122000,14.536000,0.484945
5930,15.122000,14.536000,0.484945
5931,14.536000,14.536000,0.484945
5932,14.536000,14.536000,0.484945
5933,14.536000,14.536000,0.484945
5934,14.536000,14.536000,0.484945
5935,14.536000,14.536000,0.484945
5936,14.536000,14.536000,0.484945
5937,14.536000,14.536000,0.484945
5938,14.536000,14.536000,0.484945
5939,14.536000,14.536000,0.484945
5940,14.536000,14.536000,0.484945
5941,14.536000,14.536000,0.484945
5942,14.536000,14.536000,0.484945
5943,14.536000,14.536000,0.484945
5944,14.536000,14.536000,0.484945
5945,14.536000,14.536000,0.484945
5946,14.536000,14.536000,0.484945
5947,14.536000,14.536000,0.484945
5948,14.536000,14.536000,0.484945
5949,14.536000,14.536000,0.484945
5950,14.536000,14.536000,0.484945
5951,14.536000,14.536000,0.484945
5952,14.536000,14.536000,0.484945
5953,14.536000,14.536000,0.484945
5954,14.536000,14.536000,0.484945
5955,14.536000,14.536000,0.484945
5956,14.536000,14.536000,0.484945
5957,14.536000,14.536000,0.484945
5958,14.536000,14.536000,0.484945
5959,15.122000,14.536000,0.484945
5960,15.122000,14.536000,0.484945
5961,15.122000,14.536000,0.484945
5962,14.536000,14.536000,0.484945
5963,14.536000,14.536000,0.484945
5964,15.122000,14.536000,0.484945
5965,15.122000,14.536000,0.484945
5966,15.122000,14.536000,0.484945
5967,15.122000,14.536000,0.484945
5968,14.536000,14.536000,0.484945
5969,14.536000,14.536000,0.484945
5970,14.536000,14.536000,0.484945
5971,14.536000,14.536000,0.484945
5972,14.536000,14.536000,0.484945
5973,14.536000,14.536000,0.484945
5974,14.536000,14.536000,0.484945
5975,14.536000,14.536000,0.484945
5976,14.536000,14.536000,0.484945
5977,14.536000,14.536000,0.484945
5978,14.536000,14.536000,0.484945
5979,14.536000,14.536000,0.484945
5980,15.122000,14.536000,0.484945
5981,15.122000,14.536000,0.484945
5982,15.122000,14.536000,0.484945
5983,15.122000,14.536000,0.484945
5984,15.122000,14.536000,0.484945
5985,15.122000,14.536000,0.484945
5986,15.122000,14.536000,0.484945
5987,14.536000,14.536000,0.484945
5988,14.536000,14.536000,0.484945
5989,14.536000,14.536000,0.484945
5990,14.536000,14.536000,0.484945
5991,14.536000,14.536000,0.484945
5992,14.536000,14.536000,0.484945
5993,14.536000,14.536000,0.484945
5994,14.536000,14.536000,0.484945
5995,14.536000,14.536000,0.484945
5996,14.536000,14.536000,0.484945
5997,14.536000,14.536000,0.484945
5998,14.536000,14.536000,0.484945
5999,14.536000,14.536000,0.484945
6000,14.536000,14.536000,0.484945
6001,14.536000,14.536000,0.460698
6002,14.536000,14.536000,0.460698
6003,14.536000,14.536000,0.460698
6004,14.536000,14.536000,0.460698
6005,14.536000,14.536000,0.460698
6006,14.536000,14.536000,0.460698
6007,14.536000,14.536000,0.460698
6008,14.536000,14.536000,0.460698
6009,14.536000,14.536000,0.460698
6010,14.536000,14.536000,0.460698
6011,14.536000,14.536000,0.460698
6012,14.536000,14.536000,0.460698
6013,14.536000,14.536000,0.460698
6014,14.536000,14.536000,0.460698
6015,14.536000,14.536000,0.460698
6016,14.536000,14.536000,0.460698
6017,15.122000,14.536000,0.460698
6018,15.122000,14.536000,0.460698
6019,15.122000,14.536000,0.460698
6020,15.122000,14.536000,0.460698
6021,15.122000,14.536000,0.460698
6022,15.122000,14.536000,0.460698
6023,14.536000,14.536000,0.460698
6024,14.536000,14.536000,0.460698
6025,14.536000,14.536000,0.460698
6026,14.536000,14.536000,0.460698
6027,14.536000,14.536000,0.460698
6028,14.536000,14.536000,0.460698
6029,14.536000,14.536000,0.460698
6030,14.536000,14.536000,0.460698
6031,14.536000,14.536000,0.460698
6032,14.536000,14.536000,0.460698
6033,14.536000,14.536000,0.460698
6034,14.536000,14.536000,0.460698
6035,14.536000,14.536000,0.460698
6036,14.536000,14.536000,0.460698
6037,14.536000,14.536000,0.460698
6038,14.536000,14.536000,0.460698
6039,14.536000,14.536000,0.460698
6040,14.536000,14.536000,0.460698
6041,14.536000,14.536000,0.460698
6042,14.536000,14.536000,0.460698
6043,14.536000,14.536000,0.460698
6044,15.122000,14.536000,0.460698
6045,15.122000,14.536000,0.460698
6046,15.122000,14.536000,0.460698
6047,15.122000,14.536000,0.460698
6048,15.122000,14.536000,0.460698
6049,15.122000,14.536000,0.460698
6050,14.536000,14.536000,0.460698
6051,14.536000,14.536000,0.460698
6052,14.536000,14.536000,0.460698
6053,14.536000,14.536000,0.460698
6054,14.536000,14.536000,0.460698
6055,14.536000,14.536000,0.460698
6056,14.536000,14.536000,0.460698
6057,14.536000,14.536000,0.460698
6058,14.536000,14.536000,0.460698
6059,14.536000,14.536000,0.460698
6060,14.536000,14.536000,0.460698
6061,14.536000,14.536000,0.460698
6062,14.536000,14.536000,0.460698
6063,14.536000,14.536000,0.460698
6064,14.536000,14.536000,0.460698
6065,14.536000,14.536000,0.460698
6066,14.536000,14.536000,0.460698
6067,14.536000,14.536000,0.460698
6068,14.536000,14.536000,0.460698
6069,14.536000,14.536000,0.460698
6070,14.536000,14.536000,0.460698
6071,14.536000,14.536000,0.460698
6072,14.536000,14.536000,0.460698
6073,14.536000,14.536000,0.460698
6074,14.536000,14.536000,0.460698
6075,14.536000,14.536000,0.460698
6076,14.536000,14.536000,0.460698
6077,14.536000,14.536000,0.460698
6078,14.536000,14.536000,0.460698
6079,14.536000,14.536000,0.460698
6080,14.536000,14.536000,0.460698
6081,14.536000,14.536000,0.460698
6082,14.536000,14.536000,0.460698
6083,14.536000,14.536000,0.460698
6084,14.536000,14.536000,0.460698
6085,14.536000,14.536000,0.460698
6086,14.536000,14.536000,0.460698
6087,14.536000,14.536000,0.460698
6088,14.536000,14.536000,0.460698
6089,14.536000,14.536000,0.460698
6090,14.536000,14.536000,0.460698
6091,14.536000,14.536000,0.460698
6092,14.536000,14.536000,0.460698
6093,14.536000,14.536000,0.460698
6094,14.536000,14.536000,0.460698
6095,14.536000,14.536000,0.460698
6096,14.536000,14.536000,0.460698
6097,14.536000,14.536000,0.460698
6098,14.536000,14.536000,0.460698
6099,14.536000,14.536000,0.460698
6100,14.536000,14.536000,0.460698
6101,14.536000,14.536000,0.437663
6102,14.536000,14.536000,0.437663
6103,14.536000,14.536000,0.437663
6104,14.536000,14.536000,0.437663
6105,14.536000,14.536000,0.437663
6106,14.536000,14.536000,0.437663
6107,15.122000,14.536000,0.437663
6108,14.536000,14.536000,0.437663
6109,14.536000,14.536000,0.437663
6110,14.536000,14.536000,0.437663
6111,14.536000,14.536000,0.437663
6112,14.536000,14.536000,0.437663
6113,14.536000,14.536000,0.437663
6114,14.536000,14.536000,0.437663
6115,14.536000,14.536000,0.437663
6116,14.536000,14.536000,0.437663
6117,14.536000,14.536000,0.437663
6118,14.536000,14.536000,0.437663
6119,14.536000,14.536000,0.437663
6120,14.536000,14.536000,0.437663
6121,14.536000,14.536000,0.437663
6122,14.536000,14.536000,0.437663
6123,14.536000,14.536000,0.437663
6124,14.536000,14.536000,0.437663
6125,14.536000,14.536000,0.437663
6126,14.536000,14.536000,0.437663
6127,14.536000,14.536000,0.437663
6128,14.536000,14.536000,0.437663
6129,14.536000,14.536000,0.437663
6130,14.536000,14.536000,0.437663
6131,14.536000,14.536000,0.437663
6132,14.536000,14.536000,0.437663
6133,14.536000,14.536000,0.437663
6134,14.536000,14.536000,0.437663
6135,14.536000,14.536000,0.437663
6136,14.536000,14.536000,0.437663
6137,14.536000,14.536000,0.437663
6138,14.536000,14.536000,0.437663
6139,14.536000,14.536000,0.437663
6140,14.536000,14.536000,0.437663
6141,14.536000,14.536000,0.437663
6142,14.536000,14.536000,0.437663
6143,14.536000,14.536000,0.437663
6144,14.536000,14.536000,0.437663
6145,14.536000,14.536000,0.437663
6146,14.536000,14.536000,0.437663
6147,14.536000,14.536000,0.437663
6148,14.536000,14.536000,0.437663
6149,14.536000,14.536000,0.437663
6150,14.536000,14.536000,0.437663
6151,14.536000,14.536000,0.437663
6152,14.536000,14.536000,0.437663
6153,14.536000,14.536000,0.437663
6154,14.536000,14.536000,0.437663
6155,14.536000,14.536000,0.437663
6156,14.536000,14.536000,0.437663
6157,14.536000,14.536000,0.437663
6158,14.536000,14.536000,0.437663
6159,14.536000,14.536000,0.437663
6160,14.536000,14.536000,0.437663
6161,14.536000,14.536000,0.437663
6162,14.536000,14.536000,0.437663
6163,14.536000,14.536000,0.437663
6164,14.536000,14.536000,0.437663
6165,14.536000,14.536000,0.437663
6166,14.536000,14.536000,0.437663
6167,14.536000,14.536000,0.437663
6168,14.536000,14.536000,0.437663
6169,14.536000,14.536000,0.437663
6170,14.536000,14.536000,0.437663
6171,14.536000,14.536000,0.437663
6172,14.536000,14.536000,0.437663
6173,14.536000,14.536000,0.437663
6174,14.536000,14.536000,0.437663
6175,14.536000,14.536000,0.437663
6176,14.536000,14.536000,0.437663
6177,14.536000,14.536000,0.437663
6178,14.536000,14.536000,0.437663
6179,14.536000,14.536000,0.437663
6180,14.536000,14.536000,0.437663
6181,14.536000,14.536000,0.437663
6182,14.536000,14.536000,0.437663
6183,14.536000,14.536000,0.437663
6184,14.536000,14.536000,0.437663
6185,14.536000,14.536000,0.437663
6186,14.536000,14.536000,0.437663
6187,14.536000,14.536000,0.437663
6188,14.536000,14.536000,0.437663
6189,14.536000,14.536000,0.437663
6190,14.536000,14.536000,0.437663
6191,14.536000,14.536000,0.437663
6192,14.536000,14.536000,0.437663
6193,14.536000,14.536000,0.437663
6194,14.536000,14.536000,0.437663
6195,14.536000,14.536000,0.437663
6196,14.536000,14.536000,0.437663
6197,14.536000,14.536000,0.437663
6198,14.536000,14.536000,0.437663
6199,14.536000,14.536000,0.437663
6200,14.536000,14.536000,0.437663
6201,14.536000,14.536000,0.415780
6202,14.536000,14.536000,0.415780
6203,14.536000,14.536000,0.415780
6204,14.536000,14.536000,0.415780
6205,14.536000,14.536000,0.415780
6206,14.536000,14.536000,0.415780
6207,14.536000,14.536000,0.415780
6208,14.536000,14.536000,0.415780
6209,14.536000,14.536000,0.415780
6210,14.536000,14.536000,0.415780
6211,14.536000,14.536000,0.415780
6212,14.536000,14.536000,0.415780
6213,14.536000,14.536000,0.415780
6214,14.536000,14.536000,0.415780
6215,14.536000,14.536000,0.415780
6216,14.536000,14.536000,0.415780
6217,14.536000,14.536000,0.415780
6218,14.536000,14.536000,0.415780
6219,15.122000,14.536000,0.415780
6220,15.122000,14.536000,0.415780
6221,14.536000,14.536000,0.415780
6222,14.536000,14.536000,0.415780
6223,14.536000,14.536000,0.415780
6224,14.536000,14.536000,0.415780
6225,14.536000,14.536000,0.415780
6226,14.536000,14.536000,0.415780
6227,14.536000,14.536000,0.415780
6228,14.536000,14.536000,0.415780
6229,14.536000,14.536000,0.415780
6230,14.536000,14.536000,0.415780
6231,14.536000,14.536000,0.415780
6232,14.536000,14.536000,0.415780
6233,14.536000,14.536000,0.415780
6234,14.536000,14.536000,0.415780
6235,14.536000,14.536000,0.415780
6236,14.536000,14.536000,0.415780
6237,14.536000,14.536000,0.415780
6238,14.536000,14.536000,0.415780
6239,14.536000,14.536000,0.415780
6240,14.536000,14.536000,0.415780
6241,14.536000,14.536000,0.415780
6242,14.536000,14.536000,0.415780
6243,14.536000,14.536000,0.415780
6244,14.536000,14.536000,0.415780
6245,14.536000,14.536000,0.415780
6246,14.536000,14.536000,0.415780
6247,14.536000,14.536000,0.415780
6248,14.536000,14.536000,0.415780
6249,14.536000,14.536000,0.415780
6250,14.536000,14.536000,0.415780
6251,14.536000,14.536000,0.415780
6252,14.536000,14.536000,0.415780
6253,14.536000,14.536000,0.415780
6254,14.536000,14.536000,0.415780
6255,14.536000,14.536000,0.415780
6256,14.536000,14.536000,0.415780
6257,14.536000,14.536000,0.415780
6258,14.536000,14.536000,0.415780
6259,14.536000,14.536000,0.415780
6260,14.536000,14.536000,0.415780
6261,14.536000,14.536000,0.415780
6262,14.536000,14.536000,0.415780
6263,14.536000,14.536000,0.415780
6264,14.536000,14.536000,0.415780
6265,14.536000,14.536000,0.415780
6266,14.536000,14.536000,0.415780
6267,14.536000,14.536000,0.415780
6268,14.536000,14.536000,0.415780
6269,14.536000,14.536000,0.415780
6270,14.536000,14.536000,0.415780
6271,14.536000,14.536000,0.415780
6272,14.536000,14.536000,0.415780
6273,14.536000,14.536000,0.415780
6274,14.536000,14.536000,0.415780
6275,14.536000,14.536000,0.415780
6276,14.536000,14.536000,0.415780
6277,14.536000,14.536000,0.415780
6278,14.536000,14.536000,0.415780
6279,14.536000,14.536000,0.415780
6280,14.536000,14.536000,0.415780
6281,14.536000,14.536000,0.415780
6282,14.536000,14.536000,0.415780
6283,14.536000,14.536000,0.415780
6284,14.536000,14.536000,0.415780
6285,14.536000,14.536000,0.415780
6286,14.536000,14.536000,0.415780
6287,14.536000,14.536000,0.415780
6288,14.536000,14.536000,0.415780
6289,14.536000,14.536000,0.415780
6290,14.536000,14.536000,0.415780
6291,14.536000,14.536000,0.415780
6292,14.536000,14.536000,0.415780
6293,14.536000,14.536000,0.415780
6294,14.536000,14.536000,0.415780
6295,14.536000,14.536000,0.415780
6296,14.536000,14.536000,0.415780
6297,14.536000,14.536000,0.415780
6298,14.536000,14.536000,0.415780
6299,14.536000,14.536000,0.415780
6300,14.536000,14.536000,0.415780
6301,14.536000,14.536000,0.394991
6302,14.536000,14.536000,0.394991
6303,14.536000,14.536000,0.394991
6304,14.536000,14.536000,0.394991
6305,14.536000,14.536000,0.394991
6306,14.536000,14.536000,0.394991
6307,14.536000,14.536000,0.394991
6308,14.536000,14.536000,0.394991
6309,14.536000,14.536000,0.394991
6310,14.536000,14.536000,0.394991
6311,14.536000,14.536000,0.394991
6312,14.536000,14.536000,0.394991
6313,14.536000,14.536000,0.394991
6314,14.536000,14.536000,0.394991
6315,14.536000,14.536000,0.394991
6316,14.536000,14.536000,0.394991
6317,14.536000,14.536000,0.394991
6318,14.536000,14.536000,0.394991
6319,14.536000,14.536000,0.394991
6320,14.536000,14.536000,0.394991
6321,14.536000,14.536000,0.394991
6322,14.536000,14.536000,0.394991
6323,14.536000,14.536000,0.394991
6324,14.536000,14.536000,0.394991
6325,14.536000,14.536000,0.394991
6326,14.536000,14.536000,0.394991
6327,14.536000,14.536000,0.394991
6328,14.536000,14.536000,0.394991
6329,14.536000,14.536000,0.394991
6330,14.536000,14.536000,0.394991
6331,14.536000,14.536000,0.394991
6332,14.536000,14.536000,0.394991
6333,14.536000,14.536000,0.394991
6334,14.536000,14.536000,0.394991
6335,14.536000,14.536000,0.394991
6336,14.536000,14.536000,0.394991
6337,14.536000,14.536000,0.394991
6338,14.536000,14.536000,0.394991
6339,14.536000,14.536000,0.394991
6340,14.536000,14.536000,0.394991
6341,14.536000,14.536000,0.394991
6342,14.536000,14.536000,0.394991
6343,14.536000,14.536000,0.394991
6344,14.536000,14.536000,0.394991
6345,14.536000,14.536000,0.394991
6346,14.536000,14.536000,0.394991
6347,14.536000,14.536000,0.394991
6348,14.536000,14.536000,0.394991
6349,14.536000,14.536000,0.394991
6350,14.536000,14.536000,0.394991
6351,14.536000,14.536000,0.394991
6352,14.536000,14.536000,0.394991
6353,15.122000,14.536000,0.394991
6354,15.122000,14.536000,0.394991
6355,15.122000,14.536000,0.394991
6356,15.122000,14.536000,0.394991
6357,15.122000,14.536000,0.394991
6358,15.122000,14.536000,0.394991
6359,15.122000,14.536000,0.394991
6360,15.122000,14.536000,0.394991
6361,15.122000,14.536000,0.394991
6362,15.122000,14.536000,0.394991
6363,15.122000,14.536000,0.394991
6364,15.122000,14.536000,0.394991
6365,15.122000,14.536000,0.394991
6366,15.122000,14.536000,0.394991
6367,15.122000,14.536000,0.394991
6368,15.122000,14.536000,0.394991
6369,15.122000,14.536000,0.394991
6370,15.122000,14.536000,0.394991
6371,15.122000,14.536000,0.394991
6372,15.122000,14.536000,0.394991
6373,15.122000,14.536000,0.394991
6374,15.122000,14.536000,0.394991
6375,15.122000,14.536000,0.394991
6376,15.122000,14.536000,0.394991
6377,15.122000,14.536000,0.394991
6378,15.122000,14.536000,0.394991
6379,15.122000,14.536000,0.394991
6380,15.122000,14.536000,0.394991
6381,15.122000,14.536000,0.394991
6382,15.122000,14.536000,0.394991
6383,14.536000,14.536000,0.394991
6384,14.536000,14.536000,0.394991
6385,14.536000,14.536000,0.394991
6386,14.536000,14.536000,0.394991
6387,14.536000,14.536000,0.394991
6388,14.536000,14.536000,0.394991
6389,14.536000,14.536000,0.394991
6390,14.536000,14.536000,0.394991
6391,14.536000,14.536000,0.394991
6392,14.536000,14.536000,0.394991
6393,14.536000,14.536000,0.394991
6394,14.536000,14.536000,0.394991
6395,14.536000,14.536000,0.394991
6396,14.536000,14.536000,0.394991
6397,14.536000,14.536000,0.394991
6398,14.536000,14.536000,0.394991
6399,14.536000,14.536000,0.394991
6400,14.536000,14.536000,0.394991
6401,14.536000,14.536000,0.375241
6402,14.536000,14.536000,0.375241
6403,14.536000,14.536000,0.375241
6404,14.536000,14.536000,0.375241
6405,14.536000,14.536000,0.375241
6406,14.536000,14.536000,0.375241
6407,14.536000,14.536000,0.375241
6408,14.536000,14.536000,0.375241
6409,14.536000,14.536000,0.375241
6410,14.536000,14.536000,0.375241
6411,14.536000,14.536000,0.375241
6412,14.536000,14.536000,0.375241
6413,14.536000,14.536000,0.375241
6414,14.536000,14.536000,0.375241
6415,14.536000,14.536000,0.375241
6416,14.536000,14.536000,0.375241
6417,14.536000,14.536000,0.375241
6418,14.536000,14.536000,0.375241
6419,14.536000,14.536000,0.375241
6420,14.536000,14.536000,0.375241
6421,14.536000,14.536000,0.375241
6422,14.536000,14.536000,0.375241
6423,14.536000,14.536000,0.375241
6424,14.536000,14.536000,0.375241
6425,14.536000,14.536000,0.375241
6426,14.536000,14.536000,0.375241
6427,14.536000,14.536000,0.375241
6428,14.536000,14.536000,0.375241
6429,14.536000,14.536000,0.375241
6430,14.536000,14.536000,0.375241
6431,14.536000,14.536000,0.375241
6432,14.536000,14.536000,0.375241
6433,14.536000,14.536000,0.375241
6434,14.536000,14.536000,0.375241
6435,14.536000,14.536000,0.375241
6436,14.536000,14.536000,0.375241
6437,14.536000,14.536000,0.375241
6438,14.536000,14.536000,0.375241
6439,14.536000,14.536000,0.375241
6440,14.536000,14.536000,0.375241
6441,14.536000,14.536000,0.375241
6442,14.536000,14.536000,0.375241
6443,14.536000,14.536000,0.375241
6444,14.536000,14.536000,0.375241
6445,14.536000,14.536000,0.375241
6446,14.536000,14.536000,0.375241
6447,14.536000,14.536000,0.375241
6448,14.536000,14.536000,0.375241
6449,14.536000,14.536000,0.375241
6450,14.536000,14.536000,0.375241
6451,14.536000,14.536000,0.375241
6452,14.536000,14.536000,0.375241
6453,14.536000,14.536000,0.375241
6454,14.536000,14.536000,0.375241
6455,14.536000,14.536000,0.375241
6456,14.536000,14.536000,0.375241
6457,14.536000,14.536000,0.375241
6458,14.536000,14.536000,0.375241
6459,14.536000,14.536000,0.375241
6460,14.536000,14.536000,0.375241
6461,14.536000,14.536000,0.375241
6462,14.536000,14.536000,0.375241
6463,14.536000,14.536000,0.375241
6464,14.536000,14.536000,0.375241
6465,14.536000,14.536000,0.375241
6466,14.536000,14.536000,0.375241
6467,14.536000,14.536000,0.375241
6468,14.536000,14.536000,0.375241
6469,14.536000,14.536000,0.375241
6470,14.536000,14.536000,0.375241
6471,14.536000,14.536000,0.375241
6472,14.536000,14.536000,0.375241
6473,14.536000,14.536000,0.375241
6474,14.536000,14.536000,0.375241
6475,14.536000,14.536000,0.375241
6476,14.536000,14.536000,0.375241
6477,14.536000,14.536000,0.375241
6478,14.536000,14.536000,0.375241
6479,14.536000,14.536000,0.375241
6480,14.536000,14.536000,0.375241
6481,14.536000,14.536000,0.375241
6482,14.536000,14.536000,0.375241
6483,14.536000,14.536000,0.375241
6484,14.536000,14.536000,0.375241
6485,14.536000,14.536000,0.375241
6486,14.536000,14.536000,0.375241
6487,14.536000,14.536000,0.375241
6488,14.536000,14.536000,0.375241
6489,14.536000,14.536000,0.375241
6490,14.536000,14.536000,0.375241
6491,14.536000,14.536000,0.375241
6492,14.536000,14.536000,0.375241
6493,14.536000,14.536000,0.375241
6494,14.536000,14.536000,0.375241
6495,14.536000,14.536000,0.375241
6496,14.536000,14.536000,0.375241
6497,14.536000,14.536000,0.375241
6498,14.536000,14.536000,0.375241
6499,14.536000,14.536000,0.375241
6500,14.536000,14.536000,0.375241
6501,14.536000,14.536000,0.356479
6502,14.536000,14.536000,0.356479
6503,14.536000,14.536000,0.356479
6504,14.536000,14.536000,0.356479
6505,14.536000,14.536000,0.356479
6506,14.536000,14.536000,0.356479
6507,14.536000,14.536000,0.356479
6508,14.536000,14.536000,0.356479
6509,14.536000,14.536000,0.356479
6510,14.536000,14.536000,0.356479
6511,14.536000,14.536000,0.356479
6512,14.536000,14.536000,0.356479
6513,14.536000,14.536000,0.356479
6514,14.536000,14.536000,0.356479
6515,14.536000,14.536000,0.356479
6516,14.536000,14.536000,0.356479
6517,14.536000,14.536000,0.356479
6518,14.536000,14.536000,0.356479
6519,14.536000,14.536000,0.356479
6520,14.536000,14.536000,0.356479
6521,15.122000,14.536000,0.356479
6522,14.536000,14.536000,0.356479
6523,14.536000,14.536000,0.356479
6524,14.536000,14.536000,0.356479
6525,14.536000,14.536000,0.356479
6526,14.536000,14.536000,0.356479
6527,14.536000,14.536000,0.356479
6528,14.536000,14.536000,0.356479
6529,14.536000,14.536000,0.356479
6530,14.536000,14.536000,0.356479
6531,14.536000,14.536000,0.356479
6532,14.536000,14.536000,0.356479
6533,14.536000,14.536000,0.356479
6534,14.536000,14.536000,0.356479
6535,14.536000,14.536000,0.356479
6536,14.536000,14.536000,0.356479
6537,14.536000,14.536000,0.356479
6538,14.536000,14.536000,0.356479
6539,14.536000,14.536000,0.356479
6540,14.536000,14.536000,0.356479
6541,14.536000,14.536000,0.356479
6542,14.536000,14.536000,0.356479
6543,14.536000,14.536000,0.356479
6544,14.536000,14.536000,0.356479
6545,14.536000,14.536000,0.356479
6546,14.536000,14.536000,0.356479
6547,14.536000,14.536000,0.356479
6548,14.536000,14.536000,0.356479
6549,14.536000,14.536000,0.356479
6550,14.536000,14.536000,0.356479
6551,14.536000,14.536000,0.356479
6552,14.536000,14.536000,0.356479
6553,14.536000,14.536000,0.356479
6554,14.536000,14.536000,0.356479
6555,14.536000,14.536000,0.356479
6556,14.536000,14.536000,0.356479
6557,14.536000,14.536000,0.356479
6558,14.536000,14.536000,0.356479
6559,14.536000,14.536000,0.356479
6560,14.536000,14.536000,0.356479
6561,14.536000,14.536000,0.356479
6562,14.536000,14.536000,0.356479
6563,14.536000,14.536000,0.356479
6564,14.536000,14.536000,0.356479
6565,14.536000,14.536000,0.356479
6566,14.536000,14.536000,0.356479
6567,14.536000,14.536000,0.356479
6568,14.536000,14.536000,0.356479
6569,14.536000,14.536000,0.356479
6570,14.536000,14.536000,0.356479
6571,14.536000,14.536000,0.356479
6572,14.536000,14.536000,0.356479
6573,14.536000,14.536000,0.356479
6574,14.536000,14.536000,0.356479
6575,14.536000,14.536000,0.356479
6576,14.536000,14.536000,0.356479
6577,14.536000,14.536000,0.356479
6578,14.536000,14.536000,0.356479
6579,14.536000,14.536000,0.356479
6580,14.536000,14.536000,0.356479
6581,14.536000,14.536000,0.356479
6582,14.536000,14.536000,0.356479
6583,14.536000,14.536000,0.356479
6584,14.536000,14.536000,0.356479
6585,14.536000,14.536000,0.356479
6586,14.536000,14.536000,0.356479
6587,14.536000,14.536000,0.356479
6588,14.536000,14.536000,0.356479
6589,14.536000,14.536000,0.356479
6590,14.536000,14.536000,0.356479
6591,14.536000,14.536000,0.356479
6592,14.536000,14.536000,0.356479
6593,14.536000,14.536000,0.356479
6594,14.536000,14.536000,0.356479
6595,15.122000,14.536000,0.356479
6596,15.122000,14.536000,0.356479
6597,15.122000,14.536000,0.356479
6598,15.122000,14.536000,0.356479
6599,15.122000,14.536000,0.356479
6600,15.122000,14.536000,0.356479
6601,15.122000,14.536000,0.338655
6602,15.122000,14.536000,0.338655
6603,15.122000,14.536000,0.338655
6604,15.122000,14.536000,0.338655
6605,15.122000,14.536000,0.338655
6606,14.536000,14.536000,0.338655
6607,14.536000,14.536000,0.338655
6608,14.536000,14.536000,0.338655
6609,14.536000,14.536000,0.338655
6610,14.536000,14.536000,0.338655
6611,14.536000,14.536000,0.338655
6612,14.536000,14.536000,0.338655
6613,14.536000,14.536000,0.338655
6614,14.536000,14.536000,0.338655
6615,14.536000,14.536000,0.338655
6616,14.536000,14.536000,0.338655
6617,14.536000,14.536000,0.338655
6618,14.536000,14.536000,0.338655
6619,14.536000,14.536000,0.338655
6620,14.536000,14.536000,0.338655
6621,14.536000,14.536000,0.338655
6622,14.536000,14.536000,0.338655
6623,14.536000,14.536000,0.338655
6624,14.536000,14.536000,0.338655
6625,14.536000,14.536000,0.338655
6626,14.536000,14.536000,0.338655
6627,14.536000,14.536000,0.338655
6628,14.536000,14.536000,0.338655
6629,14.536000,14.536000,0.338655
6630,14.536000,14.536000,0.338655
6631,14.536000,14.536000,0.338655
6632,14.536000,14.536000,0.338655
6633,14.536000,14.536000,0.338655
6634,14.536000,14.536000,0.338655
6635,14.536000,14.536000,0.338655
6636,14.536000,14.536000,0.338655
6637,14.536000,14.536000,0.338655
6638,14.536000,14.536000,0.338655
6639,14.536000,14.536000,0.338655
6640,14.536000,14.536000,0.338655
6641,14.536000,14.536000,0.338655
6642,14.536000,14.536000,0.338655
6643,14.536000,14.536000,0.338655
6644,14.536000,14.536000,0.338655
6645,14.536000,14.536000,0.338655
6646,14.536000,14.536000,0.338655
6647,14.536000,14.536000,0.338655
6648,14.536000,14.536000,0.338655
6649,14.536000,14.536000,0.338655
6650,14.536000,14.536000,0.338655
6651,14.536000,14.536000,0.338655
6652,14.536000,14.536000,0.338655
6653,14.536000,14.536000,0.338655
6654,14.536000,14.536000,0.338655
6655,14.536000,14.536000,0.338655
6656,14.536000,14.536000,0.338655
6657,14.536000,14.536000,0.338655
6658,14.536000,14.536000,0.338655
6659,14.536000,14.536000,0.338655
6660,14.536000,14.536000,0.338655
6661,14.536000,14.536000,0.338655
6662,14.536000,14.536000,0.338655
6663,14.536000,14.536000,0.338655
6664,14.536000,14.536000,0.338655
6665,14.536000,14.536000,0.338655
6666,14.536000,14.536000,0.338655
6667,14.536000,14.536000,0.338655
6668,14.536000,14.536000,0.338655
6669,14.536000,14.536000,0.338655
6670,14.536000,14.536000,0.338655
6671,14.536000,14.536000,0.338655
6672,14.536000,14.536000,0.338655
6673,14.536000,14.536000,0.338655
6674,14.536000,14.536000,0.338655
6675,14.536000,14.536000,0.338655
6676,14.536000,14.536000,0.338655
6677,14.536000,14.536000,0.338655
6678,14.536000,14.536000,0.338655
6679,14.536000,14.536000,0.338655
6680,14.536000,14.536000,0.338655
6681,14.536000,14.536000,0.338655
6682,14.536000,14.536000,0.338655
6683,14.536000,14.536000,0.338655
6684,14.536000,14.536000,0.338655
6685,14.536000,14.536000,0.338655
6686,14.536000,14.536000,0.338655
6687,14.536000,14.536000,0.338655
6688,14.536000,14.536000,0.338655
6689,14.536000,14.536000,0.338655
6690,14.536000,14.536000,0.338655
6691,14.536000,14.536000,0.338655
6692,14.536000,14.536000,0.338655
6693,14.536000,14.536000,0.338655
6694,14.536000,14.536000,0.338655
6695,14.536000,14.536000,0.338655
6696,14.536000,14.536000,0.338655
6697,14.536000,14.536000,0.338655
6698,14.536000,14.536000,0.338655
6699,14.536000,14.536000,0.338655
6700,14.536000,14.536000,0.338655
6701,14.536000,14.536000,0.321723
6702,14.536000,14.536000,0.321723
6703,14.536000,14.536000,0.321723
6704,14.536000,14.536000,0.321723
6705,14.536000,14.536000,0.321723
6706,14.536000,14.536000,0.321723
6707,14.536000,14.536000,0.321723
6708,14.536000,14.536000,0.321723
6709,14.536000,14.536000,0.321723
6710,14.536000,14.536000,0.321723
6711,14.536000,14.536000,0.321723
6712,14.536000,14.536000,0.321723
6713,14.536000,14.536000,0.321723
6714,14.536000,14.536000,0.321723
6715,14.536000,14.536000,0.321723
6716,14.536000,14.536000,0.321723
6717,14.536000,14.536000,0.321723
6718,14.536000,14.536000,0.321723
6719,14.536000,14.536000,0.321723
6720,14.536000,14.536000,0.321723
6721,14.536000,14.536000,0.321723
6722,14.536000,14.536000,0.321723
6723,14.536000,14.536000,0.321723
6724,14.536000,14.536000,0.321723
6725,14.536000,14.536000,0.321723
6726,14.536000,14.536000,0.321723
6727,14.536000,14.536000,0.321723
6728,14.536000,14.536000,0.321723
6729,14.536000,14.536000,0.321723
6730,14.536000,14.536000,0.321723
6731,14.536000,14.536000,0.321723
6732,14.536000,14.536000,0.321723
6733,14.536000,14.536000,0.321723
6734,14.536000,14.536000,0.321723
6735,14.536000,14.536000,0.321723
6736,14.536000,14.536000,0.321723
6737,14.536000,14.536000,0.321723
6738,14.536000,14.536000,0.321723
6739,14.536000,14.536000,0.321723
6740,14.536000,14.536000,0.321723
6741,14.536000,14.536000,0.321723
6742,14.536000,14.536000,0.321723
6743,14.536000,14.536000,0.321723
6744,14.536000,14.536000,0.321723
6745,14.536000,14.536000,0.321723
6746,14.536000,14.536000,0.321723
6747,14.536000,14.536000,0.321723
6748,14.536000,14.536000,0.321723
6749,14.536000,14.536000,0.321723
6750,14.536000,14.536000,0.321723
6751,14.536000,14.536000,0.321723
6752,14.536000,14.536000,0.321723
6753,14.536000,14.536000,0.321723
6754,14.536000,14.536000,0.321723
6755,14.536000,14.536000,0.321723
6756,14.536000,14.536000,0.321723
6757,14.536000,14.536000,0.321723
6758,14.536000,14.536000,0.321723
6759,14.536000,14.536000,0.321723
6760,14.536000,14.536000,0.321723
6761,15.122000,14.536000,0.321723
6762,15.122000,14.536000,0.321723
6763,15.122000,14.536000,0.321723
6764,15.122000,14.536000,0.321723
6765,14.536000,14.536000,0.321723
6766,14.536000,14.536000,0.321723
6767,14.536000,14.536000,0.321723
6768,14.536000,14.536000,0.321723
6769,14.536000,14.536000,0.321723
6770,14.536000,14.536000,0.321723
6771,14.536000,14.536000,0.321723
6772,14.536000,14.536000,0.321723
6773,14.536000,14.536000,0.321723
6774,14.536000,14.536000,0.321723
6775,14.536000,14.536000,0.321723
6776,14.536000,14.536000,0.321723
6777,14.536000,14.536000,0.321723
6778,14.536000,14.536000,0.321723
6779,14.536000,14.536000,0.321723
6780,14.536000,14.536000,0.321723
6781,14.536000,14.536000,0.321723
6782,14.536000,14.536000,0.321723
6783,14.536000,14.536000,0.321723
6784,14.536000,14.536000,0.321723
6785,14.536000,14.536000,0.321723
6786,14.536000,14.536000,0.321723
6787,14.536000,14.536000,0.321723
6788,14.536000,14.536000,0.321723
6789,14.536000,14.536000,0.321723
6790,14.536000,14.536000,0.321723
6791,14.536000,14.536000,0.321723
6792,14.536000,14.536000,0.321723
6793,14.536000,14.536000,0.321723
6794,14.536000,14.536000,0.321723
6795,14.536000,14.536000,0.321723
6796,14.536000,14.536000,0.321723
6797,14.536000,14.536000,0.321723
6798,14.536000,14.536000,0.321723
6799,14.536000,14.536000,0.321723
6800,14.536000,14.536000,0.321723
6801,14.536000,14.536000,0.305636
6802,14.536000,14.536000,0.305636
6803,14.536000,14.536000,0.305636
6804,14.536000,14.536000,0.305636
6805,14.536000,14.536000,0.305636
6806,14.536000,14.536000,0.305636
6807,14.536000,14.536000,0.305636
6808,14.536000,14.536000,0.305636
6809,14.536000,14.536000,0.305636
6810,14.536000,14.536000,0.305636
6811,14.536000,14.536000,0.305636
6812,14.536000,14.536000,0.305636
6813,14.536000,14.536000,0.305636
6814,14.536000,14.536000,0.305636
6815,14.536000,14.536000,0.305636
6816,14.536000,14.536000,0.305636
6817,14.536000,14.536000,0.305636
6818,14.536000,14.536000,0.305636
6819,14.536000,14.536000,0.305636
6820,14.536000,14.536000,0.305636
6821,14.536000,14.536000,0.305636
6822,14.536000,14.536000,0.305636
6823,14.536000,14.536000,0.305636
6824,14.536000,14.536000,0.305636
6825,14.536000,14.536000,0.305636
6826,14.536000,14.536000,0.305636
6827,14.536000,14.536000,0.305636
6828,14.536000,14.536000,0.305636
6829,14.536000,14.536000,0.305636
6830,14.536000,14.536000,0.305636
6831,14.536000,14.536000,0.305636
6832,14.536000,14.536000,0.305636
6833,14.536000,14.536000,0.305636
6834,14.536000,14.536000,0.305636
6835,14.536000,14.536000,0.305636
6836,14.536000,14.536000,0.305636
6837,14.536000,14.536000,0.305636
6838,14.536000,14.536000,0.305636
6839,14.536000,14.536000,0.305636
6840,14.536000,14.536000,0.305636
6841,14.536000,14.536000,0.305636
6842,14.536000,14.536000,0.305636
6843,14.536000,14.536000,0.305636
6844,14.536000,14.536000,0.305636
6845,14.536000,14.536000,0.305636
6846,14.536000,14.536000,0.305636
6847,14.536000,14.536000,0.305636
6848,14.536000,14.536000,0.305636
6849,14.536000,14.536000,0.305636
6850,14.536000,14.536000,0.305636
6851,14.536000,14.536000,0.305636
6852,14.536000,14.536000,0.305636
6853,14.536000,14.536000,0.305636
6854,14.536000,14.536000,0.305636
6855,14.536000,14.536000,0.305636
6856,14.536000,14.536000,0.305636
6857,14.536000,14.536000,0.305636
6858,14.536000,14.536000,0.305636
6859,14.536000,14.536000,0.305636
6860,14.536000,14.536000,0.305636
6861,14.536000,14.536000,0.305636
6862,14.536000,14.536000,0.305636
6863,14.536000,14.536000,0.305636
6864,14.536000,14.536000,0.305636
6865,14.536000,14.536000,0.305636
6866,14.536000,14.536000,0.305636
6867,14.536000,14.536000,0.305636
6868,14.536000,14.536000,0.305636
6869,14.536000,14.536000,0.305636
6870,14.536000,14.536000,0.305636
6871,14.536000,14.536000,0.305636
6872,14.536000,14.536000,0.305636
6873,14.536000,14.536000,0.305636
6874,14.536000,14.536000,0.305636
6875,14.536000,14.536000,0.305636
6876,14.536000,14.536000,0.305636
6877,14.536000,14.536000,0.305636
6878,14.536000,14.536000,0.305636
6879,14.536000,14.536000,0.305636
6880,14.536000,14.536000,0.305636
6881,14.536000,14.536000,0.305636
6882,14.536000,14.536000,0.305636
6883,14.536000,14.536000,0.305636
6884,14.536000,14.536000,0.305636
6885,14.536000,14.536000,0.305636
6886,14.536000,14.536000,0.305636
6887,14.536000,14.536000,0.305636
6888,14.536000,14.536000,0.305636
6889,14.536000,14.536000,0.305636
6890,14.536000,14.536000,0.305636
6891,14.536000,14.536000,0.305636
6892,14.536000,14.536000,0.305636
6893,14.536000,14.536000,0.305636
6894,14.536000,14.536000,0.305636
6895,14.536000,14.536000,0.305636
6896,14.536000,14.536000,0.305636
6897,14.536000,14.536000,0.305636
6898,14.536000,14.536000,0.305636
6899,14.536000,14.536000,0.305636
6900,14.536000,14.536000,0.305636
6901,14.536000,14.536000,0.290355
6902,14.536000,14.536000,0.290355
6903,14.536000,14.536000,0.290355
6904,14.536000,14.536000,0.290355
6905,14.536000,14.536000,0.290355
6906,14.536000,14.536000,0.290355
6907,14.536000,14.536000,0.290355
6908,14.536000,14.536000,0.290355
6909,14.536000,14.536000,0.290355
6910,14.536000,14.536000,0.290355
6911,14.536000,14.536000,0.290355
6912,14.536000,14.536000,0.290355
6913,14.536000,14.536000,0.290355
6914,14.536000,14.536000,0.290355
6915,14.536000,14.536000,0.290355
6916,14.536000,14.536000,0.290355
6917,14.536000,14.536000,0.290355
6918,14.536000,14.536000,0.290355
6919,14.536000,14.536000,0.290355
6920,14.536000,14.536000,0.290355
6921,14.536000,14.536000,0.290355
6922,14.536000,14.536000,0.290355
6923,14.536000,14.536000,0.290355
6924,14.536000,14.536000,0.290355
6925,14.536000,14.536000,0.290355
6926,14.536000,14.536000,0.290355
6927,14.536000,14.536000,0.290355
6928,14.536000,14.536000,0.290355
6929,14.536000,14.536000,0.290355
6930,14.536000,14.536000,0.290355
6931,14.536000,14.536000,0.290355
6932,14.536000,14.536000,0.290355
6933,14.536000,14.536000,0.290355
6934,14.536000,14.536000,0.290355
6935,14.536000,14.536000,0.290355
6936,14.536000,14.536000,0.290355
6937,14.536000,14.536000,0.290355
6938,14.536000,14.536000,0.290355
6939,14.536000,14.536000,0.290355
6940,14.536000,14.536000,0.290355
6941,14.536000,14.536000,0.290355
6942,14.536000,14.536000,0.290355
6943,14.536000,14.536000,0.290355
6944,14.536000,14.536000,0.290355
6945,14.536000,14.536000,0.290355
6946,14.536000,14.536000,0.290355
6947,14.536000,14.536000,0.290355
6948,14.536000,14.536000,0.290355
6949,14.536000,14.536000,0.290355
6950,14.536000,14.536000,0.290355
6951,14.536000,14.536000,0.290355
6952,14.536000,14.536000,0.290355
6953,14.536000,14.536000,0.290355
6954,14.536000,14.536000,0.290355
6955,14.536000,14.536000,0.290355
6956,14.536000,14.536000,0.290355
6957,14.536000,14.536000,0.290355
6958,14.536000,14.536000,0.290355
6959,14.536000,14.536000,0.290355
6960,14.536000,14.536000,0.290355
6961,14.536000,14.536000,0.290355
6962,14.536000,14.536000,0.290355
6963,14.536000,14.536000,0.290355
6964,14.536000,14.536000,0.290355
6965,14.536000,14.536000,0.290355
6966,14.536000,14.536000,0.290355
6967,14.536000,14.536000,0.290355
6968,14.536000,14.536000,0.290355
6969,14.536000,14.536000,0.290355
6970,14.536000,14.536000,0.290355
6971,14.536000,14.536000,0.290355
6972,14.536000,14.536000,0.290355
6973,14.536000,14.536000,0.290355
6974,14.536000,14.536000,0.290355
6975,14.536000,14.536000,0.290355
6976,14.536000,14.536000,0.290355
6977,14.536000,14.536000,0.290355
6978,14.536000,14.536000,0.290355
6979,14.536000,14.536000,0.290355
6980,14.536000,14.536000,0.290355
6981,14.536000,14.536000,0.290355
6982,14.536000,14.536000,0.290355
6983,14.536000,14.536000,0.290355
6984,14.536000,14.536000,0.290355
6985,14.536000,14.536000,0.290355
6986,14.536000,14.536000,0.290355
6987,14.536000,14.536000,0.290355
6988,14.536000,14.536000,0.290355
6989,14.536000,14.536000,0.290355
6990,14.536000,14.536000,0.290355
6991,14.536000,14.536000,0.290355
6992,14.536000,14.536000,0.290355
6993,14.536000,14.536000,0.290355
6994,14.536000,14.536000,0.290355
6995,14.536000,14.536000,0.290355
6996,14.536000,14.536000,0.290355
6997,14.536000,14.536000,0.290355
6998,14.536000,14.536000,0.290355
6999,14.536000,14.536000,0.290355
7000,14.536000,14.536000,0.290355
7001,14.536000,14.536000,0.275837
7002,14.536000,14.536000,0.275837
7003,14.536000,14.536000,0.275837
7004,14.536000,14.536000,0.275837
7005,14.536000,14.536000,0.275837
7006,14.536000,14.536000,0.275837
7007,14.536000,14.536000,0.275837
7008,14.536000,14.536000,0.275837
7009,14.536000,14.536000,0.275837
7010,14.536000,14.536000,0.275837
7011,14.536000,14.536000,0.275837
7012,14.536000,14.536000,0.275837
7013,14.536000,14.536000,0.275837
7014,14.536000,14.536000,0.275837
7015,14.536000,14.536000,0.275837
7016,14.536000,14.536000,0.275837
7017,14.536000,14.536000,0.275837
7018,14.536000,14.536000,0.275837
7019,14.536000,14.536000,0.275837
7020,14.536000,14.536000,0.275837
7021,14.536000,14.536000,0.275837
7022,14.536000,14.536000,0.275837
7023,14.536000,14.536000,0.275837
7024,14.536000,14.536000,0.275837
7025,14.536000,14.536000,0.275837
7026,14.536000,14.536000,0.275837
7027,14.536000,14.536000,0.275837
7028,14.536000,14.536000,0.275837
7029,14.536000,14.536000,0.275837
7030,14.536000,14.536000,0.275837
7031,14.536000,14.536000,0.275837
7032,14.536000,14.536000,0.275837
7033,14.536000,14.536000,0.275837
7034,14.536000,14.536000,0.275837
7035,14.536000,14.536000,0.275837
7036,14.536000,14.536000,0.275837
7037,14.536000,14.536000,0.275837
7038,14.536000,14.536000,0.275837
7039,14.536000,14.536000,0.275837
7040,14.536000,14.536000,0.275837
7041,14.536000,14.536000,0.275837
7042,14.536000,14.536000,0.275837
7043,14.536000,14.536000,0.275837
7044,14.536000,14.536000,0.275837
7045,14.536000,14.536000,0.275837
7046,14.536000,14.536000,0.275837
7047,14.536000,14.536000,0.275837
7048,14.536000,14.536000,0.275837
7049,15.122000,14.536000,0.275837
7050,14.536000,14.536000,0.275837
7051,14.536000,14.536000,0.275837
7052,14.536000,14.536000,0.275837
7053,14.536000,14.536000,0.275837
7054,14.536000,14.536000,0.275837
7055,14.536000,14.536000,0.275837
7056,14.536000,14.536000,0.275837
7057,14.536000,14.536000,0.275837
7058,14.536000,14.536000,0.275837
7059,14.536000,14.536000,0.275837
7060,14.536000,14.536000,0.275837
7061,14.536000,14.536000,0.275837
7062,14.536000,14.536000,0.275837
7063,14.536000,14.536000,0.275837
7064,14.536000,14.536000,0.275837
7065,14.536000,14.536000,0.275837
7066,14.536000,14.536000,0.275837
7067,14.536000,14.536000,0.275837
7068,14.536000,14.536000,0.275837
7069,14.536000,14.536000,0.275837
7070,14.536000,14.536000,0.275837
7071,14.536000,14.536000,0.275837
7072,14.536000,14.536000,0.275837
7073,14.536000,14.536000,0.275837
7074,14.536000,14.536000,0.275837
7075,14.536000,14.536000,0.275837
7076,14.536000,14.536000,0.275837
7077,14.536000,14.536000,0.275837
7078,14.536000,14.536000,0.275837
7079,14.536000,14.536000,0.275837
7080,14.536000,14.536000,0.275837
7081,14.536000,14.536000,0.275837
7082,14.536000,14.536000,0.275837
7083,14.536000,14.536000,0.275837
7084,14.536000,14.536000,0.275837
7085,14.536000,14.536000,0.275837
7086,14.536000,14.536000,0.275837
7087,14.536000,14.536000,0.275837
7088,14.536000,14.536000,0.275837
7089,14.536000,14.536000,0.275837
7090,14.536000,14.536000,0.275837
7091,14.536000,14.536000,0.275837
7092,14.536000,14.536000,0.275837
7093,14.536000,14.536000,0.275837
7094,14.536000,14.536000,0.275837
7095,14.536000,14.536000,0.275837
7096,14.536000,14.536000,0.275837
7097,14.536000,14.536000,0.275837
7098,14.536000,14.536000,0.275837
7099,14.536000,14.536000,0.275837
7100,14.536000,14.536000,0.275837
7101,14.536000,14.536000,0.262045
7102,14.536000,14.536000,0.262045
7103,14.536000,14.536000,0.262045
7104,14.536000,14.536000,0.262045
7105,14.536000,14.536000,0.262045
7106,14.536000,14.536000,0.262045
7107,14.536000,14.536000,0.262045
7108,14.536000,14.536000,0.262045
7109,14.536000,14.536000,0.262045
7110,14.536000,14.536000,0.262045
7111,14.536000,14.536000,0.262045
7112,14.536000,14.536000,0.262045
7113,14.536000,14.536000,0.262045
7114,14.536000,14.536000,0.262045
7115,14.536000,14.536000,0.262045
7116,14.536000,14.536000,0.262045
7117,14.536000,14.536000,0.262045
7118,14.536000,14.536000,0.262045
7119,14.536000,14.536000,0.262045
7120,14.536000,14.536000,0.262045
7121,14.536000,14.536000,0.262045
7122,14.536000,14.536000,0.262045
7123,14.536000,14.536000,0.262045
7124,14.536000,14.536000,0.262045
7125,14.536000,14.536000,0.262045
7126,14.536000,14.536000,0.262045
7127,14.536000,14.536000,0.262045
7128,14.536000,14.536000,0.262045
7129,14.536000,14.536000,0.262045
7130,14.536000,14.536000,0.262045
7131,14.536000,14.536000,0.262045
7132,14.536000,14.536000,0.262045
7133,14.536000,14.536000,0.262045
7134,14.536000,14.536000,0.262045
7135,14.536000,14.536000,0.262045
7136,14.536000,14.536000,0.262045
7137,14.536000,14.536000,0.262045
7138,14.536000,14.536000,0.262045
7139,14.536000,14.536000,0.262045
7140,14.536000,14.536000,0.262045
7141,15.122000,14.536000,0.262045
7142,15.122000,14.536000,0.262045
7143,15.122000,14.536000,0.262045
7144,14.536000,14.536000,0.262045
7145,14.536000,14.536000,0.262045
7146,14.536000,14.536000,0.262045
7147,14.536000,14.536000,0.262045
7148,14.536000,14.536000,0.262045
7149,14.536000,14.536000,0.262045
7150,14.536000,14.536000,0.262045
7151,14.536000,14.536000,0.262045
7152,15.122000,14.536000,0.262045
7153,15.122000,14.536000,0.262045
7154,15.122000,14.536000,0.262045
7155,15.122000,14.536000,0.262045
7156,15.122000,14.536000,0.262045
7157,15.122000,14.536000,0.262045
7158,15.122000,14.536000,0.262045
7159,15.122000,14.536000,0.262045
7160,15.122000,14.536000,0.262045
7161,15.122000,14.536000,0.262045
7162,15.122000,14.536000,0.262045
7163,15.122000,14.536000,0.262045
7164,15.122000,14.536000,0.262045
7165,15.122000,14.536000,0.262045
7166,15.122000,14.536000,0.262045
7167,15.122000,14.536000,0.262045
7168,15.122000,14.536000,0.262045
7169,15.122000,14.536000,0.262045
7170,15.122000,14.536000,0.262045
7171,15.122000,14.536000,0.262045
7172,15.122000,14.536000,0.262045
7173,15.122000,14.536000,0.262045
7174,15.122000,14.536000,0.262045
7175,15.122000,14.536000,0.262045
7176,15.122000,14.536000,0.262045
7177,15.122000,14.536000,0.262045
7178,15.122000,14.536000,0.262045
7179,15.122000,14.536000,0.262045
7180,15.122000,14.536000,0.262045
7181,15.122000,14.536000,0.262045
7182,15.122000,14.536000,0.262045
7183,15.122000,14.536000,0.262045
7184,15.122000,14.536000,0.262045
7185,15.122000,14.536000,0.262045
7186,15.122000,14.536000,0.262045
7187,15.122000,14.536000,0.262045
7188,15.122000,14.536000,0.262045
7189,15.122000,14.536000,0.262045
7190,15.122000,14.536000,0.262045
7191,14.536000,14.536000,0.262045
7192,14.536000,14.536000,0.262045
7193,14.536000,14.536000,0.262045
7194,14.536000,14.536000,0.262045
7195,14.536000,14.536000,0.262045
7196,14.536000,14.536000,0.262045
7197,14.536000,14.536000,0.262045
7198,14.536000,14.536000,0.262045
7199,14.536000,14.536000,0.262045
7200,14.536000,14.536000,0.262045
7201,14.536000,14.536000,0.248943
7202,14.536000,14.536000,0.248943
7203,14.536000,14.536000,0.248943
7204,14.536000,14.536000,0.248943
7205,14.536000,14.536000,0.248943
7206,14.536000,14.536000,0.248943
7207,14.536000,14.536000,0.248943
7208,14.536000,14.536000,0.248943
7209,14.536000,14.536000,0.248943
7210,14.536000,14.536000,0.248943
7211,14.536000,14.536000,0.248943
7212,14.536000,14.536000,0.248943
7213,14.536000,14.536000,0.248943
7214,14.536000,14.536000,0.248943
7215,14.536000,14.536000,0.248943
7216,14.536000,14.536000,0.248943
7217,14.536000,14.536000,0.248943
7218,14.536000,14.536000,0.248943
7219,14.536000,14.536000,0.248943
7220,14.536000,14.536000,0.248943
7221,14.536000,14.536000,0.248943
7222,14.536000,14.536000,0.248943
7223,14.536000,14.536000,0.248943
7224,14.536000,14.536000,0.248943
7225,14.536000,14.536000,0.248943
7226,14.536000,14.536000,0.248943
7227,14.536000,14.536000,0.248943
7228,14.536000,14.536000,0.248943
7229,14.536000,14.536000,0.248943
7230,14.536000,14.536000,0.248943
7231,14.536000,14.536000,0.248943
7232,14.536000,14.536000,0.248943
7233,14.536000,14.536000,0.248943
7234,14.536000,14.536000,0.248943
7235,14.536000,14.536000,0.248943
7236,14.536000,14.536000,0.248943
7237,14.536000,14.536000,0.248943
7238,14.536000,14.536000,0.248943
7239,14.536000,14.536000,0.248943
7240,14.536000,14.536000,0.248943
7241,14.536000,14.536000,0.248943
7242,14.536000,14.536000,0.248943
7243,14.536000,14.536000,0.248943
7244,14.536000,14.536000,0.248943
7245,14.536000,14.536000,0.248943
7246,14.536000,14.536000,0.248943
7247,14.536000,14.536000,0.248943
7248,14.536000,14.536000,0.248943
7249,14.536000,14.536000,0.248943
7250,14.536000,14.536000,0.248943
7251,14.536000,14.536000,0.248943
7252,14.536000,14.536000,0.248943
7253,14.536000,14.536000,0.248943
7254,14.536000,14.536000,0.248943
7255,14.536000,14.536000,0.248943
7256,14.536000,14.536000,0.248943
7257,15.122000,14.536000,0.248943
7258,14.536000,14.536000,0.248943
7259,14.536000,14.536000,0.248943
7260,14.536000,14.536000,0.248943
7261,14.536000,14.536000,0.248943
7262,14.536000,14.536000,0.248943
7263,14.536000,14.536000,0.248943
7264,14.536000,14.536000,0.248943
7265,14.536000,14.536000,0.248943
7266,14.536000,14.536000,0.248943
7267,14.536000,14.536000,0.248943
7268,14.536000,14.536000,0.248943
7269,14.536000,14.536000,0.248943
7270,14.536000,14.536000,0.248943
7271,14.536000,14.536000,0.248943
7272,14.536000,14.536000,0.248943
7273,14.536000,14.536000,0.248943
7274,14.536000,14.536000,0.248943
7275,14.536000,14.536000,0.248943
7276,14.536000,14.536000,0.248943
7277,14.536000,14.536000,0.248943
7278,14.536000,14.536000,0.248943
7279,14.536000,14.536000,0.248943
7280,14.536000,14.536000,0.248943
7281,14.536000,14.536000,0.248943
7282,14.536000,14.536000,0.248943
7283,14.536000,14.536000,0.248943
7284,14.536000,14.536000,0.248943
7285,14.536000,14.536000,0.248943
7286,14.536000,14.536000,0.248943
7287,14.536000,14.536000,0.248943
7288,14.536000,14.536000,0.248943
7289,14.536000,14.536000,0.248943
7290,14.536000,14.536000,0.248943
7291,14.536000,14.536000,0.248943
7292,14.536000,14.536000,0.248943
7293,14.536000,14.536000,0.248943
7294,14.536000,14.536000,0.248943
7295,14.536000,14.536000,0.248943
7296,14.536000,14.536000,0.248943
7297,14.536000,14.536000,0.248943
7298,14.536000,14.536000,0.248943
7299,14.536000,14.536000,0.248943
7300,14.536000,14.536000,0.248943
7301,14.536000,14.536000,0.236496
7302,14.536000,14.536000,0.236496
7303,14.536000,14.536000,0.236496
7304,14.536000,14.536000,0.236496
7305,14.536000,14.536000,0.236496
7306,14.536000,14.536000,0.236496
7307,14.536000,14.536000,0.236496
7308,14.536000,14.536000,0.236496
7309,14.536000,14.536000,0.236496
7310,14.536000,14.536000,0.236496
7311,14.536000,14.536000,0.236496
7312,15.122000,14.536000,0.236496
7313,15.122000,14.536000,0.236496
7314,14.536000,14.536000,0.236496
7315,14.536000,14.536000,0.236496
7316,14.536000,14.536000,0.236496
7317,14.536000,14.536000,0.236496
7318,14.536000,14.536000,0.236496
7319,14.536000,14.536000,0.236496
7320,14.536000,14.536000,0.236496
7321,14.536000,14.536000,0.236496
7322,14.536000,14.536000,0.236496
7323,14.536000,14.536000,0.236496
7324,14.536000,14.536000,0.236496
7325,14.536000,14.536000,0.236496
7326,14.536000,14.536000,0.236496
7327,14.536000,14.536000,0.236496
7328,14.536000,14.536000,0.236496
7329,14.536000,14.536000,0.236496
7330,14.536000,14.536000,0.236496
7331,14.536000,14.536000,0.236496
7332,14.536000,14.536000,0.236496
7333,14.536000,14.536000,0.236496
7334,14.536000,14.536000,0.236496
7335,14.536000,14.536000,0.236496
7336,14.536000,14.536000,0.236496
7337,14.536000,14.536000,0.236496
7338,14.536000,14.536000,0.236496
7339,14.536000,14.536000,0.236496
7340,14.536000,14.536000,0.236496
7341,14.536000,14.536000,0.236496
7342,14.536000,14.536000,0.236496
7343,14.536000,14.536000,0.236496
7344,14.536000,14.536000,0.236496
7345,14.536000,14.536000,0.236496
7346,14.536000,14.536000,0.236496
7347,14.536000,14.536000,0.236496
7348,14.536000,14.536000,0.236496
7349,14.536000,14.536000,0.236496
7350,14.536000,14.536000,0.236496
7351,14.536000,14.536000,0.236496
7352,14.536000,14.536000,0.236496
7353,14.536000,14.536000,0.236496
7354,14.536000,14.536000,0.236496
7355,14.536000,14.536000,0.236496
7356,14.536000,14.536000,0.236496
7357,14.536000,14.536000,0.236496
7358,14.536000,14.536000,0.236496
7359,14.536000,14.536000,0.236496
7360,14.536000,14.536000,0.236496
7361,14.536000,14.536000,0.236496
7362,14.536000,14.536000,0.236496
7363,14.536000,14.536000,0.236496
7364,14.536000,14.536000,0.236496
7365,14.536000,14.536000,0.236496
7366,14.536000,14.536000,0.236496
7367,14.536000,14.536000,0.236496
7368,14.536000,14.536000,0.236496
7369,14.536000,14.536000,0.236496
7370,14.536000,14.536000,0.236496
7371,14.536000,14.536000,0.236496
7372,14.536000,14.536000,0.236496
7373,14.536000,14.536000,0.236496
7374,14.536000,14.536000,0.236496
7375,14.536000,14.536000,0.236496
7376,14.536000,14.536000,0.236496
7377,14.536000,14.536000,0.236496
7378,14.536000,14.536000,0.236496
7379,14.536000,14.536000,0.236496
7380,14.536000,14.536000,0.236496
7381,14.536000,14.536000,0.236496
7382,14.536000,14.536000,0.236496
7383,14.536000,14.536000,0.236496
7384,14.536000,14.536000,0.236496
7385,15.122000,14.536000,0.236496
7386,15.122000,14.536000,0.236496
7387,15.122000,14.536000,0.236496
7388,15.122000,14.536000,0.236496
7389,15.122000,14.536000,0.236496
7390,15.122000,14.536000,0.236496
7391,15.122000,14.536000,0.236496
7392,15.122000,14.536000,0.236496
7393,14.536000,14.536000,0.236496
7394,14.536000,14.536000,0.236496
7395,14.536000,14.536000,0.236496
7396,14.536000,14.536000,0.236496
7397,14.536000,14.536000,0.236496
7398,14.536000,14.536000,0.236496
7399,14.536000,14.536000,0.236496
7400,14.536000,14.536000,0.236496
7401,14.536000,14.536000,0.224671
7402,14.536000,14.536000,0.224671
7403,14.536000,14.536000,0.224671
7404,14.536000,14.536000,0.224671
7405,14.536000,14.536000,0.224671
7406,14.536000,14.536000,0.224671
7407,14.536000,14.536000,0.224671
7408,14.536000,14.536000,0.224671
7409,14.536000,14.536000,0.224671
7410,14.536000,14.536000,0.224671
7411,14.536000,14.536000,0.224671
7412,14.536000,14.536000,0.224671
7413,14.536000,14.536000,0.224671
7414,14.536000,14.536000,0.224671
7415,14.536000,14.536000,0.224671
7416,14.536000,14.536000,0.224671
7417,14.536000,14.536000,0.224671
7418,14.536000,14.536000,0.224671
7419,14.536000,14.536000,0.224671
7420,14.536000,14.536000,0.224671
7421,14.536000,14.536000,0.224671
7422,14.536000,14.536000,0.224671
7423,14.536000,14.536000,0.224671
7424,14.536000,14.536000,0.224671
7425,14.536000,14.536000,0.224671
7426,14.536000,14.536000,0.224671
7427,14.536000,14.536000,0.224671
7428,14.536000,14.536000,0.224671
7429,14.536000,14.536000,0.224671
7430,14.536000,14.536000,0.224671
7431,14.536000,14.536000,0.224671
7432,14.536000,14.536000,0.224671
7433,14.536000,14.536000,0.224671
7434,14.536000,14.536000,0.224671
7435,14.536000,14.536000,0.224671
7436,14.536000,14.536000,0.224671
7437,14.536000,14.536000,0.224671
7438,14.536000,14.536000,0.224671
7439,14.536000,14.536000,0.224671
7440,14.536000,14.536000,0.224671
7441,14.536000,14.536000,0.224671
7442,14.536000,14.536000,0.224671
7443,14.536000,14.536000,0.224671
7444,14.536000,14.536000,0.224671
7445,14.536000,14.536000,0.224671
7446,14.536000,14.536000,0.224671
7447,14.536000,14.536000,0.224671
7448,14.536000,14.536000,0.224671
7449,14.536000,14.536000,0.224671
7450,14.536000,14.536000,0.224671
7451,14.536000,14.536000,0.224671
7452,14.536000,14.536000,0.224671
7453,14.536000,14.536000,0.224671
7454,14.536000,14.536000,0.224671
7455,14.536000,14.536000,0.224671
7456,14.536000,14.536000,0.224671
7457,14.536000,14.536000,0.224671
7458,14.536000,14.536000,0.224671
7459,14.536000,14.536000,0.224671
7460,14.536000,14.536000,0.224671
7461,14.536000,14.536000,0.224671
7462,14.536000,14.536000,0.224671
7463,14.536000,14.536000,0.224671
7464,14.536000,14.536000,0.224671
7465,14.536000,14.536000,0.224671
7466,14.536000,14.536000,0.224671
7467,14.536000,14.536000,0.224671
7468,14.536000,14.536000,0.224671
7469,14.536000,14.536000,0.224671
7470,14.536000,14.536000,0.224671
7471,14.536000,14.536000,0.224671
7472,14.536000,14.536000,0.224671
7473,14.536000,14.536000,0.224671
7474,14.536000,14.536000,0.224671
7475,14.536000,14.536000,0.224671
7476,14.536000,14.536000,0.224671
7477,14.536000,14.536000,0.224671
7478,14.536000,14.536000,0.224671
7479,14.536000,14.536000,0.224671
7480,14.536000,14.536000,0.224671
7481,14.536000,14.536000,0.224671
7482,14.536000,14.536000,0.224671
7483,14.536000,14.536000,0.224671
7484,14.536000,14.536000,0.224671
7485,14.536000,14.536000,0.224671
7486,14.536000,14.536000,0.224671
7487,14.536000,14.536000,0.224671
7488,14.536000,14.536000,0.224671
7489,14.536000,14.536000,0.224671
7490,14.536000,14.536000,0.224671
7491,14.536000,14.536000,0.224671
7492,14.536000,14.536000,0.224671
7493,14.536000,14.536000,0.224671
7494,14.536000,14.536000,0.224671
7495,14.536000,14.536000,0.224671
7496,14.536000,14.536000,0.224671
7497,14.536000,14.536000,0.224671
7498,14.536000,14.536000,0.224671
7499,14.536000,14.536000,0.224671
7500,14.536000,14.536000,0.224671
7501,14.536000,14.536000,0.213437
7502,14.536000,14.536000,0.213437
7503,14.536000,14.536000,0.213437
7504,14.536000,14.536000,0.213437
7505,14.536000,14.536000,0.213437
7506,14.536000,14.536000,0.213437
7507,14.536000,14.536000,0.213437
7508,14.536000,14.536000,0.213437
7509,14.536000,14.536000,0.213437
7510,14.536000,14.536000,0.213437
7511,14.536000,14.536000,0.213437
7512,14.536000,14.536000,0.213437
7513,14.536000,14.536000,0.213437
7514,14.536000,14.536000,0.213437
7515,15.122000,14.536000,0.213437
7516,14.536000,14.536000,0.213437
7517,14.536000,14.536000,0.213437
7518,14.536000,14.536000,0.213437
7519,14.536000,14.536000,0.213437
7520,14.536000,14.536000,0.213437
7521,14.536000,14.536000,0.213437
7522,14.536000,14.536000,0.213437
7523,14.536000,14.536000,0.213437
7524,14.536000,14.536000,0.213437
7525,14.536000,14.536000,0.213437
7526,14.536000,14.536000,0.213437
7527,14.536000,14.536000,0.213437
7528,14.536000,14.536000,0.213437
7529,14.536000,14.536000,0.213437
7530,14.536000,14.536000,0.213437
7531,14.536000,14.536000,0.213437
7532,14.536000,14.536000,0.213437
7533,14.536000,14.536000,0.213437
7534,14.536000,14.536000,0.213437
7535,14.536000,14.536000,0.213437
7536,14.536000,14.536000,0.213437
7537,14.536000,14.536000,0.213437
7538,14.536000,14.536000,0.213437
7539,14.536000,14.536000,0.213437
7540,14.536000,14.536000,0.213437
7541,14.536000,14.536000,0.213437
7542,14.536000,14.536000,0.213437
7543,14.536000,14.536000,0.213437
7544,14.536000,14.536000,0.213437
7545,14.536000,14.536000,0.213437
7546,14.536000,14.536000,0.213437
7547,15.122000,14.536000,0.213437
7548,15.122000,14.536000,0.213437
7549,15.122000,14.536000,0.213437
7550,15.122000,14.536000,0.213437
7551,15.122000,14.536000,0.213437
7552,15.122000,14.536000,0.213437
7553,15.122000,14.536000,0.213437
7554,15.122000,14.536000,0.213437
7555,15.122000,14.536000,0.213437
7556,15.122000,14.536000,0.213437
7557,15.122000,14.536000,0.213437
7558,15.122000,14.536000,0.213437
7559,15.122000,14.536000,0.213437
7560,15.122000,14.536000,0.213437
7561,15.122000,14.536000,0.213437
7562,15.122000,14.536000,0.213437
7563,15.122000,14.536000,0.213437
7564,15.122000,14.536000,0.213437
7565,15.122000,14.536000,0.213437
7566,15.122000,14.536000,0.213437
7567,15.122000,14.536000,0.213437
7568,14.536000,14.536000,0.213437
7569,14.536000,14.536000,0.213437
7570,14.536000,14.536000,0.213437
7571,14.536000,14.536000,0.213437
7572,14.536000,14.536000,0.213437
7573,14.536000,14.536000,0.213437
7574,14.536000,14.536000,0.213437
7575,14.536000,14.536000,0.213437
7576,14.536000,14.536000,0.213437
7577,14.536000,14.536000,0.213437
7578,14.536000,14.536000,0.213437
7579,14.536000,14.536000,0.213437
7580,14.536000,14.536000,0.213437
7581,14.536000,14.536000,0.213437
7582,14.536000,14.536000,0.213437
7583,14.536000,14.536000,0.213437
7584,14.536000,14.536000,0.213437
7585,14.536000,14.536000,0.213437
7586,14.536000,14.536000,0.213437
7587,14.536000,14.536000,0.213437
7588,14.536000,14.536000,0.213437
7589,14.536000,14.536000,0.213437
7590,14.536000,14.536000,0.213437
7591,14.536000,14.536000,0.213437
7592,14.536000,14.536000,0.213437
7593,14.536000,14.536000,0.213437
7594,14.536000,14.536000,0.213437
7595,14.536000,14.536000,0.213437
7596,14.536000,14.536000,0.213437
7597,14.536000,14.536000,0.213437
7598,14.536000,14.536000,0.213437
7599,14.536000,14.536000,0.213437
7600,14.536000,14.536000,0.213437
7601,14.536000,14.536000,0.202765
7602,14.536000,14.536000,0.202765
7603,14.536000,14.536000,0.202765
7604,14.536000,14.536000,0.202765
7605,14.536000,14.536000,0.202765
7606,14.536000,14.536000,0.202765
7607,14.536000,14.536000,0.202765
7608,14.536000,14.536000,0.202765
7609,14.536000,14.536000,0.202765
7610,14.536000,14.536000,0.202765
7611,14.536000,14.536000,0.202765
7612,14.536000,14.536000,0.202765
7613,14.536000,14.536000,0.202765
7614,14.536000,14.536000,0.202765
7615,14.536000,14.536000,0.202765
7616,14.536000,14.536000,0.202765
7617,14.536000,14.536000,0.202765
7618,14.536000,14.536000,0.202765
7619,14.536000,14.536000,0.202765
7620,14.536000,14.536000,0.202765
7621,14.536000,14.536000,0.202765
7622,14.536000,14.536000,0.202765
7623,14.536000,14.536000,0.202765
7624,14.536000,14.536000,0.202765
7625,14.536000,14.536000,0.202765
7626,14.536000,14.536000,0.202765
7627,14.536000,14.536000,0.202765
7628,14.536000,14.536000,0.202765
7629,14.536000,14.536000,0.202765
7630,14.536000,14.536000,0.202765
7631,14.536000,14.536000,0.202765
7632,14.536000,14.536000,0.202765
7633,14.536000,14.536000,0.202765
7634,14.536000,14.536000,0.202765
7635,14.536000,14.536000,0.202765
7636,14.536000,14.536000,0.202765
7637,14.536000,14.536000,0.202765
7638,14.536000,14.536000,0.202765
7639,14.536000,14.536000,0.202765
7640,14.536000,14.536000,0.202765
7641,14.536000,14.536000,0.202765
7642,14.536000,14.536000,0.202765
7643,14.536000,14.536000,0.202765
7644,14.536000,14.536000,0.202765
7645,14.536000,14.536000,0.202765
7646,14.536000,14.536000,0.202765
7647,14.536000,14.536000,0.202765
7648,14.536000,14.536000,0.202765
7649,14.536000,14.536000,0.202765
7650,14.536000,14.536000,0.202765
7651,14.536000,14.536000,0.202765
7652,14.536000,14.536000,0.202765
7653,14.536000,14.536000,0.202765
7654,14.536000,14.536000,0.202765
7655,14.536000,14.536000,0.202765
7656,14.536000,14.536000,0.202765
7657,14.536000,14.536000,0.202765
7658,14.536000,14.536000,0.202765
7659,14.536000,14.536000,0.202765
7660,14.536000,14.536000,0.202765
7661,14.536000,14.536000,0.202765
7662,14.536000,14.536000,0.202765
7663,14.536000,14.536000,0.202765
7664,14.536000,14.536000,0.202765
7665,14.536000,14.536000,0.202765
7666,14.536000,14.536000,0.202765
7667,14.536000,14.536000,0.202765
7668,14.536000,14.536000,0.202765
7669,14.536000,14.536000,0.202765
7670,14.536000,14.536000,0.202765
7671,14.536000,14.536000,0.202765
7672,14.536000,14.536000,0.202765
7673,14.536000,14.536000,0.202765
7674,14.536000,14.536000,0.202765
7675,14.536000,14.536000,0.202765
7676,14.536000,14.536000,0.202765
7677,14.536000,14.536000,0.202765
7678,14.536000,14.536000,0.202765
7679,14.536000,14.536000,0.202765
7680,14.536000,14.536000,0.202765
7681,14.536000,14.536000,0.202765
7682,14.536000,14.536000,0.202765
7683,14.536000,14.536000,0.202765
7684,14.536000,14.536000,0.202765
7685,14.536000,14.536000,0.202765
7686,14.536000,14.536000,0.202765
7687,14.536000,14.536000,0.202765
7688,14.536000,14.536000,0.202765
7689,14.536000,14.536000,0.202765
7690,14.536000,14.536000,0.202765
7691,14.536000,14.536000,0.202765
7692,14.536000,14.536000,0.202765
7693,14.536000,14.536000,0.202765
7694,14.536000,14.536000,0.202765
7695,14.536000,14.536000,0.202765
7696,14.536000,14.536000,0.202765
7697,14.536000,14.536000,0.202765
7698,14.536000,14.536000,0.202765
7699,14.536000,14.536000,0.202765
7700,14.536000,14.536000,0.202765
7701,14.536000,14.536000,0.192627
7702,14.536000,14.536000,0.192627
7703,14.536000,14.536000,0.192627
7704,14.536000,14.536000,0.192627
7705,14.536000,14.536000,0.192627
7706,14.536000,14.536000,0.192627
7707,14.536000,14.536000,0.192627
7708,14.536000,14.536000,0.192627
7709,14.536000,14.536000,0.192627
7710,14.536000,14.536000,0.192627
7711,14.536000,14.536000,0.192627
7712,14.536000,14.536000,0.192627
7713,14.536000,14.536000,0.192627
7714,14.536000,14.536000,0.192627
7715,14.536000,14.536000,0.192627
7716,14.536000,14.536000,0.192627
7717,14.536000,14.536000,0.192627
7718,14.536000,14.536000,0.192627
7719,14.536000,14.536000,0.192627
7720,14.536000,14.536000,0.192627
7721,14.536000,14.536000,0.192627
7722,14.536000,14.536000,0.192627
7723,14.536000,14.536000,0.192627
7724,14.536000,14.536000,0.192627
7725,14.536000,14.536000,0.192627
7726,14.536000,14.536000,0.192627
7727,14.536000,14.536000,0.192627
7728,14.536000,14.536000,0.192627
7729,14.536000,14.536000,0.192627
7730,14.536000,14.536000,0.192627
7731,14.536000,14.536000,0.192627
7732,14.536000,14.536000,0.192627
7733,14.536000,14.536000,0.192627
7734,14.536000,14.536000,0.192627
7735,14.536000,14.536000,0.192627
7736,14.536000,14.536000,0.192627
7737,14.536000,14.536000,0.192627
7738,14.536000,14.536000,0.192627
7739,14.536000,14.536000,0.192627
7740,14.536000,14.536000,0.192627
7741,14.536000,14.536000,0.192627
7742,14.536000,14.536000,0.192627
7743,14.536000,14.536000,0.192627
7744,14.536000,14.536000,0.192627
7745,14.536000,14.536000,0.192627
7746,14.536000,14.536000,0.192627
7747,14.536000,14.536000,0.192627
7748,14.536000,14.536000,0.192627
7749,14.536000,14.536000,0.192627
7750,14.536000,14.536000,0.192627
7751,14.536000,14.536000,0.192627
7752,14.536000,14.536000,0.192627
7753,14.536000,14.536000,0.192627
7754,14.536000,14.536000,0.192627
7755,14.536000,14.536000,0.192627
7756,14.536000,14.536000,0.192627
7757,14.536000,14.536000,0.192627
7758,14.536000,14.536000,0.192627
7759,14.536000,14.536000,0.192627
7760,14.536000,14.536000,0.192627
7761,14.536000,14.536000,0.192627
7762,14.536000,14.536000,0.192627
7763,14.536000,14.536000,0.192627
7764,14.536000,14.536000,0.192627
7765,14.536000,14.536000,0.192627
7766,15.122000,14.536000,0.192627
7767,15.122000,14.536000,0.192627
7768,14.536000,14.536000,0.192627
7769,14.536000,14.536000,0.192627
7770,14.536000,14.536000,0.192627
7771,14.536000,14.536000,0.192627
7772,14.536000,14.536000,0.192627
7773,14.536000,14.536000,0.192627
7774,14.536000,14.536000,0.192627
7775,14.536000,14.536000,0.192627
7776,14.536000,14.536000,0.192627
7777,14.536000,14.536000,0.192627
7778,14.536000,14.536000,0.192627
7779,14.536000,14.536000,0.192627
7780,14.536000,14.536000,0.192627
7781,14.536000,14.536000,0.192627
7782,14.536000,14.536000,0.192627
7783,14.536000,14.536000,0.192627
7784,14.536000,14.536000,0.192627
7785,14.536000,14.536000,0.192627
7786,14.536000,14.536000,0.192627
7787,14.536000,14.536000,0.192627
7788,14.536000,14.536000,0.192627
7789,14.536000,14.536000,0.192627
7790,14.536000,14.536000,0.192627
7791,14.536000,14.536000,0.192627
7792,14.536000,14.536000,0.192627
7793,14.536000,14.536000,0.192627
7794,14.536000,14.536000,0.192627
7795,14.536000,14.536000,0.192627
7796,14.536000,14.536000,0.192627
7797,14.536000,14.536000,0.192627
7798,14.536000,14.536000,0.192627
7799,14.536000,14.536000,0.192627
7800,14.536000,14.536000,0.192627
7801,14.536000,14.536000,0.182996
7802,14.536000,14.536000,0.182996
7803,14.536000,14.536000,0.182996
7804,14.536000,14.536000,0.182996
7805,14.536000,14.536000,0.182996
7806,14.536000,14.536000,0.182996
7807,14.536000,14.536000,0.182996
7808,14.536000,14.536000,0.182996
7809,14.536000,14.536000,0.182996
7810,14.536000,14.536000,0.182996
7811,14.536000,14.536000,0.182996
7812,14.536000,14.536000,0.182996
7813,14.536000,14.536000,0.182996
7814,14.536000,14.536000,0.182996
7815,14.536000,14.536000,0.182996
7816,14.536000,14.536000,0.182996
7817,14.536000,14.536000,0.182996
7818,14.536000,14.536000,0.182996
7819,14.536000,14.536000,0.182996
7820,14.536000,14.536000,0.182996
7821,14.536000,14.536000,0.182996
7822,14.536000,14.536000,0.182996
7823,14.536000,14.536000,0.182996
7824,14.536000,14.536000,0.182996
7825,14.536000,14.536000,0.182996
7826,14.536000,14.536000,0.182996
7827,14.536000,14.536000,0.182996
7828,14.536000,14.536000,0.182996
7829,14.536000,14.536000,0.182996
7830,14.536000,14.536000,0.182996
7831,14.536000,14.536000,0.182996
7832,14.536000,14.536000,0.182996
7833,14.536000,14.536000,0.182996
7834,14.536000,14.536000,0.182996
7835,14.536000,14.536000,0.182996
7836,14.536000,14.536000,0.182996
7837,14.536000,14.536000,0.182996
7838,14.536000,14.536000,0.182996
7839,14.536000,14.536000,0.182996
7840,14.536000,14.536000,0.182996
7841,14.536000,14.536000,0.182996
7842,14.536000,14.536000,0.182996
7843,14.536000,14.536000,0.182996
7844,14.536000,14.536000,0.182996
7845,14.536000,14.536000,0.182996
7846,14.536000,14.536000,0.182996
7847,14.536000,14.536000,0.182996
7848,14.536000,14.536000,0.182996
7849,14.536000,14.536000,0.182996
7850,14.536000,14.536000,0.182996
7851,14.536000,14.536000,0.182996
7852,14.536000,14.536000,0.182996
7853,14.536000,14.536000,0.182996
7854,14.536000,14.536000,0.182996
7855,14.536000,14.536000,0.182996
7856,14.536000,14.536000,0.182996
7857,14.536000,14.536000,0.182996
7858,14.536000,14.536000,0.182996
7859,14.536000,14.536000,0.182996
7860,14.536000,14.536000,0.182996
7861,14.536000,14.536000,0.182996
7862,14.536000,14.536000,0.182996
7863,14.536000,14.536000,0.182996
7864,14.536000,14.536000,0.182996
7865,14.536000,14.536000,0.182996
7866,14.536000,14.536000,0.182996
7867,14.536000,14.536000,0.182996
7868,14.536000,14.536000,0.182996
7869,14.536000,14.536000,0.182996
7870,14.536000,14.536000,0.182996
7871,14.536000,14.536000,0.182996
7872,14.536000,14.536000,0.182996
7873,14.536000,14.536000,0.182996
7874,14.536000,14.536000,0.182996
7875,14.536000,14.536000,0.182996
7876,14.536000,14.536000,0.182996
7877,14.536000,14.536000,0.182996
7878,14.536000,14.536000,0.182996
7879,14.536000,14.536000,0.182996
7880,14.536000,14.536000,0.182996
7881,14.536000,14.536000,0.182996
7882,14.536000,14.536000,0.182996
7883,14.536000,14.536000,0.182996
7884,14.536000,14.536000,0.182996
7885,14.536000,14.536000,0.182996
7886,14.536000,14.536000,0.182996
7887,14.536000,14.536000,0.182996
7888,14.536000,14.536000,0.182996
7889,14.536000,14.536000,0.182996
7890,14.536000,14.536000,0.182996
7891,14.536000,14.536000,0.182996
7892,14.536000,14.536000,0.182996
7893,14.536000,14.536000,0.182996
7894,14.536000,14.536000,0.182996
7895,14.536000,14.536000,0.182996
7896,14.536000,14.536000,0.182996
7897,14.536000,14.536000,0.182996
7898,14.536000,14.536000,0.182996
7899,14.536000,14.536000,0.182996
7900,14.536000,14.536000,0.182996
7901,14.536000,14.536000,0.173846
7902,14.536000,14.536000,0.173846
7903,14.536000,14.536000,0.173846
7904,14.536000,14.536000,0.173846
7905,14.536000,14.536000,0.173846
7906,14.536000,14.536000,0.173846
7907,14.536000,14.536000,0.173846
7908,14.536000,14.536000,0.173846
7909,14.536000,14.536000,0.173846
7910,14.536000,14.536000,0.173846
7911,14.536000,14.536000,0.173846
7912,14.536000,14.536000,0.173846
7913,14.536000,14.536000,0.173846
7914,14.536000,14.536000,0.173846
7915,14.536000,14.536000,0.173846
7916,14.536000,14.536000,0.173846
7917,14.536000,14.536000,0.173846
7918,14.536000,14.536000,0.173846
7919,14.536000,14.536000,0.173846
7920,14.536000,14.536000,0.173846
7921,14.536000,14.536000,0.173846
7922,14.536000,14.536000,0.173846
7923,14.536000,14.536000,0.173846
7924,14.536000,14.536000,0.173846
7925,14.536000,14.536000,0.173846
7926,14.536000,14.536000,0.173846
7927,14.536000,14.536000,0.173846
7928,14.536000,14.536000,0.173846
7929,14.536000,14.536000,0.173846
7930,14.536000,14.536000,0.173846
7931,14.536000,14.536000,0.173846
7932,14.536000,14.536000,0.173846
7933,14.536000,14.536000,0.173846
7934,14.536000,14.536000,0.173846
7935,14.536000,14.536000,0.173846
7936,14.536000,14.536000,0.173846
7937,14.536000,14.536000,0.173846
7938,14.536000,14.536000,0.173846
7939,14.536000,14.536000,0.173846
7940,14.536000,14.536000,0.173846
7941,14.536000,14.536000,0.173846
7942,14.536000,14.536000,0.173846
7943,14.536000,14.536000,0.173846
7944,14.536000,14.536000,0.173846
7945,14.536000,14.536000,0.173846
7946,14.536000,14.536000,0.173846
7947,14.536000,14.536000,0.173846
7948,14.536000,14.536000,0.173846
7949,14.536000,14.536000,0.173846
7950,14.536000,14.536000,0.173846
7951,14.536000,14.536000,0.173846
7952,14.536000,14.536000,0.173846
7953,14.536000,14.536000,0.173846
7954,14.536000,14.536000,0.173846
7955,14.536000,14.536000,0.173846
7956,14.536000,14.536000,0.173846
7957,14.536000,14.536000,0.173846
7958,14.536000,14.536000,0.173846
7959,14.536000,14.536000,0.173846
7960,14.536000,14.536000,0.173846
7961,14.536000,14.536000,0.173846
7962,14.536000,14.536000,0.173846
7963,14.536000,14.536000,0.173846
7964,14.536000,14.536000,0.173846
7965,14.536000,14.536000,0.173846
7966,14.536000,14.536000,0.173846
7967,14.536000,14.536000,0.173846
7968,14.536000,14.536000,0.173846
7969,14.536000,14.536000,0.173846
7970,14.536000,14.536000,0.173846
7971,14.536000,14.536000,0.173846
7972,14.536000,14.536000,0.173846
7973,14.536000,14.536000,0.173846
7974,14.536000,14.536000,0.173846
7975,14.536000,14.536000,0.173846
7976,14.536000,14.536000,0.173846
7977,14.536000,14.536000,0.173846
7978,14.536000,14.536000,0.173846
7979,14.536000,14.536000,0.173846
7980,14.536000,14.536000,0.173846
7981,14.536000,14.536000,0.173846
7982,14.536000,14.536000,0.173846
7983,14.536000,14.536000,0.173846
7984,14.536000,14.536000,0.173846
7985,14.536000,14.536000,0.173846
7986,14.536000,14.536000,0.173846
7987,14.536000,14.536000,0.173846
7988,14.536000,14.536000,0.173846
7989,14.536000,14.536000,0.173846
7990,14.536000,14.536000,0.173846
7991,14.536000,14.536000,0.173846
7992,14.536000,14.536000,0.173846
7993,14.536000,14.536000,0.173846
7994,14.536000,14.536000,0.173846
7995,14.536000,14.536000,0.173846
7996,14.536000,14.536000,0.173846
7997,14.536000,14.536000,0.173846
7998,14.536000,14.536000,0.173846
7999,14.536000,14.536000,0.173846
8000,14.536000,14.536000,0.173846
8001,14.536000,14.536000,0.165154
8002,14.536000,14.536000,0.165154
8003,14.536000,14.536000,0.165154
8004,14.536000,14.536000,0.165154
8005,14.536000,14.536000,0.165154
8006,14.536000,14.536000,0.165154
8007,14.536000,14.536000,0.165154
8008,14.536000,14.536000,0.165154
8009,14.536000,14.536000,0.165154
8010,15.122000,14.536000,0.165154
8011,15.122000,14.536000,0.165154
8012,15.122000,14.536000,0.165154
8013,15.122000,14.536000,0.165154
8014,15.122000,14.536000,0.165154
8015,15.122000,14.536000,0.165154
8016,15.122000,14.536000,0.165154
8017,15.122000,14.536000,0.165154
8018,15.122000,14.536000,0.165154
8019,15.122000,14.536000,0.165154
8020,15.122000,14.536000,0.165154
8021,15.122000,14.536000,0.165154
8022,15.122000,14.536000,0.165154
8023,15.122000,14.536000,0.165154
8024,15.122000,14.536000,0.165154
8025,15.122000,14.536000,0.165154
8026,15.122000,14.536000,0.165154
8027,15.122000,14.536000,0.165154
8028,15.122000,14.536000,0.165154
8029,15.122000,14.536000,0.165154
8030,15.122000,14.536000,0.165154
8031,15.122000,14.536000,0.165154
8032,15.122000,14.536000,0.165154
8033,15.122000,14.536000,0.165154
8034,15.122000,14.536000,0.165154
8035,15.122000,14.536000,0.165154
8036,15.122000,14.536000,0.165154
8037,15.122000,14.536000,0.165154
8038,15.122000,14.536000,0.165154
8039,15.122000,14.536000,0.165154
8040,14.536000,14.536000,0.165154
8041,14.536000,14.536000,0.165154
8042,14.536000,14.536000,0.165154
8043,14.536000,14.536000,0.165154
8044,14.536000,14.536000,0.165154
8045,14.536000,14.536000,0.165154
8046,14.536000,14.536000,0.165154
8047,14.536000,14.536000,0.165154
8048,14.536000,14.536000,0.165154
8049,14.536000,14.536000,0.165154
8050,14.536000,14.536000,0.165154
8051,14.536000,14.536000,0.165154
8052,14.536000,14.536000,0.165154
8053,14.536000,14.536000,0.165154
8054,14.536000,14.536000,0.165154
8055,14.536000,14.536000,0.165154
8056,14.536000,14.536000,0.165154
8057,14.536000,14.536000,0.165154
8058,14.536000,14.536000,0.165154
8059,14.536000,14.536000,0.165154
8060,14.536000,14.536000,0.165154
8061,14.536000,14.536000,0.165154
8062,14.536000,14.536000,0.165154
8063,14.536000,14.536000,0.165154
8064,14.536000,14.536000,0.165154
8065,14.536000,14.536000,0.165154
8066,14.536000,14.536000,0.165154
8067,14.536000,14.536000,0.165154
8068,14.536000,14.536000,0.165154
8069,14.536000,14.536000,0.165154
8070,14.536000,14.536000,0.165154
8071,14.536000,14.536000,0.165154
8072,14.536000,14.536000,0.165154
8073,14.536000,14.536000,0.165154
8074,14.536000,14.536000,0.165154
8075,14.536000,14.536000,0.165154
8076,14.536000,14.536000,0.165154
8077,14.536000,14.536000,0.165154
8078,14.536000,14.536000,0.165154
8079,14.536000,14.536000,0.165154
8080,14.536000,14.536000,0.165154
8081,14.536000,14.536000,0.165154
8082,14.536000,14.536000,0.165154
8083,14.536000,14.536000,0.165154
8084,14.536000,14.536000,0.165154
8085,14.536000,14.536000,0.165154
8086,14.536000,14.536000,0.165154
8087,14.536000,14.536000,0.165154
8088,14.536000,14.536000,0.165154
8089,14.536000,14.536000,0.165154
8090,14.536000,14.536000,0.165154
8091,14.536000,14.536000,0.165154
8092,14.536000,14.536000,0.165154
8093,14.536000,14.536000,0.165154
8094,14.536000,14.536000,0.165154
8095,14.536000,14.536000,0.165154
8096,14.536000,14.536000,0.165154
8097,14.536000,14.536000,0.165154
8098,14.536000,14.536000,0.165154
8099,14.536000,14.536000,0.165154
8100,14.536000,14.536000,0.165154
8101,14.536000,14.536000,0.156896
8102,14.536000,14.536000,0.156896
8103,14.536000,14.536000,0.156896
8104,14.536000,14.536000,0.156896
8105,14.536000,14.536000,0.156896
8106,14.536000,14.536000,0.156896
8107,14.536000,14.536000,0.156896
8108,14.536000,14.536000,0.156896
8109,14.536000,14.536000,0.156896
8110,14.536000,14.536000,0.156896
8111,14.536000,14.536000,0.156896
8112,14.536000,14.536000,0.156896
8113,14.536000,14.536000,0.156896
8114,14.536000,14.536000,0.156896
8115,14.536000,14.536000,0.156896
8116,14.536000,14.536000,0.156896
8117,14.536000,14.536000,0.156896
8118,14.536000,14.536000,0.156896
8119,14.536000,14.536000,0.156896
8120,14.536000,14.536000,0.156896
8121,14.536000,14.536000,0.156896
8122,14.536000,14.536000,0.156896
8123,14.536000,14.536000,0.156896
8124,14.536000,14.536000,0.156896
8125,14.536000,14.536000,0.156896
8126,14.536000,14.536000,0.156896
8127,14.536000,14.536000,0.156896
8128,14.536000,14.536000,0.156896
8129,14.536000,14.536000,0.156896
8130,14.536000,14.536000,0.156896
8131,14.536000,14.536000,0.156896
8132,14.536000,14.536000,0.156896
8133,14.536000,14.536000,0.156896
8134,14.536000,14.536000,0.156896
8135,14.536000,14.536000,0.156896
8136,14.536000,14.536000,0.156896
8137,14.536000,14.536000,0.156896
8138,14.536000,14.536000,0.156896
8139,14.536000,14.536000,0.156896
8140,14.536000,14.536000,0.156896
8141,14.536000,14.536000,0.156896
8142,14.536000,14.536000,0.156896
8143,14.536000,14.536000,0.156896
8144,14.536000,14.536000,0.156896
8145,14.536000,14.536000,0.156896
8146,15.122000,14.536000,0.156896
8147,15.122000,14.536000,0.156896
8148,15.122000,14.536000,0.156896
8149,15.122000,14.536000,0.156896
8150,15.122000,14.536000,0.156896
8151,15.122000,14.536000,0.156896
8152,15.122000,14.536000,0.156896
8153,15.122000,14.536000,0.156896
8154,15.122000,14.536000,0.156896
8155,15.122000,14.536000,0.156896
8156,15.122000,14.536000,0.156896
8157,15.122000,14.536000,0.156896
8158,15.122000,14.536000,0.156896
8159,15.122000,14.536000,0.156896
8160,15.122000,14.536000,0.156896
8161,15.122000,14.536000,0.156896
8162,15.122000,14.536000,0.156896
8163,14.536000,14.536000,0.156896
8164,14.536000,14.536000,0.156896
8165,14.536000,14.536000,0.156896
8166,14.536000,14.536000,0.156896
8167,14.536000,14.536000,0.156896
8168,14.536000,14.536000,0.156896
8169,14.536000,14.536000,0.156896
8170,14.536000,14.536000,0.156896
8171,14.536000,14.536000,0.156896
8172,14.536000,14.536000,0.156896
8173,14.536000,14.536000,0.156896
8174,14.536000,14.536000,0.156896
8175,14.536000,14.536000,0.156896
8176,14.536000,14.536000,0.156896
8177,14.536000,14.536000,0.156896
8178,14.536000,14.536000,0.156896
8179,14.536000,14.536000,0.156896
8180,14.536000,14.536000,0.156896
8181,14.536000,14.536000,0.156896
8182,14.536000,14.536000,0.156896
8183,14.536000,14.536000,0.156896
8184,14.536000,14.536000,0.156896
8185,14.536000,14.536000,0.156896
8186,14.536000,14.536000,0.156896
8187,14.536000,14.536000,0.156896
8188,14.536000,14.536000,0.156896
8189,14.536000,14.536000,0.156896
8190,14.536000,14.536000,0.156896
8191,14.536000,14.536000,0.156896
8192,14.536000,14.536000,0.156896
8193,14.536000,14.536000,0.156896
8194,14.536000,14.536000,0.156896
8195,14.536000,14.536000,0.156896
8196,14.536000,14.536000,0.156896
8197,14.536000,14.536000,0.156896
8198,14.536000,14.536000,0.156896
8199,14.536000,14.536000,0.156896
8200,14.536000,14.536000,0.156896
8201,14.536000,14.536000,0.149051
8202,14.536000,14.536000,0.149051
8203,14.536000,14.536000,0.149051
8204,14.536000,14.536000,0.149051
8205,14.536000,14.536000,0.149051
8206,14.536000,14.536000,0.149051
8207,14.536000,14.536000,0.149051
8208,14.536000,14.536000,0.149051
8209,14.536000,14.536000,0.149051
8210,14.536000,14.536000,0.149051
8211,14.536000,14.536000,0.149051
8212,14.536000,14.536000,0.149051
8213,14.536000,14.536000,0.149051
8214,14.536000,14.536000,0.149051
8215,14.536000,14.536000,0.149051
8216,14.536000,14.536000,0.149051
8217,14.536000,14.536000,0.149051
8218,14.536000,14.536000,0.149051
8219,14.536000,14.536000,0.149051
8220,14.536000,14.536000,0.149051
8221,14.536000,14.536000,0.149051
8222,14.536000,14.536000,0.149051
8223,14.536000,14.536000,0.149051
8224,14.536000,14.536000,0.149051
8225,14.536000,14.536000,0.149051
8226,14.536000,14.536000,0.149051
8227,14.536000,14.536000,0.149051
8228,14.536000,14.536000,0.149051
8229,14.536000,14.536000,0.149051
8230,14.536000,14.536000,0.149051
8231,14.536000,14.536000,0.149051
8232,14.536000,14.536000,0.149051
8233,14.536000,14.536000,0.149051
8234,14.536000,14.536000,0.149051
8235,14.536000,14.536000,0.149051
8236,14.536000,14.536000,0.149051
8237,14.536000,14.536000,0.149051
8238,14.536000,14.536000,0.149051
8239,14.536000,14.536000,0.149051
8240,14.536000,14.536000,0.149051
8241,14.536000,14.536000,0.149051
8242,14.536000,14.536000,0.149051
8243,14.536000,14.536000,0.149051
8244,14.536000,14.536000,0.149051
8245,14.536000,14.536000,0.149051
8246,14.536000,14.536000,0.149051
8247,14.536000,14.536000,0.149051
8248,14.536000,14.536000,0.149051
8249,14.536000,14.536000,0.149051
8250,14.536000,14.536000,0.149051
8251,14.536000,14.536000,0.149051
8252,14.536000,14.536000,0.149051
8253,14.536000,14.536000,0.149051
8254,14.536000,14.536000,0.149051
8255,14.536000,14.536000,0.149051
8256,14.536000,14.536000,0.149051
8257,14.536000,14.536000,0.149051
8258,14.536000,14.536000,0.149051
8259,14.536000,14.536000,0.149051
8260,14.536000,14.536000,0.149051
8261,14.536000,14.536000,0.149051
8262,14.536000,14.536000,0.149051
8263,14.536000,14.536000,0.149051
8264,14.536000,14.536000,0.149051
8265,14.536000,14.536000,0.149051
8266,14.536000,14.536000,0.149051
8267,14.536000,14.536000,0.149051
8268,14.536000,14.536000,0.149051
8269,14.536000,14.536000,0.149051
8270,14.536000,14.536000,0.149051
8271,14.536000,14.536000,0.149051
8272,14.536000,14.536000,0.149051
8273,14.536000,14.536000,0.149051
8274,14.536000,14.536000,0.149051
8275,14.536000,14.536000,0.149051
8276,14.536000,14.536000,0.149051
8277,14.536000,14.536000,0.149051
8278,14.536000,14.536000,0.149051
8279,14.536000,14.536000,0.149051
8280,14.536000,14.536000,0.149051
8281,14.536000,14.536000,0.149051
8282,14.536000,14.536000,0.149051
8283,14.536000,14.536000,0.149051
8284,14.536000,14.536000,0.149051
8285,14.536000,14.536000,0.149051
8286,14.536000,14.536000,0.149051
8287,14.536000,14.536000,0.149051
8288,14.536000,14.536000,0.149051
8289,14.536000,14.536000,0.149051
8290,14.536000,14.536000,0.149051
8291,14.536000,14.536000,0.149051
8292,14.536000,14.536000,0.149051
8293,14.536000,14.536000,0.149051
8294,14.536000,14.536000,0.149051
8295,14.536000,14.536000,0.149051
8296,14.536000,14.536000,0.149051
8297,14.536000,14.536000,0.149051
8298,14.536000,14.536000,0.149051
8299,14.536000,14.536000,0.149051
8300,14.536000,14.536000,0.149051
8301,14.536000,14.536000,0.141599
8302,14.536000,14.536000,0.141599
8303,14.536000,14.536000,0.141599
8304,14.536000,14.536000,0.141599
8305,14.536000,14.536000,0.141599
8306,14.536000,14.536000,0.141599
8307,14.536000,14.536000,0.141599
8308,14.536000,14.536000,0.141599
8309,14.536000,14.536000,0.141599
8310,14.536000,14.536000,0.141599
8311,14.536000,14.536000,0.141599
8312,14.536000,14.536000,0.141599
8313,14.536000,14.536000,0.141599
8314,14.536000,14.536000,0.141599
8315,14.536000,14.536000,0.141599
8316,14.536000,14.536000,0.141599
8317,14.536000,14.536000,0.141599
8318,14.536000,14.536000,0.141599
8319,14.536000,14.536000,0.141599
8320,14.536000,14.536000,0.141599
8321,14.536000,14.536000,0.141599
8322,14.536000,14.536000,0.141599
8323,14.536000,14.536000,0.141599
8324,14.536000,14.536000,0.141599
8325,14.536000,14.536000,0.141599
8326,14.536000,14.536000,0.141599
8327,14.536000,14.536000,0.141599
8328,14.536000,14.536000,0.141599
8329,14.536000,14.536000,0.141599
8330,14.536000,14.536000,0.141599
8331,14.536000,14.536000,0.141599
8332,14.536000,14.536000,0.141599
8333,14.536000,14.536000,0.141599
8334,14.536000,14.536000,0.141599
8335,14.536000,14.536000,0.141599
8336,14.536000,14.536000,0.141599
8337,14.536000,14.536000,0.141599
8338,14.536000,14.536000,0.141599
8339,14.536000,14.536000,0.141599
8340,14.536000,14.536000,0.141599
8341,14.536000,14.536000,0.141599
8342,14.536000,14.536000,0.141599
8343,14.536000,14.536000,0.141599
8344,14.536000,14.536000,0.141599
8345,14.536000,14.536000,0.141599
8346,14.536000,14.536000,0.141599
8347,14.536000,14.536000,0.141599
8348,14.536000,14.536000,0.141599
8349,14.536000,14.536000,0.141599
8350,14.536000,14.536000,0.141599
8351,14.536000,14.536000,0.141599
8352,14.536000,14.536000,0.141599
8353,14.536000,14.536000,0.141599
8354,14.536000,14.536000,0.141599
8355,14.536000,14.536000,0.141599
8356,14.536000,14.536000,0.141599
8357,14.536000,14.536000,0.141599
8358,14.536000,14.536000,0.141599
8359,14.536000,14.536000,0.141599
8360,14.536000,14.536000,0.141599
8361,14.536000,14.536000,0.141599
8362,14.536000,14.536000,0.141599
8363,14.536000,14.536000,0.141599
8364,14.536000,14.536000,0.141599
8365,14.536000,14.536000,0.141599
8366,14.536000,14.536000,0.141599
8367,14.536000,14.536000,0.141599
8368,14.536000,14.536000,0.141599
8369,14.536000,14.536000,0.141599
8370,15.122000,14.536000,0.141599
8371,15.122000,14.536000,0.141599
8372,14.536000,14.536000,0.141599
8373,14.536000,14.536000,0.141599
8374,14.536000,14.536000,0.141599
8375,14.536000,14.536000,0.141599
8376,14.536000,14.536000,0.141599
8377,14.536000,14.536000,0.141599
8378,14.536000,14.536000,0.141599
8379,14.536000,14.536000,0.141599
8380,14.536000,14.536000,0.141599
8381,14.536000,14.536000,0.141599
8382,14.536000,14.536000,0.141599
8383,14.536000,14.536000,0.141599
8384,14.536000,14.536000,0.141599
8385,14.536000,14.536000,0.141599
8386,14.536000,14.536000,0.141599
8387,14.536000,14.536000,0.141599
8388,14.536000,14.536000,0.141599
8389,14.536000,14.536000,0.141599
8390,14.536000,14.536000,0.141599
8391,14.536000,14.536000,0.141599
8392,14.536000,14.536000,0.141599
8393,14.536000,14.536000,0.141599
8394,14.536000,14.536000,0.141599
8395,14.536000,14.536000,0.141599
8396,14.536000,14.536000,0.141599
8397,14.536000,14.536000,0.141599
8398,14.536000,14.536000,0.141599
8399,14.536000,14.536000,0.141599
8400,14.536000,14.536000,0.141599
8401,14.536000,14.536000,0.134519
8402,14.536000,14.536000,0.134519
8403,14.536000,14.536000,0.134519
8404,14.536000,14.536000,0.134519
8405,14.536000,14.536000,0.134519
8406,14.536000,14.536000,0.134519
8407,14.536000,14.536000,0.134519
8408,14.536000,14.536000,0.134519
8409,14.536000,14.536000,0.134519
8410,14.536000,14.536000,0.134519
8411,14.536000,14.536000,0.134519
8412,14.536000,14.536000,0.134519
8413,14.536000,14.536000,0.134519
8414,14.536000,14.536000,0.134519
8415,14.536000,14.536000,0.134519
8416,14.536000,14.536000,0.134519
8417,14.536000,14.536000,0.134519
8418,14.536000,14.536000,0.134519
8419,14.536000,14.536000,0.134519
8420,14.536000,14.536000,0.134519
8421,14.536000,14.536000,0.134519
8422,14.536000,14.536000,0.134519
8423,14.536000,14.536000,0.134519
8424,14.536000,14.536000,0.134519
8425,14.536000,14.536000,0.134519
8426,14.536000,14.536000,0.134519
8427,14.536000,14.536000,0.134519
8428,14.536000,14.536000,0.134519
8429,14.536000,14.536000,0.134519
8430,14.536000,14.536000,0.134519
8431,14.536000,14.536000,0.134519
8432,14.536000,14.536000,0.134519
8433,14.536000,14.536000,0.134519
8434,14.536000,14.536000,0.134519
8435,14.536000,14.536000,0.134519
8436,14.536000,14.536000,0.134519
8437,14.536000,14.536000,0.134519
8438,14.536000,14.536000,0.134519
8439,14.536000,14.536000,0.134519
8440,14.536000,14.536000,0.134519
8441,14.536000,14.536000,0.134519
8442,14.536000,14.536000,0.134519
8443,14.536000,14.536000,0.134519
8444,14.536000,14.536000,0.134519
8445,14.536000,14.536000,0.134519
8446,14.536000,14.536000,0.134519
8447,14.536000,14.536000,0.134519
8448,14.536000,14.536000,0.134519
8449,14.536000,14.536000,0.134519
8450,14.536000,14.536000,0.134519
8451,14.536000,14.536000,0.134519
8452,14.536000,14.536000,0.134519
8453,14.536000,14.536000,0.134519
8454,14.536000,14.536000,0.134519
8455,14.536000,14.536000,0.134519
8456,14.536000,14.536000,0.134519
8457,14.536000,14.536000,0.134519
8458,14.536000,14.536000,0.134519
8459,14.536000,14.536000,0.134519
8460,14.536000,14.536000,0.134519
8461,14.536000,14.536000,0.134519
8462,14.536000,14.536000,0.134519
8463,14.536000,14.536000,0.134519
8464,14.536000,14.536000,0.134519
8465,14.536000,14.536000,0.134519
8466,14.536000,14.536000,0.134519
8467,14.536000,14.536000,0.134519
8468,14.536000,14.536000,0.134519
8469,14.536000,14.536000,0.134519
8470,14.536000,14.536000,0.134519
8471,14.536000,14.536000,0.134519
8472,14.536000,14.536000,0.134519
8473,14.536000,14.536000,0.134519
8474,14.536000,14.536000,0.134519
8475,14.536000,14.536000,0.134519
8476,14.536000,14.536000,0.134519
8477,14.536000,14.536000,0.134519
8478,14.536000,14.536000,0.134519
8479,14.536000,14.536000,0.134519
8480,14.536000,14.536000,0.134519
8481,14.536000,14.536000,0.134519
8482,14.536000,14.536000,0.134519
8483,14.536000,14.536000,0.134519
8484,14.536000,14.536000,0.134519
8485,14.536000,14.536000,0.134519
8486,14.536000,14.536000,0.134519
8487,14.536000,14.536000,0.134519
8488,14.536000,14.536000,0.134519
8489,14.536000,14.536000,0.134519
8490,14.536000,14.536000,0.134519
8491,14.536000,14.536000,0.134519
8492,14.536000,14.536000,0.134519
8493,14.536000,14.536000,0.134519
8494,14.536000,14.536000,0.134519
8495,14.536000,14.536000,0.134519
8496,14.536000,14.536000,0.134519
8497,14.536000,14.536000,0.134519
8498,14.536000,14.536000,0.134519
8499,14.536000,14.536000,0.134519
8500,14.536000,14.536000,0.134519
8501,14.536000,14.536000,0.127793
8502,14.536000,14.536000,0.127793
8503,14.536000,14.536000,0.127793
8504,14.536000,14.536000,0.127793
8505,14.536000,14.536000,0.127793
8506,14.536000,14.536000,0.127793
8507,14.536000,14.536000,0.127793
8508,14.536000,14.536000,0.127793
8509,14.536000,14.536000,0.127793
8510,14.536000,14.536000,0.127793
8511,14.536000,14.536000,0.127793
8512,14.536000,14.536000,0.127793
8513,14.536000,14.536000,0.127793
8514,14.536000,14.536000,0.127793
8515,14.536000,14.536000,0.127793
8516,14.536000,14.536000,0.127793
8517,14.536000,14.536000,0.127793
8518,14.536000,14.536000,0.127793
8519,14.536000,14.536000,0.127793
8520,14.536000,14.536000,0.127793
8521,14.536000,14.536000,0.127793
8522,14.536000,14.536000,0.127793
8523,14.536000,14.536000,0.127793
8524,14.536000,14.536000,0.127793
8525,14.536000,14.536000,0.127793
8526,14.536000,14.536000,0.127793
8527,14.536000,14.536000,0.127793
8528,14.536000,14.536000,0.127793
8529,14.536000,14.536000,0.127793
8530,14.536000,14.536000,0.127793
8531,14.536000,14.536000,0.127793
8532,14.536000,14.536000,0.127793
8533,14.536000,14.536000,0.127793
8534,14.536000,14.536000,0.127793
8535,14.536000,14.536000,0.127793
8536,14.536000,14.536000,0.127793
8537,14.536000,14.536000,0.127793
8538,14.536000,14.536000,0.127793
8539,14.536000,14.536000,0.127793
8540,14.536000,14.536000,0.127793
8541,14.536000,14.536000,0.127793
8542,14.536000,14.536000,0.127793
8543,14.536000,14.536000,0.127793
8544,14.536000,14.536000,0.127793
8545,14.536000,14.536000,0.127793
8546,14.536000,14.536000,0.127793
8547,14.536000,14.536000,0.127793
8548,14.536000,14.536000,0.127793
8549,14.536000,14.536000,0.127793
8550,14.536000,14.536000,0.127793
8551,14.536000,14.536000,0.127793
8552,14.536000,14.536000,0.127793
8553,14.536000,14.536000,0.127793
8554,14.536000,14.536000,0.127793
8555,14.536000,14.536000,0.127793
8556,14.536000,14.536000,0.127793
8557,14.536000,14.536000,0.127793
8558,14.536000,14.536000,0.127793
8559,14.536000,14.536000,0.127793
8560,14.536000,14.536000,0.127793
8561,14.536000,14.536000,0.127793
8562,14.536000,14.536000,0.127793
8563,14.536000,14.536000,0.127793
8564,14.536000,14.536000,0.127793
8565,14.536000,14.536000,0.127793
8566,14.536000,14.536000,0.127793
8567,14.536000,14.536000,0.127793
8568,14.536000,14.536000,0.127793
8569,14.536000,14.536000,0.127793
8570,14.536000,14.536000,0.127793
8571,14.536000,14.536000,0.127793
8572,14.536000,14.536000,0.127793
8573,14.536000,14.536000,0.127793
8574,14.536000,14.536000,0.127793
8575,14.536000,14.536000,0.127793
8576,14.536000,14.536000,0.127793
8577,14.536000,14.536000,0.127793
8578,14.536000,14.536000,0.127793
8579,14.536000,14.536000,0.127793
8580,14.536000,14.536000,0.127793
8581,14.536000,14.536000,0.127793
8582,14.536000,14.536000,0.127793
8583,14.536000,14.536000,0.127793
8584,14.536000,14.536000,0.127793
8585,14.536000,14.536000,0.127793
8586,14.536000,14.536000,0.127793
8587,14.536000,14.536000,0.127793
8588,14.536000,14.536000,0.127793
8589,14.536000,14.536000,0.127793
8590,14.536000,14.536000,0.127793
8591,14.536000,14.536000,0.127793
8592,14.536000,14.536000,0.127793
8593,14.536000,14.536000,0.127793
8594,14.536000,14.536000,0.127793
8595,14.536000,14.536000,0.127793
8596,14.536000,14.536000,0.127793
8597,14.536000,14.536000,0.127793
8598,14.536000,14.536000,0.127793
8599,14.536000,14.536000,0.127793
8600,14.536000,14.536000,0.127793
8601,14.536000,14.536000,0.121403
8602,14.536000,14.536000,0.121403
8603,14.536000,14.536000,0.121403
8604,14.536000,14.536000,0.121403
8605,14.536000,14.536000,0.121403
8606,14.536000,14.536000,0.121403
8607,14.536000,14.536000,0.121403
8608,14.536000,14.536000,0.121403
8609,14.536000,14.536000,0.121403
8610,14.536000,14.536000,0.121403
8611,14.536000,14.536000,0.121403
8612,14.536000,14.536000,0.121403
8613,14.536000,14.536000,0.121403
8614,14.536000,14.536000,0.121403
8615,14.536000,14.536000,0.121403
8616,14.536000,14.536000,0.121403
8617,14.536000,14.536000,0.121403
8618,14.536000,14.536000,0.121403
8619,14.536000,14.536000,0.121403
8620,14.536000,14.536000,0.121403
8621,14.536000,14.536000,0.121403
8622,14.536000,14.536000,0.121403
8623,14.536000,14.536000,0.121403
8624,14.536000,14.536000,0.121403
8625,14.536000,14.536000,0.121403
8626,14.536000,14.536000,0.121403
8627,14.536000,14.536000,0.121403
8628,14.536000,14.536000,0.121403
8629,14.536000,14.536000,0.121403
8630,14.536000,14.536000,0.121403
8631,14.536000,14.536000,0.121403
8632,14.536000,14.536000,0.121403
8633,14.536000,14.536000,0.121403
8634,14.536000,14.536000,0.121403
8635,14.536000,14.536000,0.121403
8636,14.536000,14.536000,0.121403
8637,14.536000,14.536000,0.121403
8638,14.536000,14.536000,0.121403
8639,14.536000,14.536000,0.121403
8640,14.536000,14.536000,0.121403
8641,14.536000,14.536000,0.121403
8642,14.536000,14.536000,0.121403
8643,14.536000,14.536000,0.121403
8644,14.536000,14.536000,0.121403
8645,14.536000,14.536000,0.121403
8646,14.536000,14.536000,0.121403
8647,14.536000,14.536000,0.121403
8648,14.536000,14.536000,0.121403
8649,14.536000,14.536000,0.121403
8650,14.536000,14.536000,0.121403
8651,14.536000,14.536000,0.121403
8652,14.536000,14.536000,0.121403
8653,14.536000,14.536000,0.121403
8654,14.536000,14.536000,0.121403
8655,14.536000,14.536000,0.121403
8656,14.536000,14.536000,0.121403
8657,14.536000,14.536000,0.121403
8658,14.536000,14.536000,0.121403
8659,14.536000,14.536000,0.121403
8660,14.536000,14.536000,0.121403
8661,14.536000,14.536000,0.121403
8662,14.536000,14.536000,0.121403
8663,14.536000,14.536000,0.121403
8664,14.536000,14.536000,0.121403
8665,14.536000,14.536000,0.121403
8666,14.536000,14.536000,0.121403
8667,14.536000,14.536000,0.121403
8668,14.536000,14.536000,0.121403
8669,14.536000,14.536000,0.121403
8670,14.536000,14.536000,0.121403
8671,14.536000,14.536000,0.121403
8672,14.536000,14.536000,0.121403
8673,14.536000,14.536000,0.121403
8674,14.536000,14.536000,0.121403
8675,14.536000,14.536000,0.121403
8676,14.536000,14.536000,0.121403
8677,14.536000,14.536000,0.121403
8678,14.536000,14.536000,0.121403
8679,14.536000,14.536000,0.121403
8680,14.536000,14.536000,0.121403
8681,14.536000,14.536000,0.121403
8682,14.536000,14.536000,0.121403
8683,14.536000,14.536000,0.121403
8684,14.536000,14.536000,0.121403
8685,14.536000,14.536000,0.121403
8686,14.536000,14.536000,0.121403
8687,14.536000,14.536000,0.121403
8688,14.536000,14.536000,0.121403
8689,14.536000,14.536000,0.121403
8690,14.536000,14.536000,0.121403
8691,14.536000,14.536000,0.121403
8692,14.536000,14.536000,0.121403
8693,14.536000,14.536000,0.121403
8694,14.536000,14.536000,0.121403
8695,14.536000,14.536000,0.121403
8696,14.536000,14.536000,0.121403
8697,14.536000,14.536000,0.121403
8698,14.536000,14.536000,0.121403
8699,14.536000,14.536000,0.121403
8700,14.536000,14.536000,0.121403
8701,14.536000,14.536000,0.115333
8702,14.536000,14.536000,0.115333
8703,14.536000,14.536000,0.115333
8704,14.536000,14.536000,0.115333
8705,14.536000,14.536000,0.115333
8706,14.536000,14.536000,0.115333
8707,14.536000,14.536000,0.115333
8708,14.536000,14.536000,0.115333
8709,14.536000,14.536000,0.115333
8710,14.536000,14.536000,0.115333
8711,14.536000,14.536000,0.115333
8712,14.536000,14.536000,0.115333
8713,14.536000,14.536000,0.115333
8714,14.536000,14.536000,0.115333
8715,14.536000,14.536000,0.115333
8716,14.536000,14.536000,0.115333
8717,14.536000,14.536000,0.115333
8718,14.536000,14.536000,0.115333
8719,14.536000,14.536000,0.115333
8720,14.536000,14.536000,0.115333
8721,14.536000,14.536000,0.115333
8722,14.536000,14.536000,0.115333
8723,14.536000,14.536000,0.115333
8724,14.536000,14.536000,0.115333
8725,14.536000,14.536000,0.115333
8726,14.536000,14.536000,0.115333
8727,14.536000,14.536000,0.115333
8728,14.536000,14.536000,0.115333
8729,14.536000,14.536000,0.115333
8730,14.536000,14.536000,0.115333
8731,14.536000,14.536000,0.115333
8732,14.536000,14.536000,0.115333
8733,14.536000,14.536000,0.115333
8734,14.536000,14.536000,0.115333
8735,14.536000,14.536000,0.115333
8736,14.536000,14.536000,0.115333
8737,14.536000,14.536000,0.115333
8738,14.536000,14.536000,0.115333
8739,14.536000,14.536000,0.115333
8740,14.536000,14.536000,0.115333
8741,14.536000,14.536000,0.115333
8742,14.536000,14.536000,0.115333
8743,14.536000,14.536000,0.115333
8744,14.536000,14.536000,0.115333
8745,14.536000,14.536000,0.115333
8746,14.536000,14.536000,0.115333
8747,14.536000,14.536000,0.115333
8748,14.536000,14.536000,0.115333
8749,14.536000,14.536000,0.115333
8750,14.536000,14.536000,0.115333
8751,14.536000,14.536000,0.115333
8752,14.536000,14.536000,0.115333
8753,14.536000,14.536000,0.115333
8754,14.536000,14.536000,0.115333
8755,14.536000,14.536000,0.115333
8756,14.536000,14.536000,0.115333
8757,14.536000,14.536000,0.115333
8758,14.536000,14.536000,0.115333
8759,14.536000,14.536000,0.115333
8760,14.536000,14.536000,0.115333
8761,14.536000,14.536000,0.115333
8762,14.536000,14.536000,0.115333
8763,14.536000,14.536000,0.115333
8764,14.536000,14.536000,0.115333
8765,14.536000,14.536000,0.115333
8766,14.536000,14.536000,0.115333
8767,14.536000,14.536000,0.115333
8768,14.536000,14.536000,0.115333
8769,14.536000,14.536000,0.115333
8770,14.536000,14.536000,0.115333
8771,14.536000,14.536000,0.115333
8772,14.536000,14.536000,0.115333
8773,14.536000,14.536000,0.115333
8774,14.536000,14.536000,0.115333
8775,14.536000,14.536000,0.115333
8776,14.536000,14.536000,0.115333
8777,14.536000,14.536000,0.115333
8778,14.536000,14.536000,0.115333
8779,14.536000,14.536000,0.115333
8780,14.536000,14.536000,0.115333
8781,14.536000,14.536000,0.115333
8782,14.536000,14.536000,0.115333
8783,14.536000,14.536000,0.115333
8784,14.536000,14.536000,0.115333
8785,14.536000,14.536000,0.115333
8786,14.536000,14.536000,0.115333
8787,14.536000,14.536000,0.115333
8788,14.536000,14.536000,0.115333
8789,14.536000,14.536000,0.115333
8790,14.536000,14.536000,0.115333
8791,14.536000,14.536000,0.115333
8792,14.536000,14.536000,0.115333
8793,14.536000,14.536000,0.115333
8794,14.536000,14.536000,0.115333
8795,14.536000,14.536000,0.115333
8796,14.536000,14.536000,0.115333
8797,14.536000,14.536000,0.115333
8798,14.536000,14.536000,0.115333
8799,14.536000,14.536000,0.115333
8800,14.536000,14.536000,0.115333
8801,14.536000,14.536000,0.109566
8802,14.536000,14.536000,0.109566
8803,14.536000,14.536000,0.109566
8804,14.536000,14.536000,0.109566
8805,14.536000,14.536000,0.109566
8806,14.536000,14.536000,0.109566
8807,14.536000,14.536000,0.109566
8808,14.536000,14.536000,0.109566
8809,14.536000,14.536000,0.109566
8810,14.536000,14.536000,0.109566
8811,14.536000,14.536000,0.109566
8812,14.536000,14.536000,0.109566
8813,14.536000,14.536000,0.109566
8814,14.536000,14.536000,0.109566
8815,14.536000,14.536000,0.109566
8816,14.536000,14.536000,0.109566
8817,14.536000,14.536000,0.109566
8818,14.536000,14.536000,0.109566
8819,14.536000,14.536000,0.109566
8820,14.536000,14.536000,0.109566
8821,14.536000,14.536000,0.109566
8822,14.536000,14.536000,0.109566
8823,14.536000,14.536000,0.109566
8824,14.536000,14.536000,0.109566
8825,14.536000,14.536000,0.109566
8826,14.536000,14.536000,0.109566
8827,14.536000,14.536000,0.109566
8828,14.536000,14.536000,0.109566
8829,14.536000,14.536000,0.109566
8830,14.536000,14.536000,0.109566
8831,14.536000,14.536000,0.109566
8832,14.536000,14.536000,0.109566
8833,14.536000,14.536000,0.109566
8834,14.536000,14.536000,0.109566
8835,14.536000,14.536000,0.109566
8836,14.536000,14.536000,0.109566
8837,14.536000,14.536000,0.109566
8838,14.536000,14.536000,0.109566
8839,14.536000,14.536000,0.109566
8840,14.536000,14.536000,0.109566
8841,14.536000,14.536000,0.109566
8842,14.536000,14.536000,0.109566
8843,14.536000,14.536000,0.109566
8844,14.536000,14.536000,0.109566
8845,14.536000,14.536000,0.109566
8846,14.536000,14.536000,0.109566
8847,14.536000,14.536000,0.109566
8848,14.536000,14.536000,0.109566
8849,14.536000,14.536000,0.109566
8850,14.536000,14.536000,0.109566
8851,14.536000,14.536000,0.109566
8852,14.536000,14.536000,0.109566
8853,14.536000,14.536000,0.109566
8854,14.536000,14.536000,0.109566
8855,14.536000,14.536000,0.109566
8856,14.536000,14.536000,0.109566
8857,14.536000,14.536000,0.109566
8858,14.536000,14.536000,0.109566
8859,14.536000,14.536000,0.109566
8860,14.536000,14.536000,0.109566
8861,14.536000,14.536000,0.109566
8862,14.536000,14.536000,0.109566
8863,14.536000,14.536000,0.109566
8864,14.536000,14.536000,0.109566
8865,14.536000,14.536000,0.109566
8866,14.536000,14.536000,0.109566
8867,14.536000,14.536000,0.109566
8868,14.536000,14.536000,0.109566
8869,14.536000,14.536000,0.109566
8870,14.536000,14.536000,0.109566
8871,14.536000,14.536000,0.109566
8872,14.536000,14.536000,0.109566
8873,14.536000,14.536000,0.109566
8874,14.536000,14.536000,0.109566
8875,14.536000,14.536000,0.109566
8876,14.536000,14.536000,0.109566
8877,14.536000,14.536000,0.109566
8878,14.536000,14.536000,0.109566
8879,14.536000,14.536000,0.109566
8880,14.536000,14.536000,0.109566
8881,14.536000,14.536000,0.109566
8882,14.536000,14.536000,0.109566
8883,14.536000,14.536000,0.109566
8884,14.536000,14.536000,0.109566
8885,14.536000,14.536000,0.109566
8886,14.536000,14.536000,0.109566
8887,14.536000,14.536000,0.109566
8888,14.536000,14.536000,0.109566
8889,14.536000,14.536000,0.109566
8890,14.536000,14.536000,0.109566
8891,14.536000,14.536000,0.109566
8892,14.536000,14.536000,0.109566
8893,14.536000,14.536000,0.109566
8894,14.536000,14.536000,0.109566
8895,14.536000,14.536000,0.109566
8896,14.536000,14.536000,0.109566
8897,14.536000,14.536000,0.109566
8898,14.536000,14.536000,0.109566
8899,14.536000,14.536000,0.109566
8900,14.536000,14.536000,0.109566
8901,14.536000,14.536000,0.104088
8902,14.536000,14.536000,0.104088
8903,14.536000,14.536000,0.104088
8904,14.536000,14.536000,0.104088
8905,14.536000,14.536000,0.104088
8906,14.536000,14.536000,0.104088
8907,14.536000,14.536000,0.104088
8908,14.536000,14.536000,0.104088
8909,14.536000,14.536000,0.104088
8910,14.536000,14.536000,0.104088
8911,14.536000,14.536000,0.104088
8912,14.536000,14.536000,0.104088
8913,14.536000,14.536000,0.104088
8914,14.536000,14.536000,0.104088
8915,14.536000,14.536000,0.104088
8916,14.536000,14.536000,0.104088
8917,14.536000,14.536000,0.104088
8918,14.536000,14.536000,0.104088
8919,14.536000,14.536000,0.104088
8920,14.536000,14.536000,0.104088
8921,14.536000,14.536000,0.104088
8922,14.536000,14.536000,0.104088
8923,14.536000,14.536000,0.104088
8924,14.536000,14.536000,0.104088
8925,14.536000,14.536000,0.104088
8926,14.536000,14.536000,0.104088
8927,14.536000,14.536000,0.104088
8928,14.536000,14.536000,0.104088
8929,14.536000,14.536000,0.104088
8930,14.536000,14.536000,0.104088
8931,14.536000,14.536000,0.104088
8932,14.536000,14.536000,0.104088
8933,14.536000,14.536000,0.104088
8934,14.536000,14.536000,0.104088
8935,14.536000,14.536000,0.104088
8936,14.536000,14.536000,0.104088
8937,14.536000,14.536000,0.104088
8938,14.536000,14.536000,0.104088
8939,14.536000,14.536000,0.104088
8940,14.536000,14.536000,0.104088
8941,14.536000,14.536000,0.104088
8942,14.536000,14.536000,0.104088
8943,14.536000,14.536000,0.104088
8944,14.536000,14.536000,0.104088
8945,14.536000,14.536000,0.104088
8946,14.536000,14.536000,0.104088
8947,14.536000,14.536000,0.104088
8948,14.536000,14.536000,0.104088
8949,14.536000,14.536000,0.104088
8950,14.536000,14.536000,0.104088
8951,14.536000,14.536000,0.104088
8952,14.536000,14.536000,0.104088
8953,14.536000,14.536000,0.104088
8954,14.536000,14.536000,0.104088
8955,14.536000,14.536000,0.104088
8956,14.536000,14.536000,0.104088
8957,14.536000,14.536000,0.104088
8958,14.536000,14.536000,0.104088
8959,14.536000,14.536000,0.104088
8960,14.536000,14.536000,0.104088
8961,14.536000,14.536000,0.104088
8962,14.536000,14.536000,0.104088
8963,14.536000,14.536000,0.104088
8964,14.536000,14.536000,0.104088
8965,14.536000,14.536000,0.104088
8966,14.536000,14.536000,0.104088
8967,14.536000,14.536000,0.104088
8968,14.536000,14.536000,0.104088
8969,14.536000,14.536000,0.104088
8970,14.536000,14.536000,0.104088
8971,14.536000,14.536000,0.104088
8972,14.536000,14.536000,0.104088
8973,14.536000,14.536000,0.104088
8974,14.536000,14.536000,0.104088
8975,14.536000,14.536000,0.104088
8976,14.536000,14.536000,0.104088
8977,14.536000,14.536000,0.104088
8978,14.536000,14.536000,0.104088
8979,14.536000,14.536000,0.104088
8980,14.536000,14.536000,0.104088
8981,14.536000,14.536000,0.104088
8982,14.536000,14.536000,0.104088
8983,14.536000,14.536000,0.104088
8984,14.536000,14.536000,0.104088
8985,14.536000,14.536000,0.104088
8986,14.536000,14.536000,0.104088
8987,14.536000,14.536000,0.104088
8988,14.536000,14.536000,0.104088
8989,14.536000,14.536000,0.104088
8990,14.536000,14.536000,0.104088
8991,14.536000,14.536000,0.104088
8992,14.536000,14.536000,0.104088
8993,14.536000,14.536000,0.104088
8994,14.536000,14.536000,0.104088
8995,14.536000,14.536000,0.104088
8996,14.536000,14.536000,0.104088
8997,14.536000,14.536000,0.104088
8998,14.536000,14.536000,0.104088
8999,14.536000,14.536000,0.104088
9000,14.536000,14.536000,0.104088
9001,14.536000,14.536000,0.098884
9002,14.536000,14.536000,0.098884
9003,14.536000,14.536000,0.098884
9004,14.536000,14.536000,0.098884
9005,14.536000,14.536000,0.098884
9006,14.536000,14.536000,0.098884
9007,14.536000,14.536000,0.098884
9008,14.536000,14.536000,0.098884
9009,14.536000,14.536000,0.098884
9010,14.536000,14.536000,0.098884
9011,14.536000,14.536000,0.098884
9012,14.536000,14.536000,0.098884
9013,14.536000,14.536000,0.098884
9014,14.536000,14.536000,0.098884
9015,14.536000,14.536000,0.098884
9016,14.536000,14.536000,0.098884
9017,14.536000,14.536000,0.098884
9018,14.536000,14.536000,0.098884
9019,14.536000,14.536000,0.098884
9020,14.536000,14.536000,0.098884
9021,14.536000,14.536000,0.098884
9022,14.536000,14.536000,0.098884
9023,14.536000,14.536000,0.098884
9024,14.536000,14.536000,0.098884
9025,14.536000,14.536000,0.098884
9026,14.536000,14.536000,0.098884
9027,14.536000,14.536000,0.098884
9028,14.536000,14.536000,0.098884
9029,14.536000,14.536000,0.098884
9030,14.536000,14.536000,0.098884
9031,14.536000,14.536000,0.098884
9032,14.536000,14.536000,0.098884
9033,14.536000,14.536000,0.098884
9034,14.536000,14.536000,0.098884
9035,14.536000,14.536000,0.098884
9036,14.536000,14.536000,0.098884
9037,14.536000,14.536000,0.098884
9038,14.536000,14.536000,0.098884
9039,14.536000,14.536000,0.098884
9040,14.536000,14.536000,0.098884
9041,14.536000,14.536000,0.098884
9042,14.536000,14.536000,0.098884
9043,14.536000,14.536000,0.098884
9044,14.536000,14.536000,0.098884
9045,14.536000,14.536000,0.098884
9046,14.536000,14.536000,0.098884
9047,14.536000,14.536000,0.098884
9048,14.536000,14.536000,0.098884
9049,14.536000,14.536000,0.098884
9050,14.536000,14.536000,0.098884
9051,14.536000,14.536000,0.098884
9052,14.536000,14.536000,0.098884
9053,14.536000,14.536000,0.098884
9054,14.536000,14.536000,0.098884
9055,14.536000,14.536000,0.098884
9056,14.536000,14.536000,0.098884
9057,14.536000,14.536000,0.098884
9058,14.536000,14.536000,0.098884
9059,14.536000,14.536000,0.098884
9060,14.536000,14.536000,0.098884
9061,14.536000,14.536000,0.098884
9062,14.536000,14.536000,0.098884
9063,14.536000,14.536000,0.098884
9064,14.536000,14.536000,0.098884
9065,14.536000,14.536000,0.098884
9066,14.536000,14.536000,0.098884
9067,14.536000,14.536000,0.098884
9068,14.536000,14.536000,0.098884
9069,14.536000,14.536000,0.098884
9070,14.536000,14.536000,0.098884
9071,14.536000,14.536000,0.098884
9072,14.536000,14.536000,0.098884
9073,14.536000,14.536000,0.098884
9074,14.536000,14.536000,0.098884
9075,14.536000,14.536000,0.098884
9076,14.536000,14.536000,0.098884
9077,14.536000,14.536000,0.098884
9078,14.536000,14.536000,0.098884
9079,14.536000,14.536000,0.098884
9080,14.536000,14.536000,0.098884
9081,14.536000,14.536000,0.098884
9082,14.536000,14.536000,0.098884
9083,14.536000,14.536000,0.098884
9084,14.536000,14.536000,0.098884
9085,14.536000,14.536000,0.098884
9086,14.536000,14.536000,0.098884
9087,14.536000,14.536000,0.098884
9088,14.536000,14.536000,0.098884
9089,14.536000,14.536000,0.098884
9090,14.536000,14.536000,0.098884
9091,14.536000,14.536000,0.098884
9092,14.536000,14.536000,0.098884
9093,14.536000,14.536000,0.098884
9094,14.536000,14.536000,0.098884
9095,14.536000,14.536000,0.098884
9096,14.536000,14.536000,0.098884
9097,14.536000,14.536000,0.098884
9098,14.536000,14.536000,0.098884
9099,14.536000,14.536000,0.098884
9100,14.536000,14.536000,0.098884
9101,14.536000,14.536000,0.093939
9102,14.536000,14.536000,0.093939
9103,14.536000,14.536000,0.093939
9104,14.536000,14.536000,0.093939
9105,14.536000,14.536000,0.093939
9106,14.536000,14.536000,0.093939
9107,14.536000,14.536000,0.093939
9108,14.536000,14.536000,0.093939
9109,14.536000,14.536000,0.093939
9110,14.536000,14.536000,0.093939
9111,14.536000,14.536000,0.093939
9112,14.536000,14.536000,0.093939
9113,14.536000,14.536000,0.093939
9114,14.536000,14.536000,0.093939
9115,14.536000,14.536000,0.093939
9116,14.536000,14.536000,0.093939
9117,14.536000,14.536000,0.093939
9118,14.536000,14.536000,0.093939
9119,14.536000,14.536000,0.093939
9120,14.536000,14.536000,0.093939
9121,14.536000,14.536000,0.093939
9122,14.536000,14.536000,0.093939
9123,14.536000,14.536000,0.093939
9124,14.536000,14.536000,0.093939
9125,14.536000,14.536000,0.093939
9126,14.536000,14.536000,0.093939
9127,14.536000,14.536000,0.093939
9128,14.536000,14.536000,0.093939
9129,14.536000,14.536000,0.093939
9130,14.536000,14.536000,0.093939
9131,14.536000,14.536000,0.093939
9132,14.536000,14.536000,0.093939
9133,14.536000,14.536000,0.093939
9134,14.536000,14.536000,0.093939
9135,14.536000,14.536000,0.093939
9136,14.536000,14.536000,0.093939
9137,14.536000,14.536000,0.093939
9138,14.536000,14.536000,0.093939
9139,14.536000,14.536000,0.093939
9140,14.536000,14.536000,0.093939
9141,14.536000,14.536000,0.093939
9142,14.536000,14.536000,0.093939
9143,14.536000,14.536000,0.093939
9144,14.536000,14.536000,0.093939
9145,14.536000,14.536000,0.093939
9146,14.536000,14.536000,0.093939
9147,14.536000,14.536000,0.093939
9148,14.536000,14.536000,0.093939
9149,14.536000,14.536000,0.093939
9150,14.536000,14.536000,0.093939
9151,14.536000,14.536000,0.093939
9152,14.536000,14.536000,0.093939
9153,14.536000,14.536000,0.093939
9154,14.536000,14.536000,0.093939
9155,14.536000,14.536000,0.093939
9156,14.536000,14.536000,0.093939
9157,14.536000,14.536000,0.093939
9158,14.536000,14.536000,0.093939
9159,14.536000,14.536000,0.093939
9160,14.536000,14.536000,0.093939
9161,14.536000,14.536000,0.093939
9162,14.536000,14.536000,0.093939
9163,14.536000,14.536000,0.093939
9164,14.536000,14.536000,0.093939
9165,14.536000,14.536000,0.093939
9166,14.536000,14.536000,0.093939
9167,14.536000,14.536000,0.093939
9168,14.536000,14.536000,0.093939
9169,14.536000,14.536000,0.093939
9170,14.536000,14.536000,0.093939
9171,14.536000,14.536000,0.093939
9172,14.536000,14.536000,0.093939
9173,14.536000,14.536000,0.093939
9174,14.536000,14.536000,0.093939
9175,14.536000,14.536000,0.093939
9176,14.536000,14.536000,0.093939
9177,14.536000,14.536000,0.093939
9178,14.536000,14.536000,0.093939
9179,14.536000,14.536000,0.093939
9180,14.536000,14.536000,0.093939
9181,14.536000,14.536000,0.093939
9182,14.536000,14.536000,0.093939
9183,14.536000,14.536000,0.093939
9184,14.536000,14.536000,0.093939
9185,14.536000,14.536000,0.093939
9186,14.536000,14.536000,0.093939
9187,14.536000,14.536000,0.093939
9188,14.536000,14.536000,0.093939
9189,14.536000,14.536000,0.093939
9190,14.536000,14.536000,0.093939
9191,14.536000,14.536000,0.093939
9192,14.536000,14.536000,0.093939
9193,14.536000,14.536000,0.093939
9194,14.536000,14.536000,0.093939
9195,14.536000,14.536000,0.093939
9196,14.536000,14.536000,0.093939
9197,14.536000,14.536000,0.093939
9198,14.536000,14.536000,0.093939
9199,14.536000,14.536000,0.093939
9200,14.536000,14.536000,0.093939
9201,14.536000,14.536000,0.089242
9202,14.536000,14.536000,0.089242
9203,14.536000,14.536000,0.089242
9204,14.536000,14.536000,0.089242
9205,14.536000,14.536000,0.089242
9206,14.536000,14.536000,0.089242
9207,14.536000,14.536000,0.089242
9208,14.536000,14.536000,0.089242
9209,14.536000,14.536000,0.089242
9210,14.536000,14.536000,0.089242
9211,14.536000,14.536000,0.089242
9212,14.536000,14.536000,0.089242
9213,14.536000,14.536000,0.089242
9214,14.536000,14.536000,0.089242
9215,14.536000,14.536000,0.089242
9216,14.536000,14.536000,0.089242
9217,14.536000,14.536000,0.089242
9218,14.536000,14.536000,0.089242
9219,14.536000,14.536000,0.089242
9220,14.536000,14.536000,0.089242
9221,14.536000,14.536000,0.089242
9222,14.536000,14.536000,0.089242
9223,14.536000,14.536000,0.089242
9224,14.536000,14.536000,0.089242
9225,14.536000,14.536000,0.089242
9226,14.536000,14.536000,0.089242
9227,14.536000,14.536000,0.089242
9228,14.536000,14.536000,0.089242
9229,14.536000,14.536000,0.089242
9230,14.536000,14.536000,0.089242
9231,14.536000,14.536000,0.089242
9232,14.536000,14.536000,0.089242
9233,14.536000,14.536000,0.089242
9234,14.536000,14.536000,0.089242
9235,14.536000,14.536000,0.089242
9236,14.536000,14.536000,0.089242
9237,14.536000,14.536000,0.089242
9238,14.536000,14.536000,0.089242
9239,14.536000,14.536000,0.089242
9240,14.536000,14.536000,0.089242
9241,14.536000,14.536000,0.089242
9242,14.536000,14.536000,0.089242
9243,14.536000,14.536000,0.089242
9244,14.536000,14.536000,0.089242
9245,14.536000,14.536000,0.089242
9246,14.536000,14.536000,0.089242
9247,14.536000,14.536000,0.089242
9248,14.536000,14.536000,0.089242
9249,14.536000,14.536000,0.089242
9250,14.536000,14.536000,0.089242
9251,14.536000,14.536000,0.089242
9252,14.536000,14.536000,0.089242
9253,14.536000,14.536000,0.089242
9254,14.536000,14.536000,0.089242
9255,14.536000,14.536000,0.089242
9256,14.536000,14.536000,0.089242
9257,14.536000,14.536000,0.089242
9258,14.536000,14.536000,0.089242
9259,14.536000,14.536000,0.089242
9260,14.536000,14.536000,0.089242
9261,14.536000,14.536000,0.089242
9262,14.536000,14.536000,0.089242
9263,14.536000,14.536000,0.089242
9264,14.536000,14.536000,0.089242
9265,14.536000,14.536000,0.089242
9266,14.536000,14.536000,0.089242
9267,14.536000,14.536000,0.089242
9268,14.536000,14.536000,0.089242
9269,14.536000,14.536000,0.089242
9270,14.536000,14.536000,0.089242
9271,14.536000,14.536000,0.089242
9272,14.536000,14.536000,0.089242
9273,14.536000,14.536000,0.089242
9274,14.536000,14.536000,0.089242
9275,14.536000,14.536000,0.089242
9276,14.536000,14.536000,0.089242
9277,14.536000,14.536000,0.089242
9278,14.536000,14.536000,0.089242
9279,14.536000,14.536000,0.089242
9280,14.536000,14.536000,0.089242
9281,14.536000,14.536000,0.089242
9282,14.536000,14.536000,0.089242
9283,14.536000,14.536000,0.089242
9284,14.536000,14.536000,0.089242
9285,14.536000,14.536000,0.089242
9286,14.536000,14.536000,0.089242
9287,14.536000,14.536000,0.089242
9288,14.536000,14.536000,0.089242
9289,14.536000,14.536000,0.089242
9290,14.536000,14.536000,0.089242
9291,14.536000,14.536000,0.089242
9292,14.536000,14.536000,0.089242
9293,14.536000,14.536000,0.089242
9294,14.536000,14.536000,0.089242
9295,14.536000,14.536000,0.089242
9296,14.536000,14.536000,0.089242
9297,14.536000,14.536000,0.089242
9298,14.536000,14.536000,0.089242
9299,14.536000,14.536000,0.089242
9300,14.536000,14.536000,0.089242
9301,14.536000,14.536000,0.084780
9302,14.536000,14.536000,0.084780
9303,14.536000,14.536000,0.084780
9304,14.536000,14.536000,0.084780
9305,14.536000,14.536000,0.084780
9306,14.536000,14.536000,0.084780
9307,14.536000,14.536000,0.084780
9308,14.536000,14.536000,0.084780
9309,14.536000,14.536000,0.084780
9310,14.536000,14.536000,0.084780
9311,14.536000,14.536000,0.084780
9312,14.536000,14.536000,0.084780
9313,14.536000,14.536000,0.084780
9314,14.536000,14.536000,0.084780
9315,14.536000,14.536000,0.084780
9316,14.536000,14.536000,0.084780
9317,14.536000,14.536000,0.084780
9318,14.536000,14.536000,0.084780
9319,14.536000,14.536000,0.084780
9320,14.536000,14.536000,0.084780
9321,14.536000,14.536000,0.084780
9322,14.536000,14.536000,0.084780
9323,14.536000,14.536000,0.084780
9324,14.536000,14.536000,0.084780
9325,14.536000,14.536000,0.084780
9326,14.536000,14.536000,0.084780
9327,14.536000,14.536000,0.084780
9328,14.536000,14.536000,0.084780
9329,14.536000,14.536000,0.084780
9330,14.536000,14.536000,0.084780
9331,14.536000,14.536000,0.084780
9332,14.536000,14.536000,0.084780
9333,14.536000,14.536000,0.084780
9334,14.536000,14.536000,0.084780
9335,14.536000,14.536000,0.084780
9336,14.536000,14.536000,0.084780
9337,14.536000,14.536000,0.084780
9338,14.536000,14.536000,0.084780
9339,14.536000,14.536000,0.084780
9340,14.536000,14.536000,0.084780
9341,14.536000,14.536000,0.084780
9342,14.536000,14.536000,0.084780
9343,14.536000,14.536000,0.084780
9344,14.536000,14.536000,0.084780
9345,14.536000,14.536000,0.084780
9346,14.536000,14.536000,0.084780
9347,14.536000,14.536000,0.084780
9348,14.536000,14.536000,0.084780
9349,14.536000,14.536000,0.084780
9350,14.536000,14.536000,0.084780
9351,14.536000,14.536000,0.084780
9352,14.536000,14.536000,0.084780
9353,14.536000,14.536000,0.084780
9354,14.536000,14.536000,0.084780
9355,14.536000,14.536000,0.084780
9356,14.536000,14.536000,0.084780
9357,14.536000,14.536000,0.084780
9358,14.536000,14.536000,0.084780
9359,14.536000,14.536000,0.084780
9360,14.536000,14.536000,0.084780
9361,14.536000,14.536000,0.084780
9362,14.536000,14.536000,0.084780
9363,14.536000,14.536000,0.084780
9364,14.536000,14.536000,0.084780
9365,14.536000,14.536000,0.084780
9366,14.536000,14.536000,0.084780
9367,14.536000,14.536000,0.084780
9368,14.536000,14.536000,0.084780
9369,14.536000,14.536000,0.084780
9370,14.536000,14.536000,0.084780
9371,14.536000,14.536000,0.084780
9372,14.536000,14.536000,0.084780
9373,14.536000,14.536000,0.084780
9374,14.536000,14.536000,0.084780
9375,14.536000,14.536000,0.084780
9376,14.536000,14.536000,0.084780
9377,14.536000,14.536000,0.084780
9378,14.536000,14.536000,0.084780
9379,14.536000,14.536000,0.084780
9380,14.536000,14.536000,0.084780
9381,14.536000,14.536000,0.084780
9382,14.536000,14.536000,0.084780
9383,14.536000,14.536000,0.084780
9384,14.536000,14.536000,0.084780
9385,14.536000,14.536000,0.084780
9386,14.536000,14.536000,0.084780
9387,14.536000,14.536000,0.084780
9388,14.536000,14.536000,0.084780
9389,14.536000,14.536000,0.084780
9390,14.536000,14.536000,0.084780
9391,14.536000,14.536000,0.084780
9392,14.536000,14.536000,0.084780
9393,14.536000,14.536000,0.084780
9394,14.536000,14.536000,0.084780
9395,14.536000,14.536000,0.084780
9396,14.536000,14.536000,0.084780
9397,14.536000,14.536000,0.084780
9398,14.536000,14.536000,0.084780
9399,14.536000,14.536000,0.084780
9400,14.536000,14.536000,0.084780
9401,14.536000,14.536000,0.080541
9402,14.536000,14.536000,0.080541
9403,14.536000,14.536000,0.080541
9404,14.536000,14.536000,0.080541
9405,14.536000,14.536000,0.080541
9406,14.536000,14.536000,0.080541
9407,14.536000,14.536000,0.080541
9408,14.536000,14.536000,0.080541
9409,14.536000,14.536000,0.080541
9410,14.536000,14.536000,0.080541
9411,14.536000,14.536000,0.080541
9412,14.536000,14.536000,0.080541
9413,14.536000,14.536000,0.080541
9414,14.536000,14.536000,0.080541
9415,14.536000,14.536000,0.080541
9416,14.536000,14.536000,0.080541
9417,14.536000,14.536000,0.080541
9418,14.536000,14.536000,0.080541
9419,14.536000,14.536000,0.080541
9420,14.536000,14.536000,0.080541
9421,14.536000,14.536000,0.080541
9422,14.536000,14.536000,0.080541
9423,14.536000,14.536000,0.080541
9424,14.536000,14.536000,0.080541
9425,14.536000,14.536000,0.080541
9426,14.536000,14.536000,0.080541
9427,14.536000,14.536000,0.080541
9428,14.536000,14.536000,0.080541
9429,14.536000,14.536000,0.080541
9430,14.536000,14.536000,0.080541
9431,14.536000,14.536000,0.080541
9432,14.536000,14.536000,0.080541
9433,14.536000,14.536000,0.080541
9434,14.536000,14.536000,0.080541
9435,14.536000,14.536000,0.080541
9436,14.536000,14.536000,0.080541
9437,14.536000,14.536000,0.080541
9438,14.536000,14.536000,0.080541
9439,14.536000,14.536000,0.080541
9440,14.536000,14.536000,0.080541
9441,14.536000,14.536000,0.080541
9442,14.536000,14.536000,0.080541
9443,14.536000,14.536000,0.080541
9444,14.536000,14.536000,0.080541
9445,14.536000,14.536000,0.080541
9446,14.536000,14.536000,0.080541
9447,14.536000,14.536000,0.080541
9448,14.536000,14.536000,0.080541
9449,14.536000,14.536000,0.080541
9450,14.536000,14.536000,0.080541
9451,14.536000,14.536000,0.080541
9452,14.536000,14.536000,0.080541
9453,14.536000,14.536000,0.080541
9454,14.536000,14.536000,0.080541
9455,14.536000,14.536000,0.080541
9456,14.536000,14.536000,0.080541
9457,14.536000,14.536000,0.080541
9458,14.536000,14.536000,0.080541
9459,14.536000,14.536000,0.080541
9460,14.536000,14.536000,0.080541
9461,14.536000,14.536000,0.080541
9462,14.536000,14.536000,0.080541
9463,14.536000,14.536000,0.080541
9464,14.536000,14.536000,0.080541
9465,14.536000,14.536000,0.080541
9466,14.536000,14.536000,0.080541
9467,14.536000,14.536000,0.080541
9468,14.536000,14.536000,0.080541
9469,14.536000,14.536000,0.080541
9470,14.536000,14.536000,0.080541
9471,14.536000,14.536000,0.080541
9472,14.536000,14.536000,0.080541
9473,14.536000,14.536000,0.080541
9474,14.536000,14.536000,0.080541
9475,14.536000,14.536000,0.080541
9476,14.536000,14.536000,0.080541
9477,14.536000,14.536000,0.080541
9478,14.536000,14.536000,0.080541
9479,14.536000,14.536000,0.080541
9480,14.536000,14.536000,0.080541
9481,14.536000,14.536000,0.080541
9482,14.536000,14.536000,0.080541
9483,14.536000,14.536000,0.080541
9484,14.536000,14.536000,0.080541
9485,14.536000,14.536000,0.080541
9486,14.536000,14.536000,0.080541
9487,14.536000,14.536000,0.080541
9488,14.536000,14.536000,0.080541
9489,14.536000,14.536000,0.080541
9490,14.536000,14.536000,0.080541
9491,14.536000,14.536000,0.080541
9492,14.536000,14.536000,0.080541
9493,14.536000,14.536000,0.080541
9494,14.536000,14.536000,0.080541
9495,14.536000,14.536000,0.080541
9496,14.536000,14.536000,0.080541
9497,14.536000,14.536000,0.080541
9498,14.536000,14.536000,0.080541
9499,14.536000,14.536000,0.080541
9500,14.536000,14.536000,0.080541
9501,14.536000,14.536000,0.076514
9502,14.536000,14.536000,0.076514
9503,14.536000,14.536000,0.076514
9504,14.536000,14.536000,0.076514
9505,14.536000,14.536000,0.076514
9506,14.536000,14.536000,0.076514
9507,14.536000,14.536000,0.076514
9508,14.536000,14.536000,0.076514
9509,14.536000,14.536000,0.076514
9510,14.536000,14.536000,0.076514
9511,14.536000,14.536000,0.076514
9512,14.536000,14.536000,0.076514
9513,14.536000,14.536000,0.076514
9514,14.536000,14.536000,0.076514
9515,14.536000,14.536000,0.076514
9516,14.536000,14.536000,0.076514
9517,14.536000,14.536000,0.076514
9518,14.536000,14.536000,0.076514
9519,14.536000,14.536000,0.076514
9520,14.536000,14.536000,0.076514
9521,14.536000,14.536000,0.076514
9522,14.536000,14.536000,0.076514
9523,14.536000,14.536000,0.076514
9524,14.536000,14.536000,0.076514
9525,14.536000,14.536000,0.076514
9526,14.536000,14.536000,0.076514
9527,14.536000,14.536000,0.076514
9528,14.536000,14.536000,0.076514
9529,14.536000,14.536000,0.076514
9530,14.536000,14.536000,0.076514
9531,14.536000,14.536000,0.076514
9532,14.536000,14.536000,0.076514
9533,14.536000,14.536000,0.076514
9534,14.536000,14.536000,0.076514
9535,14.536000,14.536000,0.076514
9536,14.536000,14.536000,0.076514
9537,14.536000,14.536000,0.076514
9538,14.536000,14.536000,0.076514
9539,14.536000,14.536000,0.076514
9540,14.536000,14.536000,0.076514
9541,14.536000,14.536000,0.076514
9542,14.536000,14.536000,0.076514
9543,14.536000,14.536000,0.076514
9544,14.536000,14.536000,0.076514
9545,14.536000,14.536000,0.076514
9546,14.536000,14.536000,0.076514
9547,14.536000,14.536000,0.076514
9548,14.536000,14.536000,0.076514
9549,14.536000,14.536000,0.076514
9550,14.536000,14.536000,0.076514
9551,14.536000,14.536000,0.076514
9552,14.536000,14.536000,0.076514
9553,14.536000,14.536000,0.076514
9554,14.536000,14.536000,0.076514
9555,14.536000,14.536000,0.076514
9556,14.536000,14.536000,0.076514
9557,14.536000,14.536000,0.076514
9558,14.536000,14.536000,0.076514
9559,14.536000,14.536000,0.076514
9560,14.536000,14.536000,0.076514
9561,14.536000,14.536000,0.076514
9562,14.536000,14.536000,0.076514
9563,14.536000,14.536000,0.076514
9564,14.536000,14.536000,0.076514
9565,14.536000,14.536000,0.076514
9566,14.536000,14.536000,0.076514
9567,14.536000,14.536000,0.076514
9568,14.536000,14.536000,0.076514
9569,14.536000,14.536000,0.076514
9570,14.536000,14.536000,0.076514
9571,14.536000,14.536000,0.076514
9572,14.536000,14.536000,0.076514
9573,14.536000,14.536000,0.076514
9574,14.536000,14.536000,0.076514
9575,14.536000,14.536000,0.076514
9576,14.536000,14.536000,0.076514
9577,14.536000,14.536000,0.076514
9578,14.536000,14.536000,0.076514
9579,14.536000,14.536000,0.076514
9580,14.536000,14.536000,0.076514
9581,14.536000,14.536000,0.076514
9582,14.536000,14.536000,0.076514
9583,14.536000,14.536000,0.076514
9584,14.536000,14.536000,0.076514
9585,14.536000,14.536000,0.076514
9586,14.536000,14.536000,0.076514
9587,14.536000,14.536000,0.076514
9588,14.536000,14.536000,0.076514
9589,14.536000,14.536000,0.076514
9590,14.536000,14.536000,0.076514
9591,14.536000,14.536000,0.076514
9592,14.536000,14.536000,0.076514
9593,14.536000,14.536000,0.076514
9594,14.536000,14.536000,0.076514
9595,14.536000,14.536000,0.076514
9596,14.536000,14.536000,0.076514
9597,14.536000,14.536000,0.076514
9598,14.536000,14.536000,0.076514
9599,14.536000,14.536000,0.076514
9600,14.536000,14.536000,0.076514
9601,14.536000,14.536000,0.072689
9602,14.536000,14.536000,0.072689
9603,14.536000,14.536000,0.072689
9604,14.536000,14.536000,0.072689
9605,14.536000,14.536000,0.072689
9606,14.536000,14.536000,0.072689
9607,14.536000,14.536000,0.072689
9608,14.536000,14.536000,0.072689
9609,14.536000,14.536000,0.072689
9610,14.536000,14.536000,0.072689
9611,14.536000,14.536000,0.072689
9612,14.536000,14.536000,0.072689
9613,14.536000,14.536000,0.072689
9614,14.536000,14.536000,0.072689
9615,14.536000,14.536000,0.072689
9616,14.536000,14.536000,0.072689
9617,14.536000,14.536000,0.072689
9618,14.536000,14.536000,0.072689
9619,14.536000,14.536000,0.072689
9620,14.536000,14.536000,0.072689
9621,14.536000,14.536000,0.072689
9622,14.536000,14.536000,0.072689
9623,14.536000,14.536000,0.072689
9624,14.536000,14.536000,0.072689
9625,14.536000,14.536000,0.072689
9626,14.536000,14.536000,0.072689
9627,14.536000,14.536000,0.072689
9628,14.536000,14.536000,0.072689
9629,14.536000,14.536000,0.072689
9630,14.536000,14.536000,0.072689
9631,14.536000,14.536000,0.072689
9632,14.536000,14.536000,0.072689
9633,14.536000,14.536000,0.072689
9634,14.536000,14.536000,0.072689
9635,14.536000,14.536000,0.072689
9636,14.536000,14.536000,0.072689
9637,14.536000,14.536000,0.072689
9638,14.536000,14.536000,0.072689
9639,14.536000,14.536000,0.072689
9640,14.536000,14.536000,0.072689
9641,14.536000,14.536000,0.072689
9642,14.536000,14.536000,0.072689
9643,14.536000,14.536000,0.072689
9644,14.536000,14.536000,0.072689
9645,14.536000,14.536000,0.072689
9646,14.536000,14.536000,0.072689
9647,14.536000,14.536000,0.072689
9648,14.536000,14.536000,0.072689
9649,14.536000,14.536000,0.072689
9650,14.536000,14.536000,0.072689
9651,14.536000,14.536000,0.072689
9652,14.536000,14.536000,0.072689
9653,14.536000,14.536000,0.072689
9654,14.536000,14.536000,0.072689
9655,14.536000,14.536000,0.072689
9656,14.536000,14.536000,0.072689
9657,14.536000,14.536000,0.072689
9658,14.536000,14.536000,0.072689
9659,14.536000,14.536000,0.072689
9660,14.536000,14.536000,0.072689
9661,14.536000,14.536000,0.072689
9662,14.536000,14.536000,0.072689
9663,14.536000,14.536000,0.072689
9664,14.536000,14.536000,0.072689
9665,14.536000,14.536000,0.072689
9666,14.536000,14.536000,0.072689
9667,14.536000,14.536000,0.072689
9668,14.536000,14.536000,0.072689
9669,14.536000,14.536000,0.072689
9670,14.536000,14.536000,0.072689
9671,14.536000,14.536000,0.072689
9672,14.536000,14.536000,0.072689
9673,14.536000,14.536000,0.072689
9674,14.536000,14.536000,0.072689
9675,14.536000,14.536000,0.072689
9676,14.536000,14.536000,0.072689
9677,14.536000,14.536000,0.072689
9678,14.536000,14.536000,0.072689
9679,14.536000,14.536000,0.072689
9680,14.536000,14.536000,0.072689
9681,14.536000,14.536000,0.072689
9682,14.536000,14.536000,0.072689
9683,14.536000,14.536000,0.072689
9684,14.536000,14.536000,0.072689
9685,14.536000,14.536000,0.072689
9686,14.536000,14.536000,0.072689
9687,14.536000,14.536000,0.072689
9688,14.536000,14.536000,0.072689
9689,14.536000,14.536000,0.072689
9690,14.536000,14.536000,0.072689
9691,14.536000,14.536000,0.072689
9692,14.536000,14.536000,0.072689
9693,14.536000,14.536000,0.072689
9694,14.536000,14.536000,0.072689
9695,14.536000,14.536000,0.072689
9696,14.536000,14.536000,0.072689
9697,14.536000,14.536000,0.072689
9698,14.536000,14.536000,0.072689
9699,14.536000,14.536000,0.072689
9700,14.536000,14.536000,0.072689
9701,14.536000,14.536000,0.069054
9702,14.536000,14.536000,0.069054
9703,14.536000,14.536000,0.069054
9704,14.536000,14.536000,0.069054
9705,14.536000,14.536000,0.069054
9706,14.536000,14.536000,0.069054
9707,14.536000,14.536000,0.069054
9708,14.536000,14.536000,0.069054
9709,14.536000,14.536000,0.069054
9710,14.536000,14.536000,0.069054
9711,14.536000,14.536000,0.069054
9712,14.536000,14.536000,0.069054
9713,14.536000,14.536000,0.069054
9714,14.536000,14.536000,0.069054
9715,14.536000,14.536000,0.069054
9716,14.536000,14.536000,0.069054
9717,14.536000,14.536000,0.069054
9718,14.536000,14.536000,0.069054
9719,14.536000,14.536000,0.069054
9720,14.536000,14.536000,0.069054
9721,14.536000,14.536000,0.069054
9722,14.536000,14.536000,0.069054
9723,14.536000,14.536000,0.069054
9724,14.536000,14.536000,0.069054
9725,14.536000,14.536000,0.069054
9726,14.536000,14.536000,0.069054
9727,14.536000,14.536000,0.069054
9728,14.536000,14.536000,0.069054
9729,14.536000,14.536000,0.069054
9730,14.536000,14.536000,0.069054
9731,14.536000,14.536000,0.069054
9732,14.536000,14.536000,0.069054
9733,14.536000,14.536000,0.069054
9734,14.536000,14.536000,0.069054
9735,14.536000,14.536000,0.069054
9736,14.536000,14.536000,0.069054
9737,14.536000,14.536000,0.069054
9738,14.536000,14.536000,0.069054
9739,14.536000,14.536000,0.069054
9740,14.536000,14.536000,0.069054
9741,14.536000,14.536000,0.069054
9742,14.536000,14.536000,0.069054
9743,14.536000,14.536000,0.069054
9744,14.536000,14.536000,0.069054
9745,14.536000,14.536000,0.069054
9746,14.536000,14.536000,0.069054
9747,14.536000,14.536000,0.069054
9748,14.536000,14.536000,0.069054
9749,14.536000,14.536000,0.069054
9750,14.536000,14.536000,0.069054
9751,14.536000,14.536000,0.069054
9752,14.536000,14.536000,0.069054
9753,14.536000,14.536000,0.069054
9754,14.536000,14.536000,0.069054
9755,14.536000,14.536000,0.069054
9756,14.536000,14.536000,0.069054
9757,14.536000,14.536000,0.069054
9758,14.536000,14.536000,0.069054
9759,14.536000,14.536000,0.069054
9760,14.536000,14.536000,0.069054
9761,14.536000,14.536000,0.069054
9762,14.536000,14.536000,0.069054
9763,14.536000,14.536000,0.069054
9764,14.536000,14.536000,0.069054
9765,14.536000,14.536000,0.069054
9766,14.536000,14.536000,0.069054
9767,14.536000,14.536000,0.069054
9768,14.536000,14.536000,0.069054
9769,14.536000,14.536000,0.069054
9770,14.536000,14.536000,0.069054
9771,14.536000,14.536000,0.069054
9772,14.536000,14.536000,0.069054
9773,14.536000,14.536000,0.069054
9774,14.536000,14.536000,0.069054
9775,14.536000,14.536000,0.069054
9776,14.536000,14.536000,0.069054
9777,14.536000,14.536000,0.069054
9778,14.536000,14.536000,0.069054
9779,14.536000,14.536000,0.069054
9780,14.536000,14.536000,0.069054
9781,14.536000,14.536000,0.069054
9782,14.536000,14.536000,0.069054
9783,14.536000,14.536000,0.069054
9784,14.536000,14.536000,0.069054
9785,14.536000,14.536000,0.069054
9786,14.536000,14.536000,0.069054
9787,14.536000,14.536000,0.069054
9788,14.536000,14.536000,0.069054
9789,14.536000,14.536000,0.069054
9790,14.536000,14.536000,0.069054
9791,14.536000,14.536000,0.069054
9792,14.536000,14.536000,0.069054
9793,14.536000,14.536000,0.069054
9794,14.536000,14.536000,0.069054
9795,14.536000,14.536000,0.069054
9796,14.536000,14.536000,0.069054
9797,14.536000,14.536000,0.069054
9798,14.536000,14.536000,0.069054
9799,14.536000,14.536000,0.069054
9800,14.536000,14.536000,0.069054
9801,14.536000,14.536000,0.065601
9802,14.536000,14.536000,0.065601
9803,14.536000,14.536000,0.065601
9804,14.536000,14.536000,0.065601
9805,14.536000,14.536000,0.065601
9806,14.536000,14.536000,0.065601
9807,14.536000,14.536000,0.065601
9808,14.536000,14.536000,0.065601
9809,14.536000,14.536000,0.065601
9810,14.536000,14.536000,0.065601
9811,14.536000,14.536000,0.065601
9812,14.536000,14.536000,0.065601
9813,14.536000,14.536000,0.065601
9814,14.536000,14.536000,0.065601
9815,14.536000,14.536000,0.065601
9816,14.536000,14.536000,0.065601
9817,14.536000,14.536000,0.065601
9818,14.536000,14.536000,0.065601
9819,14.536000,14.536000,0.065601
9820,14.536000,14.536000,0.065601
9821,14.536000,14.536000,0.065601
9822,14.536000,14.536000,0.065601
9823,14.536000,14.536000,0.065601
9824,14.536000,14.536000,0.065601
9825,14.536000,14.536000,0.065601
9826,14.536000,14.536000,0.065601
9827,14.536000,14.536000,0.065601
9828,14.536000,14.536000,0.065601
9829,14.536000,14.536000,0.065601
9830,14.536000,14.536000,0.065601
9831,14.536000,14.536000,0.065601
9832,14.536000,14.536000,0.065601
9833,14.536000,14.536000,0.065601
9834,14.536000,14.536000,0.065601
9835,14.536000,14.536000,0.065601
9836,14.536000,14.536000,0.065601
9837,14.536000,14.536000,0.065601
9838,14.536000,14.536000,0.065601
9839,14.536000,14.536000,0.065601
9840,14.536000,14.536000,0.065601
9841,14.536000,14.536000,0.065601
9842,14.536000,14.536000,0.065601
9843,14.536000,14.536000,0.065601
9844,14.536000,14.536000,0.065601
9845,14.536000,14.536000,0.065601
9846,14.536000,14.536000,0.065601
9847,14.536000,14.536000,0.065601
9848,14.536000,14.536000,0.065601
9849,14.536000,14.536000,0.065601
9850,14.536000,14.536000,0.065601
9851,14.536000,14.536000,0.065601
9852,14.536000,14.536000,0.065601
9853,14.536000,14.536000,0.065601
9854,14.536000,14.536000,0.065601
9855,14.536000,14.536000,0.065601
9856,14.536000,14.536000,0.065601
9857,14.536000,14.536000,0.065601
9858,14.536000,14.536000,0.065601
9859,14.536000,14.536000,0.065601
9860,14.536000,14.536000,0.065601
9861,14.536000,14.536000,0.065601
9862,14.536000,14.536000,0.065601
9863,14.536000,14.536000,0.065601
9864,14.536000,14.536000,0.065601
9865,14.536000,14.536000,0.065601
9866,14.536000,14.536000,0.065601
9867,14.536000,14.536000,0.065601
9868,14.536000,14.536000,0.065601
9869,14.536000,14.536000,0.065601
9870,14.536000,14.536000,0.065601
9871,14.536000,14.536000,0.065601
9872,14.536000,14.536000,0.065601
9873,14.536000,14.536000,0.065601
9874,14.536000,14.536000,0.065601
9875,14.536000,14.536000,0.065601
9876,14.536000,14.536000,0.065601
9877,14.536000,14.536000,0.065601
9878,14.536000,14.536000,0.065601
9879,14.536000,14.536000,0.065601
9880,14.536000,14.536000,0.065601
9881,14.536000,14.536000,0.065601
9882,14.536000,14.536000,0.065601
9883,14.536000,14.536000,0.065601
9884,14.536000,14.536000,0.065601
9885,14.536000,14.536000,0.065601
9886,14.536000,14.536000,0.065601
9887,14.536000,14.536000,0.065601
9888,14.536000,14.536000,0.065601
9889,14.536000,14.536000,0.065601
9890,14.536000,14.536000,0.065601
9891,14.536000,14.536000,0.065601
9892,14.536000,14.536000,0.065601
9893,14.536000,14.536000,0.065601
9894,14.536000,14.536000,0.065601
9895,14.536000,14.536000,0.065601
9896,14.536000,14.536000,0.065601
9897,14.536000,14.536000,0.065601
9898,14.536000,14.536000,0.065601
9899,14.536000,14.536000,0.065601
9900,14.536000,14.536000,0.065601
9901,14.536000,14.536000,0.062321
9902,14.536000,14.536000,0.062321
9903,14.536000,14.536000,0.062321
9904,14.536000,14.536000,0.062321
9905,14.536000,14.536000,0.062321
9906,14.536000,14.536000,0.062321
9907,14.536000,14.536000,0.062321
9908,14.536000,14.536000,0.062321
9909,14.536000,14.536000,0.062321
9910,14.536000,14.536000,0.062321
9911,14.536000,14.536000,0.062321
9912,14.536000,14.536000,0.062321
9913,14.536000,14.536000,0.062321
9914,14.536000,14.536000,0.062321
9915,14.536000,14.536000,0.062321
9916,14.536000,14.536000,0.062321
9917,14.536000,14.536000,0.062321
9918,14.536000,14.536000,0.062321
9919,14.536000,14.536000,0.062321
9920,14.536000,14.536000,0.062321
9921,14.536000,14.536000,0.062321
9922,14.536000,14.536000,0.062321
9923,14.536000,14.536000,0.062321
9924,14.536000,14.536000,0.062321
9925,14.536000,14.536000,0.062321
9926,14.536000,14.536000,0.062321
9927,14.536000,14.536000,0.062321
9928,14.536000,14.536000,0.062321
9929,14.536000,14.536000,0.062321
9930,14.536000,14.536000,0.062321
9931,14.536000,14.536000,0.062321
9932,14.536000,14.536000,0.062321
9933,14.536000,14.536000,0.062321
9934,14.536000,14.536000,0.062321
9935,14.536000,14.536000,0.062321
9936,14.536000,14.536000,0.062321
9937,14.536000,14.536000,0.062321
9938,14.536000,14.536000,0.062321
9939,14.536000,14.536000,0.062321
9940,14.536000,14.536000,0.062321
9941,14.536000,14.536000,0.062321
9942,14.536000,14.536000,0.062321
9943,14.536000,14.536000,0.062321
9944,14.536000,14.536000,0.062321
9945,14.536000,14.536000,0.062321
9946,14.536000,14.536000,0.062321
9947,14.536000,14.536000,0.062321
9948,14.536000,14.536000,0.062321
9949,14.536000,14.536000,0.062321
9950,14.536000,14.536000,0.062321
9951,14.536000,14.536000,0.062321
9952,14.536000,14.536000,0.062321
9953,14.536000,14.536000,0.062321
9954,14.536000,14.536000,0.062321
9955,14.536000,14.536000,0.062321
9956,14.536000,14.536000,0.062321
9957,14.536000,14.536000,0.062321
9958,14.536000,14.536000,0.062321
9959,14.536000,14.536000,0.062321
9960,14.536000,14.536000,0.062321
9961,14.536000,14.536000,0.062321
9962,14.536000,14.536000,0.062321
9963,14.536000,14.536000,0.062321
9964,14.536000,14.536000,0.062321
9965,14.536000,14.536000,0.062321
9966,14.536000,14.536000,0.062321
9967,14.536000,14.536000,0.062321
9968,14.536000,14.536000,0.062321
9969,14.536000,14.536000,0.062321
9970,14.536000,14.536000,0.062321
9971,14.536000,14.536000,0.062321
9972,14.536000,14.536000,0.062321
9973,14.536000,14.536000,0.062321
9974,14.536000,14.536000,0.062321
9975,14.536000,14.536000,0.062321
9976,14.536000,14.536000,0.062321
9977,14.536000,14.536000,0.062321
9978,14.536000,14.536000,0.062321
9979,14.536000,14.536000,0.062321
9980,14.536000,14.536000,0.062321
9981,14.536000,14.536000,0.062321
9982,14.536000,14.536000,0.062321
9983,14.536000,14.536000,0.062321
9984,14.536000,14.536000,0.062321
9985,14.536000,14.536000,0.062321
9986,14.536000,14.536000,0.062321
9987,14.536000,14.536000,0.062321
9988,14.536000,14.536000,0.062321
9989,14.536000,14.536000,0.062321
9990,14.536000,14.536000,0.062321
9991,14.536000,14.536000,0.062321
9992,14.536000,14.536000,0.062321
9993,14.536000,14.536000,0.062321
9994,14.536000,14.536000,0.062321
9995,14.536000,14.536000,0.062321
9996,14.536000,14.536000,0.062321
9997,14.536000,14.536000,0.062321
9998,14.536000,14.536000,0.062321
9999,14.536000,14.536000,0.062321
10000,14.536000,14.536000,0.062321
10001,14.536000,14.536000,0.059205
10002,14.536000,14.536000,0.059205
10003,14.536000,14.536000,0.059205
10004,14.536000,14.536000,0.059205
10005,14.536000,14.536000,0.059205
10006,14.536000,14.536000,0.059205
10007,14.536000,14.536000,0.059205
10008,14.536000,14.536000,0.059205
10009,14.536000,14.536000,0.059205
10010,14.536000,14.536000,0.059205
10011,14.536000,14.536000,0.059205
10012,14.536000,14.536000,0.059205
10013,14.536000,14.536000,0.059205
10014,14.536000,14.536000,0.059205
10015,14.536000,14.536000,0.059205
10016,14.536000,14.536000,0.059205
10017,14.536000,14.536000,0.059205
10018,14.536000,14.536000,0.059205
10019,14.536000,14.536000,0.059205
10020,14.536000,14.536000,0.059205
10021,14.536000,14.536000,0.059205
10022,14.536000,14.536000,0.059205
10023,14.536000,14.536000,0.059205
10024,14.536000,14.536000,0.059205
10025,14.536000,14.536000,0.059205
10026,14.536000,14.536000,0.059205
10027,14.536000,14.536000,0.059205
10028,14.536000,14.536000,0.059205
10029,14.536000,14.536000,0.059205
10030,14.536000,14.536000,0.059205
10031,14.536000,14.536000,0.059205
10032,14.536000,14.536000,0.059205
10033,14.536000,14.536000,0.059205
10034,14.536000,14.536000,0.059205
10035,14.536000,14.536000,0.059205
10036,14.536000,14.536000,0.059205
10037,14.536000,14.536000,0.059205
10038,14.536000,14.536000,0.059205
10039,14.536000,14.536000,0.059205
10040,14.536000,14.536000,0.059205
10041,14.536000,14.536000,0.059205
10042,14.536000,14.536000,0.059205
10043,14.536000,14.536000,0.059205
10044,14.536000,14.536000,0.059205
10045,14.536000,14.536000,0.059205
10046,14.536000,14.536000,0.059205
10047,14.536000,14.536000,0.059205
10048,14.536000,14.536000,0.059205
10049,14.536000,14.536000,0.059205
10050,14.536000,14.536000,0.059205
10051,14.536000,14.536000,0.059205
10052,14.536000,14.536000,0.059205
10053,14.536000,14.536000,0.059205
10054,14.536000,14.536000,0.059205
10055,14.536000,14.536000,0.059205
10056,14.536000,14.536000,0.059205
10057,14.536000,14.536000,0.059205
10058,14.536000,14.536000,0.059205
10059,14.536000,14.536000,0.059205
10060,14.536000,14.536000,0.059205
10061,14.536000,14.536000,0.059205
10062,14.536000,14.536000,0.059205
10063,14.536000,14.536000,0.059205
10064,14.536000,14.536000,0.059205
10065,14.536000,14.536000,0.059205
10066,14.536000,14.536000,0.059205
10067,14.536000,14.536000,0.059205
10068,14.536000,14.536000,0.059205
10069,14.536000,14.536000,0.059205
10070,14.536000,14.536000,0.059205
10071,14.536000,14.536000,0.059205
10072,14.536000,14.536000,0.059205
10073,14.536000,14.536000,0.059205
10074,14.536000,14.536000,0.059205
10075,14.536000,14.536000,0.059205
10076,14.536000,14.536000,0.059205
10077,14.536000,14.536000,0.059205
10078,14.536000,14.536000,0.059205
10079,14.536000,14.536000,0.059205
10080,14.536000,14.536000,0.059205
10081,14.536000,14.536000,0.059205
10082,14.536000,14.536000,0.059205
10083,14.536000,14.536000,0.059205
10084,14.536000,14.536000,0.059205
10085,14.536000,14.536000,0.059205
10086,14.536000,14.536000,0.059205
10087,14.536000,14.536000,0.059205
10088,14.536000,14.536000,0.059205
10089,14.536000,14.536000,0.059205
10090,14.536000,14.536000,0.059205
10091,14.536000,14.536000,0.059205
10092,14.536000,14.536000,0.059205
10093,14.536000,14.536000,0.059205
10094,14.536000,14.536000,0.059205
10095,14.536000,14.536000,0.059205
10096,14.536000,14.536000,0.059205
10097,14.536000,14.536000,0.059205
10098,14.536000,14.536000,0.059205
10099,14.536000,14.536000,0.059205
10100,14.536000,14.536000,0.059205
10101,14.536000,14.536000,0.056245
10102,14.536000,14.536000,0.056245
10103,14.536000,14.536000,0.056245
10104,14.536000,14.536000,0.056245
10105,14.536000,14.536000,0.056245
10106,14.536000,14.536000,0.056245
10107,14.536000,14.536000,0.056245
10108,14.536000,14.536000,0.056245
10109,14.536000,14.536000,0.056245
10110,14.536000,14.536000,0.056245
10111,14.536000,14.536000,0.056245
10112,14.536000,14.536000,0.056245
10113,14.536000,14.536000,0.056245
10114,14.536000,14.536000,0.056245
10115,14.536000,14.536000,0.056245
10116,14.536000,14.536000,0.056245
10117,14.536000,14.536000,0.056245
10118,14.536000,14.536000,0.056245
10119,14.536000,14.536000,0.056245
10120,14.536000,14.536000,0.056245
10121,14.536000,14.536000,0.056245
10122,14.536000,14.536000,0.056245
10123,14.536000,14.536000,0.056245
10124,14.536000,14.536000,0.056245
10125,14.536000,14.536000,0.056245
10126,14.536000,14.536000,0.056245
10127,14.536000,14.536000,0.056245
10128,14.536000,14.536000,0.056245
10129,14.536000,14.536000,0.056245
10130,14.536000,14.536000,0.056245
10131,14.536000,14.536000,0.056245
10132,14.536000,14.536000,0.056245
10133,14.536000,14.536000,0.056245
10134,14.536000,14.536000,0.056245
10135,14.536000,14.536000,0.056245
10136,14.536000,14.536000,0.056245
10137,14.536000,14.536000,0.056245
10138,14.536000,14.536000,0.056245
10139,14.536000,14.536000,0.056245
10140,14.536000,14.536000,0.056245
10141,14.536000,14.536000,0.056245
10142,14.536000,14.536000,0.056245
10143,14.536000,14.536000,0.056245
10144,14.536000,14.536000,0.056245
10145,14.536000,14.536000,0.056245
10146,14.536000,14.536000,0.056245
10147,14.536000,14.536000,0.056245
10148,14.536000,14.536000,0.056245
10149,14.536000,14.536000,0.056245
10150,14.536000,14.536000,0.056245
10151,14.536000,14.536000,0.056245
10152,14.536000,14.536000,0.056245
10153,14.536000,14.536000,0.056245
10154,14.536000,14.536000,0.056245
10155,14.536000,14.536000,0.056245
10156,14.536000,14.536000,0.056245
10157,14.536000,14.536000,0.056245
10158,14.536000,14.536000,0.056245
10159,14.536000,14.536000,0.056245
10160,14.536000,14.536000,0.056245
10161,14.536000,14.536000,0.056245
10162,14.536000,14.536000,0.056245
10163,14.536000,14.536000,0.056245
10164,14.536000,14.536000,0.056245
10165,14.536000,14.536000,0.056245
10166,14.536000,14.536000,0.056245
10167,14.536000,14.536000,0.056245
10168,14.536000,14.536000,0.056245
10169,14.536000,14.536000,0.056245
10170,14.536000,14.536000,0.056245
10171,14.536000,14.536000,0.056245
10172,14.536000,14.536000,0.056245
10173,14.536000,14.536000,0.056245
10174,14.536000,14.536000,0.056245
10175,14.536000,14.536000,0.056245
10176,14.536000,14.536000,0.056245
10177,14.536000,14.536000,0.056245
10178,14.536000,14.536000,0.056245
10179,14.536000,14.536000,0.056245
10180,14.536000,14.536000,0.056245
10181,14.536000,14.536000,0.056245
10182,14.536000,14.536000,0.056245
10183,14.536000,14.536000,0.056245
10184,14.536000,14.536000,0.056245
10185,14.536000,14.536000,0.056245
10186,14.536000,14.536000,0.056245
10187,14.536000,14.536000,0.056245
10188,14.536000,14.536000,0.056245
10189,14.536000,14.536000,0.056245
10190,14.536000,14.536000,0.056245
10191,14.536000,14.536000,0.056245
10192,14.536000,14.536000,0.056245
10193,14.536000,14.536000,0.056245
10194,14.536000,14.536000,0.056245
10195,14.536000,14.536000,0.056245
10196,14.536000,14.536000,0.056245
10197,14.536000,14.536000,0.056245
10198,14.536000,14.536000,0.056245
10199,14.536000,14.536000,0.056245
10200,14.536000,14.536000,0.056245
10201,14.536000,14.536000,0.053433
10202,14.536000,14.536000,0.053433
10203,14.536000,14.536000,0.053433
10204,14.536000,14.536000,0.053433
10205,14.536000,14.536000,0.053433
10206,14.536000,14.536000,0.053433
10207,14.536000,14.536000,0.053433
10208,14.536000,14.536000,0.053433
10209,14.536000,14.536000,0.053433
10210,14.536000,14.536000,0.053433
10211,14.536000,14.536000,0.053433
10212,14.536000,14.536000,0.053433
10213,14.536000,14.536000,0.053433
10214,14.536000,14.536000,0.053433
10215,14.536000,14.536000,0.053433
10216,14.536000,14.536000,0.053433
10217,14.536000,14.536000,0.053433
10218,14.536000,14.536000,0.053433
10219,14.536000,14.536000,0.053433
10220,14.536000,14.536000,0.053433
10221,14.536000,14.536000,0.053433
10222,14.536000,14.536000,0.053433
10223,14.536000,14.536000,0.053433
10224,14.536000,14.536000,0.053433
10225,14.536000,14.536000,0.053433
10226,14.536000,14.536000,0.053433
10227,14.536000,14.536000,0.053433
10228,14.536000,14.536000,0.053433
10229,14.536000,14.536000,0.053433
10230,14.536000,14.536000,0.053433
10231,14.536000,14.536000,0.053433
10232,14.536000,14.536000,0.053433
10233,14.536000,14.536000,0.053433
10234,14.536000,14.536000,0.053433
10235,14.536000,14.536000,0.053433
10236,14.536000,14.536000,0.053433
10237,14.536000,14.536000,0.053433
10238,14.536000,14.536000,0.053433
10239,14.536000,14.536000,0.053433
10240,14.536000,14.536000,0.053433
10241,14.536000,14.536000,0.053433
10242,14.536000,14.536000,0.053433
10243,14.536000,14.536000,0.053433
10244,14.536000,14.536000,0.053433
10245,14.536000,14.536000,0.053433
10246,14.536000,14.536000,0.053433
10247,14.536000,14.536000,0.053433
10248,14.536000,14.536000,0.053433
10249,14.536000,14.536000,0.053433
10250,14.536000,14.536000,0.053433
10251,14.536000,14.536000,0.053433
10252,14.536000,14.536000,0.053433
10253,14.536000,14.536000,0.053433
10254,14.536000,14.536000,0.053433
10255,14.536000,14.536000,0.053433
10256,14.536000,14.536000,0.053433
10257,14.536000,14.536000,0.053433
10258,14.536000,14.536000,0.053433
10259,14.536000,14.536000,0.053433
10260,14.536000,14.536000,0.053433
10261,14.536000,14.536000,0.053433
10262,14.536000,14.536000,0.053433
10263,14.536000,14.536000,0.053433
10264,14.536000,14.536000,0.053433
10265,14.536000,14.536000,0.053433
10266,14.536000,14.536000,0.053433
10267,14.536000,14.536000,0.053433
10268,14.536000,14.536000,0.053433
10269,14.536000,14.536000,0.053433
10270,14.536000,14.536000,0.053433
10271,14.536000,14.536000,0.053433
10272,14.536000,14.536000,0.053433
10273,14.536000,14.536000,0.053433
10274,14.536000,14.536000,0.053433
10275,14.536000,14.536000,0.053433
10276,14.536000,14.536000,0.053433
10277,14.536000,14.536000,0.053433
10278,14.536000,14.536000,0.053433
10279,14.536000,14.536000,0.053433
10280,14.536000,14.536000,0.053433
10281,14.536000,14.536000,0.053433
10282,14.536000,14.536000,0.053433
10283,14.536000,14.536000,0.053433
10284,14.536000,14.536000,0.053433
10285,14.536000,14.536000,0.053433
10286,14.536000,14.536000,0.053433
10287,14.536000,14.536000,0.053433
10288,14.536000,14.536000,0.053433
10289,14.536000,14.536000,0.053433
10290,14.536000,14.536000,0.053433
10291,14.536000,14.536000,0.053433
10292,14.536000,14.536000,0.053433
10293,14.536000,14.536000,0.053433
10294,14.536000,14.536000,0.053433
10295,14.536000,14.536000,0.053433
10296,14.536000,14.536000,0.053433
10297,14.536000,14.536000,0.053433
10298,14.536000,14.536000,0.053433
10299,14.536000,14.536000,0.053433
10300,14.536000,14.536000,0.053433
10301,14.536000,14.536000,0.050761
10302,14.536000,14.536000,0.050761
10303,14.536000,14.536000,0.050761
10304,14.536000,14.536000,0.050761
10305,14.536000,14.536000,0.050761
10306,14.536000,14.536000,0.050761
10307,14.536000,14.536000,0.050761
10308,14.536000,14.536000,0.050761
10309,14.536000,14.536000,0.050761
10310,14.536000,14.536000,0.050761
10311,14.536000,14.536000,0.050761
10312,14.536000,14.536000,0.050761
10313,14.536000,14.536000,0.050761
10314,14.536000,14.536000,0.050761
10315,14.536000,14.536000,0.050761
10316,14.536000,14.536000,0.050761
10317,14.536000,14.536000,0.050761
10318,14.536000,14.536000,0.050761
10319,14.536000,14.536000,0.050761
10320,14.536000,14.536000,0.050761
10321,14.536000,14.536000,0.050761
10322,14.536000,14.536000,0.050761
10323,14.536000,14.536000,0.050761
10324,14.536000,14.536000,0.050761
10325,14.536000,14.536000,0.050761
10326,14.536000,14.536000,0.050761
10327,14.536000,14.536000,0.050761
10328,14.536000,14.536000,0.050761
10329,14.536000,14.536000,0.050761
10330,14.536000,14.536000,0.050761
10331,14.536000,14.536000,0.050761
10332,14.536000,14.536000,0.050761
10333,14.536000,14.536000,0.050761
10334,14.536000,14.536000,0.050761
10335,14.536000,14.536000,0.050761
10336,14.536000,14.536000,0.050761
10337,14.536000,14.536000,0.050761
10338,14.536000,14.536000,0.050761
10339,14.536000,14.536000,0.050761
10340,14.536000,14.536000,0.050761
10341,14.536000,14.536000,0.050761
10342,14.536000,14.536000,0.050761
10343,14.536000,14.536000,0.050761
10344,14.536000,14.536000,0.050761
10345,14.536000,14.536000,0.050761
10346,14.536000,14.536000,0.050761
10347,14.536000,14.536000,0.050761
10348,14.536000,14.536000,0.050761
10349,14.536000,14.536000,0.050761
10350,14.536000,14.536000,0.050761
10351,14.536000,14.536000,0.050761
10352,14.536000,14.536000,0.050761
10353,14.536000,14.536000,0.050761
10354,14.536000,14.536000,0.050761
10355,14.536000,14.536000,0.050761
10356,14.536000,14.536000,0.050761
10357,14.536000,14.536000,0.050761
10358,14.536000,14.536000,0.050761
10359,14.536000,14.536000,0.050761
10360,14.536000,14.536000,0.050761
10361,14.536000,14.536000,0.050761
10362,14.536000,14.536000,0.050761
10363,14.536000,14.536000,0.050761
10364,14.536000,14.536000,0.050761
10365,14.536000,14.536000,0.050761
10366,14.536000,14.536000,0.050761
10367,14.536000,14.536000,0.050761
10368,14.536000,14.536000,0.050761
10369,14.536000,14.536000,0.050761
10370,14.536000,14.536000,0.050761
10371,14.536000,14.536000,0.050761
10372,14.536000,14.536000,0.050761
10373,14.536000,14.536000,0.050761
10374,14.536000,14.536000,0.050761
10375,14.536000,14.536000,0.050761
10376,14.536000,14.536000,0.050761
10377,14.536000,14.536000,0.050761
10378,14.536000,14.536000,0.050761
10379,14.536000,14.536000,0.050761
10380,14.536000,14.536000,0.050761
10381,14.536000,14.536000,0.050761
10382,14.536000,14.536000,0.050761
10383,14.536000,14.536000,0.050761
10384,14.536000,14.536000,0.050761
10385,14.536000,14.536000,0.050761
10386,14.536000,14.536000,0.050761
10387,14.536000,14.536000,0.050761
10388,14.536000,14.536000,0.050761
10389,14.536000,14.536000,0.050761
10390,14.536000,14.536000,0.050761
10391,14.536000,14.536000,0.050761
10392,14.536000,14.536000,0.050761
10393,14.536000,14.536000,0.050761
10394,14.536000,14.536000,0.050761
10395,14.536000,14.536000,0.050761
10396,14.536000,14.536000,0.050761
10397,14.536000,14.536000,0.050761
10398,14.536000,14.536000,0.050761
10399,14.536000,14.536000,0.050761
10400,14.536000,14.536000,0.050761
10401,14.536000,14.536000,0.048223
10402,14.536000,14.536000,0.048223
10403,14.536000,14.536000,0.048223
10404,14.536000,14.536000,0.048223
10405,14.536000,14.536000,0.048223
10406,14.536000,14.536000,0.048223
10407,14.536000,14.536000,0.048223
10408,14.536000,14.536000,0.048223
10409,14.536000,14.536000,0.048223
10410,14.536000,14.536000,0.048223
10411,14.536000,14.536000,0.048223
10412,14.536000,14.536000,0.048223
10413,14.536000,14.536000,0.048223
10414,14.536000,14.536000,0.048223
10415,14.536000,14.536000,0.048223
10416,14.536000,14.536000,0.048223
10417,14.536000,14.536000,0.048223
10418,14.536000,14.536000,0.048223
10419,14.536000,14.536000,0.048223
10420,14.536000,14.536000,0.048223
10421,14.536000,14.536000,0.048223
10422,14.536000,14.536000,0.048223
10423,14.536000,14.536000,0.048223
10424,14.536000,14.536000,0.048223
10425,14.536000,14.536000,0.048223
10426,14.536000,14.536000,0.048223
10427,14.536000,14.536000,0.048223
10428,14.536000,14.536000,0.048223
10429,14.536000,14.536000,0.048223
10430,14.536000,14.536000,0.048223
10431,14.536000,14.536000,0.048223
10432,14.536000,14.536000,0.048223
10433,14.536000,14.536000,0.048223
10434,14.536000,14.536000,0.048223
10435,14.536000,14.536000,0.048223
10436,14.536000,14.536000,0.048223
10437,14.536000,14.536000,0.048223
10438,14.536000,14.536000,0.048223
10439,14.536000,14.536000,0.048223
10440,14.536000,14.536000,0.048223
10441,14.536000,14.536000,0.048223
10442,14.536000,14.536000,0.048223
10443,14.536000,14.536000,0.048223
10444,14.536000,14.536000,0.048223
10445,14.536000,14.536000,0.048223
10446,14.536000,14.536000,0.048223
10447,14.536000,14.536000,0.048223
10448,14.536000,14.536000,0.048223
10449,14.536000,14.536000,0.048223
10450,14.536000,14.536000,0.048223
10451,14.536000,14.536000,0.048223
10452,14.536000,14.536000,0.048223
10453,14.536000,14.536000,0.048223
10454,14.536000,14.536000,0.048223
10455,14.536000,14.536000,0.048223
10456,14.536000,14.536000,0.048223
10457,14.536000,14.536000,0.048223
10458,14.536000,14.536000,0.048223
10459,14.536000,14.536000,0.048223
10460,14.536000,14.536000,0.048223
10461,14.536000,14.536000,0.048223
10462,14.536000,14.536000,0.048223
10463,14.536000,14.536000,0.048223
10464,14.536000,14.536000,0.048223
10465,14.536000,14.536000,0.048223
10466,14.536000,14.536000,0.048223
10467,14.536000,14.536000,0.048223
10468,14.536000,14.536000,0.048223
10469,14.536000,14.536000,0.048223
10470,14.536000,14.536000,0.048223
10471,14.536000,14.536000,0.048223
10472,14.536000,14.536000,0.048223
10473,14.536000,14.536000,0.048223
10474,14.536000,14.536000,0.048223
10475,14.536000,14.536000,0.048223
10476,14.536000,14.536000,0.048223
10477,14.536000,14.536000,0.048223
10478,14.536000,14.536000,0.048223
10479,14.536000,14.536000,0.048223
10480,14.536000,14.536000,0.048223
10481,14.536000,14.536000,0.048223
10482,14.536000,14.536000,0.048223
10483,14.536000,14.536000,0.048223
10484,14.536000,14.536000,0.048223
10485,14.536000,14.536000,0.048223
10486,14.536000,14.536000,0.048223
10487,14.536000,14.536000,0.048223
10488,14.536000,14.536000,0.048223
10489,14.536000,14.536000,0.048223
10490,14.536000,14.536000,0.048223
10491,14.536000,14.536000,0.048223
10492,14.536000,14.536000,0.048223
10493,14.536000,14.536000,0.048223
10494,14.536000,14.536000,0.048223
10495,14.536000,14.536000,0.048223
10496,14.536000,14.536000,0.048223
10497,14.536000,14.536000,0.048223
10498,14.536000,14.536000,0.048223
10499,14.536000,14.536000,0.048223
10500,14.536000,14.536000,0.048223
10501,14.536000,14.536000,0.045812
10502,14.536000,14.536000,0.045812
10503,14.536000,14.536000,0.045812
10504,14.536000,14.536000,0.045812
10505,14.536000,14.536000,0.045812
10506,14.536000,14.536000,0.045812
10507,14.536000,14.536000,0.045812
10508,14.536000,14.536000,0.045812
10509,14.536000,14.536000,0.045812
10510,14.536000,14.536000,0.045812
10511,14.536000,14.536000,0.045812
10512,14.536000,14.536000,0.045812
10513,14.536000,14.536000,0.045812
10514,14.536000,14.536000,0.045812
10515,14.536000,14.536000,0.045812
10516,14.536000,14.536000,0.045812
10517,14.536000,14.536000,0.045812
10518,14.536000,14.536000,0.045812
10519,14.536000,14.536000,0.045812
10520,14.536000,14.536000,0.045812
10521,14.536000,14.536000,0.045812
10522,14.536000,14.536000,0.045812
10523,14.536000,14.536000,0.045812
10524,14.536000,14.536000,0.045812
10525,14.536000,14.536000,0.045812
10526,14.536000,14.536000,0.045812
10527,14.536000,14.536000,0.045812
10528,14.536000,14.536000,0.045812
10529,14.536000,14.536000,0.045812
10530,14.536000,14.536000,0.045812
10531,14.536000,14.536000,0.045812
10532,14.536000,14.536000,0.045812
10533,14.536000,14.536000,0.045812
10534,14.536000,14.536000,0.045812
10535,14.536000,14.536000,0.045812
10536,14.536000,14.536000,0.045812
10537,14.536000,14.536000,0.045812
10538,14.536000,14.536000,0.045812
10539,14.536000,14.536000,0.045812
10540,14.536000,14.536000,0.045812
10541,14.536000,14.536000,0.045812
10542,14.536000,14.536000,0.045812
10543,14.536000,14.536000,0.045812
10544,14.536000,14.536000,0.045812
10545,14.536000,14.536000,0.045812
10546,14.536000,14.536000,0.045812
10547,14.536000,14.536000,0.045812
10548,14.536000,14.536000,0.045812
10549,14.536000,14.536000,0.045812
10550,14.536000,14.536000,0.045812
10551,14.536000,14.536000,0.045812
10552,14.536000,14.536000,0.045812
10553,14.536000,14.536000,0.045812
10554,14.536000,14.536000,0.045812
10555,14.536000,14.536000,0.045812
10556,14.536000,14.536000,0.045812
10557,14.536000,14.536000,0.045812
10558,14.536000,14.536000,0.045812
10559,14.536000,14.536000,0.045812
10560,14.536000,14.536000,0.045812
10561,14.536000,14.536000,0.045812
10562,14.536000,14.536000,0.045812
10563,14.536000,14.536000,0.045812
10564,14.536000,14.536000,0.045812
10565,14.536000,14.536000,0.045812
10566,14.536000,14.536000,0.045812
10567,14.536000,14.536000,0.045812
10568,14.536000,14.536000,0.045812
10569,14.536000,14.536000,0.045812
10570,14.536000,14.536000,0.045812
10571,14.536000,14.536000,0.045812
10572,14.536000,14.536000,0.045812
10573,14.536000,14.536000,0.045812
10574,14.536000,14.536000,0.045812
10575,14.536000,14.536000,0.045812
10576,14.536000,14.536000,0.045812
10577,14.536000,14.536000,0.045812
10578,14.536000,14.536000,0.045812
10579,14.536000,14.536000,0.045812
10580,14.536000,14.536000,0.045812
10581,14.536000,14.536000,0.045812
10582,14.536000,14.536000,0.045812
10583,14.536000,14.536000,0.045812
10584,14.536000,14.536000,0.045812
10585,14.536000,14.536000,0.045812
10586,14.536000,14.536000,0.045812
10587,14.536000,14.536000,0.045812
10588,14.536000,14.536000,0.045812
10589,14.536000,14.536000,0.045812
10590,14.536000,14.536000,0.045812
10591,14.536000,14.536000,0.045812
10592,14.536000,14.536000,0.045812
10593,14.536000,14.536000,0.045812
10594,14.536000,14.536000,0.045812
10595,14.536000,14.536000,0.045812
10596,14.536000,14.536000,0.045812
10597,14.536000,14.536000,0.045812
10598,14.536000,14.536000,0.045812
10599,14.536000,14.536000,0.045812
10600,14.536000,14.536000,0.045812
10601,14.536000,14.536000,0.043521
10602,14.536000,14.536000,0.043521
10603,14.536000,14.536000,0.043521
10604,14.536000,14.536000,0.043521
10605,14.536000,14.536000,0.043521
10606,14.536000,14.536000,0.043521
10607,14.536000,14.536000,0.043521
10608,14.536000,14.536000,0.043521
10609,14.536000,14.536000,0.043521
10610,14.536000,14.536000,0.043521
10611,14.536000,14.536000,0.043521
10612,14.536000,14.536000,0.043521
10613,14.536000,14.536000,0.043521
10614,14.536000,14.536000,0.043521
10615,14.536000,14.536000,0.043521
10616,14.536000,14.536000,0.043521
10617,14.536000,14.536000,0.043521
10618,14.536000,14.536000,0.043521
10619,14.536000,14.536000,0.043521
10620,14.536000,14.536000,0.043521
10621,14.536000,14.536000,0.043521
10622,14.536000,14.536000,0.043521
10623,14.536000,14.536000,0.043521
10624,14.536000,14.536000,0.043521
10625,14.536000,14.536000,0.043521
10626,14.536000,14.536000,0.043521
10627,14.536000,14.536000,0.043521
10628,14.536000,14.536000,0.043521
10629,14.536000,14.536000,0.043521
10630,14.536000,14.536000,0.043521
10631,14.536000,14.536000,0.043521
10632,14.536000,14.536000,0.043521
10633,14.536000,14.536000,0.043521
10634,14.536000,14.536000,0.043521
10635,14.536000,14.536000,0.043521
10636,14.536000,14.536000,0.043521
10637,14.536000,14.536000,0.043521
10638,14.536000,14.536000,0.043521
10639,14.536000,14.536000,0.043521
10640,14.536000,14.536000,0.043521
10641,14.536000,14.536000,0.043521
10642,14.536000,14.536000,0.043521
10643,14.536000,14.536000,0.043521
10644,14.536000,14.536000,0.043521
10645,14.536000,14.536000,0.043521
10646,14.536000,14.536000,0.043521
10647,14.536000,14.536000,0.043521
10648,14.536000,14.536000,0.043521
10649,14.536000,14.536000,0.043521
10650,14.536000,14.536000,0.043521
10651,14.536000,14.536000,0.043521
10652,14.536000,14.536000,0.043521
10653,14.536000,14.536000,0.043521
10654,14.536000,14.536000,0.043521
10655,14.536000,14.536000,0.043521
10656,14.536000,14.536000,0.043521
10657,14.536000,14.536000,0.043521
10658,14.536000,14.536000,0.043521
10659,14.536000,14.536000,0.043521
10660,14.536000,14.536000,0.043521
10661,14.536000,14.536000,0.043521
10662,14.536000,14.536000,0.043521
10663,14.536000,14.536000,0.043521
10664,14.536000,14.536000,0.043521
10665,14.536000,14.536000,0.043521
10666,14.536000,14.536000,0.043521
10667,14.536000,14.536000,0.043521
10668,14.536000,14.536000,0.043521
10669,14.536000,14.536000,0.043521
10670,14.536000,14.536000,0.043521
10671,14.536000,14.536000,0.043521
10672,14.536000,14.536000,0.043521
10673,14.536000,14.536000,0.043521
10674,14.536000,14.536000,0.043521
10675,14.536000,14.536000,0.043521
10676,14.536000,14.536000,0.043521
10677,14.536000,14.536000,0.043521
10678,14.536000,14.536000,0.043521
10679,14.536000,14.536000,0.043521
10680,14.536000,14.536000,0.043521
10681,14.536000,14.536000,0.043521
10682,14.536000,14.536000,0.043521
10683,14.536000,14.536000,0.043521
10684,14.536000,14.536000,0.043521
10685,14.536000,14.536000,0.043521
10686,14.536000,14.536000,0.043521
10687,14.536000,14.536000,0.043521
10688,14.536000,14.536000,0.043521
10689,14.536000,14.536000,0.043521
10690,14.536000,14.536000,0.043521
10691,14.536000,14.536000,0.043521
10692,14.536000,14.536000,0.043521
10693,14.536000,14.536000,0.043521
10694,14.536000,14.536000,0.043521
10695,14.536000,14.536000,0.043521
10696,14.536000,14.536000,0.043521
10697,14.536000,14.536000,0.043521
10698,14.536000,14.536000,0.043521
10699,14.536000,14.536000,0.043521
10700,14.536000,14.536000,0.043521
10701,14.536000,14.536000,0.041345
10702,14.536000,14.536000,0.041345
10703,14.536000,14.536000,0.041345
10704,14.536000,14.536000,0.041345
10705,14.536000,14.536000,0.041345
10706,14.536000,14.536000,0.041345
10707,14.536000,14.536000,0.041345
10708,14.536000,14.536000,0.041345
10709,14.536000,14.536000,0.041345
10710,14.536000,14.536000,0.041345
10711,14.536000,14.536000,0.041345
10712,14.536000,14.536000,0.041345
10713,14.536000,14.536000,0.041345
10714,14.536000,14.536000,0.041345
10715,14.536000,14.536000,0.041345
10716,14.536000,14.536000,0.041345
10717,14.536000,14.536000,0.041345
10718,14.536000,14.536000,0.041345
10719,14.536000,14.536000,0.041345
10720,14.536000,14.536000,0.041345
10721,14.536000,14.536000,0.041345
10722,14.536000,14.536000,0.041345
10723,14.536000,14.536000,0.041345
10724,14.536000,14.536000,0.041345
10725,14.536000,14.536000,0.041345
10726,14.536000,14.536000,0.041345
10727,14.536000,14.536000,0.041345
10728,14.536000,14.536000,0.041345
10729,14.536000,14.536000,0.041345
10730,14.536000,14.536000,0.041345
10731,14.536000,14.536000,0.041345
10732,14.536000,14.536000,0.041345
10733,14.536000,14.536000,0.041345
10734,14.536000,14.536000,0.041345
10735,14.536000,14.536000,0.041345
10736,14.536000,14.536000,0.041345
10737,14.536000,14.536000,0.041345
10738,14.536000,14.536000,0.041345
10739,14.536000,14.536000,0.041345
10740,14.536000,14.536000,0.041345
10741,14.536000,14.536000,0.041345
10742,14.536000,14.536000,0.041345
10743,14.536000,14.536000,0.041345
10744,14.536000,14.536000,0.041345
10745,14.536000,14.536000,0.041345
10746,14.536000,14.536000,0.041345
10747,14.536000,14.536000,0.041345
10748,14.536000,14.536000,0.041345
10749,14.536000,14.536000,0.041345
10750,14.536000,14.536000,0.041345
10751,14.536000,14.536000,0.041345
10752,14.536000,14.536000,0.041345
10753,14.536000,14.536000,0.041345
10754,14.536000,14.536000,0.041345
10755,14.536000,14.536000,0.041345
10756,14.536000,14.536000,0.041345
10757,14.536000,14.536000,0.041345
10758,14.536000,14.536000,0.041345
10759,14.536000,14.536000,0.041345
10760,14.536000,14.536000,0.041345
10761,14.536000,14.536000,0.041345
10762,14.536000,14.536000,0.041345
10763,14.536000,14.536000,0.041345
10764,14.536000,14.536000,0.041345
10765,14.536000,14.536000,0.041345
10766,14.536000,14.536000,0.041345
10767,14.536000,14.536000,0.041345
10768,14.536000,14.536000,0.041345
10769,14.536000,14.536000,0.041345
10770,14.536000,14.536000,0.041345
10771,14.536000,14.536000,0.041345
10772,14.536000,14.536000,0.041345
10773,14.536000,14.536000,0.041345
10774,14.536000,14.536000,0.041345
10775,14.536000,14.536000,0.041345
10776,14.536000,14.536000,0.041345
10777,14.536000,14.536000,0.041345
10778,14.536000,14.536000,0.041345
10779,14.536000,14.536000,0.041345
10780,14.536000,14.536000,0.041345
10781,14.536000,14.536000,0.041345
10782,14.536000,14.536000,0.041345
10783,14.536000,14.536000,0.041345
10784,14.536000,14.536000,0.041345
10785,14.536000,14.536000,0.041345
10786,14.536000,14.536000,0.041345
10787,14.536000,14.536000,0.041345
10788,14.536000,14.536000,0.041345
10789,14.536000,14.536000,0.041345
10790,14.536000,14.536000,0.041345
10791,14.536000,14.536000,0.041345
10792,14.536000,14.536000,0.041345
10793,14.536000,14.536000,0.041345
10794,14.536000,14.536000,0.041345
10795,14.536000,14.536000,0.041345
10796,14.536000,14.536000,0.041345
10797,14.536000,14.536000,0.041345
10798,14.536000,14.536000,0.041345
10799,14.536000,14.536000,0.041345
10800,14.536000,14.536000,0.041345
10801,14.536000,14.536000,0.039278
10802,14.536000,14.536000,0.039278
10803,14.536000,14.536000,0.039278
10804,14.536000,14.536000,0.039278
10805,14.536000,14.536000,0.039278
10806,14.536000,14.536000,0.039278
10807,14.536000,14.536000,0.039278
10808,14.536000,14.536000,0.039278
10809,14.536000,14.536000,0.039278
10810,14.536000,14.536000,0.039278
10811,14.536000,14.536000,0.039278
10812,14.536000,14.536000,0.039278
10813,14.536000,14.536000,0.039278
10814,14.536000,14.536000,0.039278
10815,14.536000,14.536000,0.039278
10816,14.536000,14.536000,0.039278
10817,14.536000,14.536000,0.039278
10818,14.536000,14.536000,0.039278
10819,14.536000,14.536000,0.039278
10820,14.536000,14.536000,0.039278
10821,14.536000,14.536000,0.039278
10822,14.536000,14.536000,0.039278
10823,14.536000,14.536000,0.039278
10824,14.536000,14.536000,0.039278
10825,14.536000,14.536000,0.039278
10826,14.536000,14.536000,0.039278
10827,14.536000,14.536000,0.039278
10828,14.536000,14.536000,0.039278
10829,14.536000,14.536000,0.039278
10830,14.536000,14.536000,0.039278
10831,14.536000,14.536000,0.039278
10832,14.536000,14.536000,0.039278
10833,14.536000,14.536000,0.039278
10834,14.536000,14.536000,0.039278
10835,14.536000,14.536000,0.039278
10836,14.536000,14.536000,0.039278
10837,14.536000,14.536000,0.039278
10838,14.536000,14.536000,0.039278
10839,14.536000,14.536000,0.039278
10840,14.536000,14.536000,0.039278
10841,14.536000,14.536000,0.039278
10842,14.536000,14.536000,0.039278
10843,14.536000,14.536000,0.039278
10844,14.536000,14.536000,0.039278
10845,14.536000,14.536000,0.039278
10846,14.536000,14.536000,0.039278
10847,14.536000,14.536000,0.039278
10848,14.536000,14.536000,0.039278
10849,14.536000,14.536000,0.039278
10850,14.536000,14.536000,0.039278
10851,14.536000,14.536000,0.039278
10852,14.536000,14.536000,0.039278
10853,14.536000,14.536000,0.039278
10854,14.536000,14.536000,0.039278
10855,14.536000,14.536000,0.039278
10856,14.536000,14.536000,0.039278
10857,14.536000,14.536000,0.039278
10858,14.536000,14.536000,0.039278
10859,14.536000,14.536000,0.039278
10860,14.536000,14.536000,0.039278
10861,14.536000,14.536000,0.039278
10862,14.536000,14.536000,0.039278
10863,14.536000,14.536000,0.039278
10864,14.536000,14.536000,0.039278
10865,14.536000,14.536000,0.039278
10866,14.536000,14.536000,0.039278
10867,14.536000,14.536000,0.039278
10868,14.536000,14.536000,0.039278
10869,14.536000,14.536000,0.039278
10870,14.536000,14.536000,0.039278
10871,14.536000,14.536000,0.039278
10872,14.536000,14.536000,0.039278
10873,14.536000,14.536000,0.039278
10874,14.536000,14.536000,0.039278
10875,14.536000,14.536000,0.039278
10876,14.536000,14.536000,0.039278
10877,14.536000,14.536000,0.039278
10878,14.536000,14.536000,0.039278
10879,14.536000,14.536000,0.039278
10880,14.536000,14.536000,0.039278
10881,14.536000,14.536000,0.039278
10882,14.536000,14.536000,0.039278
10883,14.536000,14.536000,0.039278
10884,14.536000,14.536000,0.039278
10885,14.536000,14.536000,0.039278
10886,14.536000,14.536000,0.039278
10887,14.536000,14.536000,0.039278
10888,14.536000,14.536000,0.039278
10889,14.536000,14.536000,0.039278
10890,14.536000,14.536000,0.039278
10891,14.536000,14.536000,0.039278
10892,14.536000,14.536000,0.039278
10893,14.536000,14.536000,0.039278
10894,14.536000,14.536000,0.039278
10895,14.536000,14.536000,0.039278
10896,14.536000,14.536000,0.039278
10897,14.536000,14.536000,0.039278
10898,14.536000,14.536000,0.039278
10899,14.536000,14.536000,0.039278
10900,14.536000,14.536000,0.039278
10901,14.536000,14.536000,0.037314
10902,14.536000,14.536000,0.037314
10903,14.536000,14.536000,0.037314
10904,14.536000,14.536000,0.037314
10905,14.536000,14.536000,0.037314
10906,14.536000,14.536000,0.037314
10907,14.536000,14.536000,0.037314
10908,14.536000,14.536000,0.037314
10909,14.536000,14.536000,0.037314
10910,14.536000,14.536000,0.037314
10911,14.536000,14.536000,0.037314
10912,14.536000,14.536000,0.037314
10913,14.536000,14.536000,0.037314
10914,14.536000,14.536000,0.037314
10915,14.536000,14.536000,0.037314
10916,14.536000,14.536000,0.037314
10917,14.536000,14.536000,0.037314
10918,14.536000,14.536000,0.037314
10919,14.536000,14.536000,0.037314
10920,14.536000,14.536000,0.037314
10921,14.536000,14.536000,0.037314
10922,14.536000,14.536000,0.037314
10923,14.536000,14.536000,0.037314
10924,14.536000,14.536000,0.037314
10925,14.536000,14.536000,0.037314
10926,14.536000,14.536000,0.037314
10927,14.536000,14.536000,0.037314
10928,14.536000,14.536000,0.037314
10929,14.536000,14.536000,0.037314
10930,14.536000,14.536000,0.037314
10931,14.536000,14.536000,0.037314
10932,14.536000,14.536000,0.037314
10933,14.536000,14.536000,0.037314
10934,14.536000,14.536000,0.037314
10935,14.536000,14.536000,0.037314
10936,14.536000,14.536000,0.037314
10937,14.536000,14.536000,0.037314
10938,14.536000,14.536000,0.037314
10939,14.536000,14.536000,0.037314
10940,14.536000,14.536000,0.037314
10941,14.536000,14.536000,0.037314
10942,14.536000,14.536000,0.037314
10943,14.536000,14.536000,0.037314
10944,14.536000,14.536000,0.037314
10945,14.536000,14.536000,0.037314
10946,14.536000,14.536000,0.037314
10947,14.536000,14.536000,0.037314
10948,14.536000,14.536000,0.037314
10949,14.536000,14.536000,0.037314
10950,14.536000,14.536000,0.037314
10951,14.536000,14.536000,0.037314
10952,14.536000,14.536000,0.037314
10953,14.536000,14.536000,0.037314
10954,14.536000,14.536000,0.037314
10955,14.536000,14.536000,0.037314
10956,14.536000,14.536000,0.037314
10957,14.536000,14.536000,0.037314
10958,14.536000,14.536000,0.037314
10959,14.536000,14.536000,0.037314
10960,14.536000,14.536000,0.037314
10961,14.536000,14.536000,0.037314
10962,14.536000,14.536000,0.037314
10963,14.536000,14.536000,0.037314
10964,14.536000,14.536000,0.037314
10965,14.536000,14.536000,0.037314
10966,14.536000,14.536000,0.037314
10967,14.536000,14.536000,0.037314
10968,14.536000,14.536000,0.037314
10969,14.536000,14.536000,0.037314
10970,14.536000,14.536000,0.037314
10971,14.536000,14.536000,0.037314
10972,14.536000,14.536000,0.037314
10973,14.536000,14.536000,0.037314
10974,14.536000,14.536000,0.037314
10975,14.536000,14.536000,0.037314
10976,14.536000,14.536000,0.037314
10977,14.536000,14.536000,0.037314
10978,14.536000,14.536000,0.037314
10979,14.536000,14.536000,0.037314
10980,14.536000,14.536000,0.037314
10981,14.536000,14.536000,0.037314
10982,14.536000,14.536000,0.037314
10983,14.536000,14.536000,0.037314
10984,14.536000,14.536000,0.037314
10985,14.536000,14.536000,0.037314
10986,14.536000,14.536000,0.037314
10987,14.536000,14.536000,0.037314
10988,14.536000,14.536000,0.037314
10989,14.536000,14.536000,0.037314
10990,14.536000,14.536000,0.037314
10991,14.536000,14.536000,0.037314
10992,14.536000,14.536000,0.037314
10993,14.536000,14.536000,0.037314
10994,14.536000,14.536000,0.037314
10995,14.536000,14.536000,0.037314
10996,14.536000,14.536000,0.037314
10997,14.536000,14.536000,0.037314
10998,14.536000,14.536000,0.037314
10999,14.536000,14.536000,0.037314
11000,14.536000,14.536000,0.037314
11001,14.536000,14.536000,0.035448
11002,14.536000,14.536000,0.035448
11003,14.536000,14.536000,0.035448
11004,14.536000,14.536000,0.035448
11005,14.536000,14.536000,0.035448
11006,14.536000,14.536000,0.035448
11007,14.536000,14.536000,0.035448
11008,14.536000,14.536000,0.035448
11009,14.536000,14.536000,0.035448
11010,14.536000,14.536000,0.035448
11011,14.536000,14.536000,0.035448
11012,14.536000,14.536000,0.035448
11013,14.536000,14.536000,0.035448
11014,14.536000,14.536000,0.035448
11015,14.536000,14.536000,0.035448
11016,14.536000,14.536000,0.035448
11017,14.536000,14.536000,0.035448
11018,14.536000,14.536000,0.035448
11019,14.536000,14.536000,0.035448
11020,14.536000,14.536000,0.035448
11021,14.536000,14.536000,0.035448
11022,14.536000,14.536000,0.035448
11023,14.536000,14.536000,0.035448
11024,14.536000,14.536000,0.035448
11025,14.536000,14.536000,0.035448
11026,14.536000,14.536000,0.035448
11027,14.536000,14.536000,0.035448
11028,14.536000,14.536000,0.035448
11029,14.536000,14.536000,0.035448
11030,14.536000,14.536000,0.035448
11031,14.536000,14.536000,0.035448
11032,14.536000,14.536000,0.035448
11033,14.536000,14.536000,0.035448
11034,14.536000,14.536000,0.035448
11035,14.536000,14.536000,0.035448
11036,14.536000,14.536000,0.035448
11037,14.536000,14.536000,0.035448
11038,14.536000,14.536000,0.035448
11039,14.536000,14.536000,0.035448
11040,14.536000,14.536000,0.035448
11041,14.536000,14.536000,0.035448
11042,14.536000,14.536000,0.035448
11043,14.536000,14.536000,0.035448
11044,14.536000,14.536000,0.035448
11045,14.536000,14.536000,0.035448
11046,14.536000,14.536000,0.035448
11047,14.536000,14.536000,0.035448
11048,14.536000,14.536000,0.035448
11049,14.536000,14.536000,0.035448
11050,14.536000,14.536000,0.035448
11051,14.536000,14.536000,0.035448
11052,14.536000,14.536000,0.035448
11053,14.536000,14.536000,0.035448
11054,14.536000,14.536000,0.035448
11055,14.536000,14.536000,0.035448
11056,14.536000,14.536000,0.035448
11057,14.536000,14.536000,0.035448
11058,14.536000,14.536000,0.035448
11059,14.536000,14.536000,0.035448
11060,14.536000,14.536000,0.035448
11061,14.536000,14.536000,0.035448
11062,14.536000,14.536000,0.035448
11063,14.536000,14.536000,0.035448
11064,14.536000,14.536000,0.035448
11065,14.536000,14.536000,0.035448
11066,14.536000,14.536000,0.035448
11067,14.536000,14.536000,0.035448
11068,14.536000,14.536000,0.035448
11069,14.536000,14.536000,0.035448
11070,14.536000,14.536000,0.035448
11071,14.536000,14.536000,0.035448
11072,14.536000,14.536000,0.035448
11073,14.536000,14.536000,0.035448
11074,14.536000,14.536000,0.035448
11075,14.536000,14.536000,0.035448
11076,14.536000,14.536000,0.035448
11077,14.536000,14.536000,0.035448
11078,14.536000,14.536000,0.035448
11079,14.536000,14.536000,0.035448
11080,14.536000,14.536000,0.035448
11081,14.536000,14.536000,0.035448
11082,14.536000,14.536000,0.035448
11083,14.536000,14.536000,0.035448
11084,14.536000,14.536000,0.035448
11085,14.536000,14.536000,0.035448
11086,14.536000,14.536000,0.035448
11087,14.536000,14.536000,0.035448
11088,14.536000,14.536000,0.035448
11089,14.536000,14.536000,0.035448
11090,14.536000,14.536000,0.035448
11091,14.536000,14.536000,0.035448
11092,14.536000,14.536000,0.035448
11093,14.536000,14.536000,0.035448
11094,14.536000,14.536000,0.035448
11095,14.536000,14.536000,0.035448
11096,14.536000,14.536000,0.035448
11097,14.536000,14.536000,0.035448
11098,14.536000,14.536000,0.035448
11099,14.536000,14.536000,0.035448
11100,14.536000,14.536000,0.035448
11101,14.536000,14.536000,0.033676
11102,14.536000,14.536000,0.033676
11103,14.536000,14.536000,0.033676
11104,14.536000,14.536000,0.033676
11105,14.536000,14.536000,0.033676
11106,14.536000,14.536000,0.033676
11107,14.536000,14.536000,0.033676
11108,14.536000,14.536000,0.033676
11109,14.536000,14.536000,0.033676
11110,14.536000,14.536000,0.033676
11111,14.536000,14.536000,0.033676
11112,14.536000,14.536000,0.033676
11113,14.536000,14.536000,0.033676
11114,14.536000,14.536000,0.033676
11115,14.536000,14.536000,0.033676
11116,14.536000,14.536000,0.033676
11117,14.536000,14.536000,0.033676
11118,14.536000,14.536000,0.033676
11119,14.536000,14.536000,0.033676
11120,14.536000,14.536000,0.033676
11121,14.536000,14.536000,0.033676
11122,14.536000,14.536000,0.033676
11123,14.536000,14.536000,0.033676
11124,14.536000,14.536000,0.033676
11125,14.536000,14.536000,0.033676
11126,14.536000,14.536000,0.033676
11127,14.536000,14.536000,0.033676
11128,14.536000,14.536000,0.033676
11129,14.536000,14.536000,0.033676
11130,14.536000,14.536000,0.033676
11131,14.536000,14.536000,0.033676
11132,14.536000,14.536000,0.033676
11133,14.536000,14.536000,0.033676
11134,14.536000,14.536000,0.033676
11135,14.536000,14.536000,0.033676
11136,14.536000,14.536000,0.033676
11137,14.536000,14.536000,0.033676
11138,14.536000,14.536000,0.033676
11139,14.536000,14.536000,0.033676
11140,14.536000,14.536000,0.033676
11141,14.536000,14.536000,0.033676
11142,14.536000,14.536000,0.033676
11143,14.536000,14.536000,0.033676
11144,14.536000,14.536000,0.033676
11145,14.536000,14.536000,0.033676
11146,14.536000,14.536000,0.033676
11147,14.536000,14.536000,0.033676
11148,14.536000,14.536000,0.033676
11149,14.536000,14.536000,0.033676
11150,14.536000,14.536000,0.033676
11151,14.536000,14.536000,0.033676
11152,14.536000,14.536000,0.033676
11153,14.536000,14.536000,0.033676
11154,14.536000,14.536000,0.033676
11155,14.536000,14.536000,0.033676
11156,14.536000,14.536000,0.033676
11157,14.536000,14.536000,0.033676
11158,14.536000,14.536000,0.033676
11159,14.536000,14.536000,0.033676
11160,14.536000,14.536000,0.033676
11161,14.536000,14.536000,0.033676
11162,14.536000,14.536000,0.033676
11163,14.536000,14.536000,0.033676
11164,14.536000,14.536000,0.033676
11165,14.536000,14.536000,0.033676
11166,14.536000,14.536000,0.033676
11167,14.536000,14.536000,0.033676
11168,14.536000,14.536000,0.033676
11169,14.536000,14.536000,0.033676
11170,14.536000,14.536000,0.033676
11171,14.536000,14.536000,0.033676
11172,14.536000,14.536000,0.033676
11173,14.536000,14.536000,0.033676
11174,14.536000,14.536000,0.033676
11175,14.536000,14.536000,0.033676
11176,14.536000,14.536000,0.033676
11177,14.536000,14.536000,0.033676
11178,14.536000,14.536000,0.033676
11179,14.536000,14.536000,0.033676
11180,14.536000,14.536000,0.033676
11181,14.536000,14.536000,0.033676
11182,14.536000,14.536000,0.033676
11183,14.536000,14.536000,0.033676
11184,14.536000,14.536000,0.033676
11185,14.536000,14.536000,0.033676
11186,14.536000,14.536000,0.033676
11187,14.536000,14.536000,0.033676
11188,14.536000,14.536000,0.033676
11189,14.536000,14.536000,0.033676
11190,14.536000,14.536000,0.033676
11191,14.536000,14.536000,0.033676
11192,14.536000,14.536000,0.033676
11193,14.536000,14.536000,0.033676
11194,14.536000,14.536000,0.033676
11195,14.536000,14.536000,0.033676
11196,14.536000,14.536000,0.033676
11197,14.536000,14.536000,0.033676
11198,14.536000,14.536000,0.033676
11199,14.536000,14.536000,0.033676
11200,14.536000,14.536000,0.033676
11201,14.536000,14.536000,0.031992
11202,14.536000,14.536000,0.031992
11203,14.536000,14.536000,0.031992
11204,14.536000,14.536000,0.031992
11205,14.536000,14.536000,0.031992
11206,14.536000,14.536000,0.031992
11207,14.536000,14.536000,0.031992
11208,14.536000,14.536000,0.031992
11209,14.536000,14.536000,0.031992
11210,14.536000,14.536000,0.031992
11211,14.536000,14.536000,0.031992
11212,14.536000,14.536000,0.031992
11213,14.536000,14.536000,0.031992
11214,14.536000,14.536000,0.031992
11215,14.536000,14.536000,0.031992
11216,14.536000,14.536000,0.031992
11217,14.536000,14.536000,0.031992
11218,14.536000,14.536000,0.031992
11219,14.536000,14.536000,0.031992
11220,14.536000,14.536000,0.031992
11221,14.536000,14.536000,0.031992
11222,14.536000,14.536000,0.031992
11223,14.536000,14.536000,0.031992
11224,14.536000,14.536000,0.031992
11225,14.536000,14.536000,0.031992
11226,14.536000,14.536000,0.031992
11227,14.536000,14.536000,0.031992
11228,14.536000,14.536000,0.031992
11229,14.536000,14.536000,0.031992
11230,14.536000,14.536000,0.031992
11231,14.536000,14.536000,0.031992
11232,14.536000,14.536000,0.031992
11233,14.536000,14.536000,0.031992
11234,14.536000,14.536000,0.031992
11235,14.536000,14.536000,0.031992
11236,14.536000,14.536000,0.031992
11237,14.536000,14.536000,0.031992
11238,14.536000,14.536000,0.031992
11239,14.536000,14.536000,0.031992
11240,14.536000,14.536000,0.031992
11241,14.536000,14.536000,0.031992
11242,14.536000,14.536000,0.031992
11243,14.536000,14.536000,0.031992
11244,14.536000,14.536000,0.031992
11245,14.536000,14.536000,0.031992
11246,14.536000,14.536000,0.031992
11247,14.536000,14.536000,0.031992
11248,14.536000,14.536000,0.031992
11249,14.536000,14.536000,0.031992
11250,14.536000,14.536000,0.031992
11251,14.536000,14.536000,0.031992
11252,14.536000,14.536000,0.031992
11253,14.536000,14.536000,0.031992
11254,14.536000,14.536000,0.031992
11255,14.536000,14.536000,0.031992
11256,14.536000,14.536000,0.031992
11257,14.536000,14.536000,0.031992
11258,14.536000,14.536000,0.031992
11259,14.536000,14.536000,0.031992
11260,14.536000,14.536000,0.031992
11261,14.536000,14.536000,0.031992
11262,14.536000,14.536000,0.031992
11263,14.536000,14.536000,0.031992
11264,14.536000,14.536000,0.031992
11265,14.536000,14.536000,0.031992
11266,14.536000,14.536000,0.031992
11267,14.536000,14.536000,0.031992
11268,14.536000,14.536000,0.031992
11269,14.536000,14.536000,0.031992
11270,14.536000,14.536000,0.031992
11271,14.536000,14.536000,0.031992
11272,14.536000,14.536000,0.031992
11273,14.536000,14.536000,0.031992
11274,14.536000,14.536000,0.031992
11275,14.536000,14.536000,0.031992
11276,14.536000,14.536000,0.031992
11277,14.536000,14.536000,0.031992
11278,14.536000,14.536000,0.031992
11279,14.536000,14.536000,0.031992
11280,14.536000,14.536000,0.031992
11281,14.536000,14.536000,0.031992
11282,14.536000,14.536000,0.031992
11283,14.536000,14.536000,0.031992
11284,14.536000,14.536000,0.031992
11285,14.536000,14.536000,0.031992
11286,14.536000,14.536000,0.031992
11287,14.536000,14.536000,0.031992
11288,14.536000,14.536000,0.031992
11289,14.536000,14.536000,0.031992
11290,14.536000,14.536000,0.031992
11291,14.536000,14.536000,0.031992
11292,14.536000,14.536000,0.031992
11293,14.536000,14.536000,0.031992
11294,14.536000,14.536000,0.031992
11295,14.536000,14.536000,0.031992
11296,14.536000,14.536000,0.031992
11297,14.536000,14.536000,0.031992
11298,14.536000,14.536000,0.031992
11299,14.536000,14.536000,0.031992
11300,14.536000,14.536000,0.031992
11301,14.536000,14.536000,0.030393
11302,14.536000,14.536000,0.030393
11303,14.536000,14.536000,0.030393
11304,14.536000,14.536000,0.030393
11305,14.536000,14.536000,0.030393
11306,14.536000,14.536000,0.030393
11307,14.536000,14.536000,0.030393
11308,14.536000,14.536000,0.030393
11309,14.536000,14.536000,0.030393
11310,14.536000,14.536000,0.030393
11311,14.536000,14.536000,0.030393
11312,14.536000,14.536000,0.030393
11313,14.536000,14.536000,0.030393
11314,14.536000,14.536000,0.030393
11315,14.536000,14.536000,0.030393
11316,14.536000,14.536000,0.030393
11317,14.536000,14.536000,0.030393
11318,14.536000,14.536000,0.030393
11319,14.536000,14.536000,0.030393
11320,14.536000,14.536000,0.030393
11321,14.536000,14.536000,0.030393
11322,14.536000,14.536000,0.030393
11323,14.536000,14.536000,0.030393
11324,14.536000,14.536000,0.030393
11325,14.536000,14.536000,0.030393
11326,14.536000,14.536000,0.030393
11327,14.536000,14.536000,0.030393
11328,14.536000,14.536000,0.030393
11329,14.536000,14.536000,0.030393
11330,14.536000,14.536000,0.030393
11331,14.536000,14.536000,0.030393
11332,14.536000,14.536000,0.030393
11333,14.536000,14.536000,0.030393
11334,14.536000,14.536000,0.030393
11335,14.536000,14.536000,0.030393
11336,14.536000,14.536000,0.030393
11337,14.536000,14.536000,0.030393
11338,14.536000,14.536000,0.030393
11339,14.536000,14.536000,0.030393
11340,14.536000,14.536000,0.030393
11341,14.536000,14.536000,0.030393
11342,14.536000,14.536000,0.030393
11343,14.536000,14.536000,0.030393
11344,14.536000,14.536000,0.030393
11345,14.536000,14.536000,0.030393
11346,14.536000,14.536000,0.030393
11347,14.536000,14.536000,0.030393
11348,14.536000,14.536000,0.030393
11349,14.536000,14.536000,0.030393
11350,14.536000,14.536000,0.030393
11351,14.536000,14.536000,0.030393
11352,14.536000,14.536000,0.030393
11353,14.536000,14.536000,0.030393
11354,14.536000,14.536000,0.030393
11355,14.536000,14.536000,0.030393
11356,14.536000,14.536000,0.030393
11357,14.536000,14.536000,0.030393
11358,14.536000,14.536000,0.030393
11359,14.536000,14.536000,0.030393
11360,14.536000,14.536000,0.030393
11361,14.536000,14.536000,0.030393
11362,14.536000,14.536000,0.030393
11363,14.536000,14.536000,0.030393
11364,14.536000,14.536000,0.030393
11365,14.536000,14.536000,0.030393
11366,14.536000,14.536000,0.030393
11367,14.536000,14.536000,0.030393
11368,14.536000,14.536000,0.030393
11369,14.536000,14.536000,0.030393
11370,14.536000,14.536000,0.030393
11371,14.536000,14.536000,0.030393
11372,14.536000,14.536000,0.030393
11373,14.536000,14.536000,0.030393
11374,14.536000,14.536000,0.030393
11375,14.536000,14.536000,0.030393
11376,14.536000,14.536000,0.030393
11377,14.536000,14.536000,0.030393
11378,14.536000,14.536000,0.030393
11379,14.536000,14.536000,0.030393
11380,14.536000,14.536000,0.030393
11381,14.536000,14.536000,0.030393
11382,14.536000,14.536000,0.030393
11383,14.536000,14.536000,0.030393
11384,14.536000,14.536000,0.030393
11385,14.536000,14.536000,0.030393
11386,14.536000,14.536000,0.030393
11387,14.536000,14.536000,0.030393
11388,14.536000,14.536000,0.030393
11389,14.536000,14.536000,0.030393
11390,14.536000,14.536000,0.030393
11391,14.536000,14.536000,0.030393
11392,14.536000,14.536000,0.030393
11393,14.536000,14.536000,0.030393
11394,14.536000,14.536000,0.030393
11395,14.536000,14.536000,0.030393
11396,14.536000,14.536000,0.030393
11397,14.536000,14.536000,0.030393
11398,14.536000,14.536000,0.030393
11399,14.536000,14.536000,0.030393
11400,14.536000,14.536000,0.030393
11401,14.536000,14.536000,0.028873
11402,14.536000,14.536000,0.028873
11403,14.536000,14.536000,0.028873
11404,14.536000,14.536000,0.028873
11405,14.536000,14.536000,0.028873
11406,14.536000,14.536000,0.028873
11407,14.536000,14.536000,0.028873
11408,14.536000,14.536000,0.028873
11409,14.536000,14.536000,0.028873
11410,14.536000,14.536000,0.028873
11411,14.536000,14.536000,0.028873
11412,14.536000,14.536000,0.028873
11413,14.536000,14.536000,0.028873
11414,14.536000,14.536000,0.028873
11415,14.536000,14.536000,0.028873
11416,14.536000,14.536000,0.028873
11417,14.536000,14.536000,0.028873
11418,14.536000,14.536000,0.028873
11419,14.536000,14.536000,0.028873
11420,14.536000,14.536000,0.028873
11421,14.536000,14.536000,0.028873
11422,14.536000,14.536000,0.028873
11423,14.536000,14.536000,0.028873
11424,14.536000,14.536000,0.028873
11425,14.536000,14.536000,0.028873
11426,14.536000,14.536000,0.028873
11427,14.536000,14.536000,0.028873
11428,14.536000,14.536000,0.028873
11429,14.536000,14.536000,0.028873
11430,14.536000,14.536000,0.028873
11431,14.536000,14.536000,0.028873
11432,14.536000,14.536000,0.028873
11433,14.536000,14.536000,0.028873
11434,14.536000,14.536000,0.028873
11435,14.536000,14.536000,0.028873
11436,14.536000,14.536000,0.028873
11437,14.536000,14.536000,0.028873
11438,14.536000,14.536000,0.028873
11439,14.536000,14.536000,0.028873
11440,14.536000,14.536000,0.028873
11441,14.536000,14.536000,0.028873
11442,14.536000,14.536000,0.028873
11443,14.536000,14.536000,0.028873
11444,14.536000,14.536000,0.028873
11445,14.536000,14.536000,0.028873
11446,14.536000,14.536000,0.028873
11447,14.536000,14.536000,0.028873
11448,14.536000,14.536000,0.028873
11449,14.536000,14.536000,0.028873
11450,14.536000,14.536000,0.028873
11451,14.536000,14.536000,0.028873
11452,14.536000,14.536000,0.028873
11453,14.536000,14.536000,0.028873
11454,14.536000,14.536000,0.028873
11455,14.536000,14.536000,0.028873
11456,14.536000,14.536000,0.028873
11457,14.536000,14.536000,0.028873
11458,14.536000,14.536000,0.028873
11459,14.536000,14.536000,0.028873
11460,14.536000,14.536000,0.028873
11461,14.536000,14.536000,0.028873
11462,14.536000,14.536000,0.028873
11463,14.536000,14.536000,0.028873
11464,14.536000,14.536000,0.028873
11465,14.536000,14.536000,0.028873
11466,14.536000,14.536000,0.028873
11467,14.536000,14.536000,0.028873
11468,14.536000,14.536000,0.028873
11469,14.536000,14.536000,0.028873
11470,14.536000,14.536000,0.028873
11471,14.536000,14.536000,0.028873
11472,14.536000,14.536000,0.028873
11473,14.536000,14.536000,0.028873
11474,14.536000,14.536000,0.028873
11475,14.536000,14.536000,0.028873
11476,14.536000,14.536000,0.028873
11477,14.536000,14.536000,0.028873
11478,14.536000,14.536000,0.028873
11479,14.536000,14.536000,0.028873
11480,14.536000,14.536000,0.028873
11481,14.536000,14.536000,0.028873
11482,14.536000,14.536000,0.028873
11483,14.536000,14.536000,0.028873
11484,14.536000,14.536000,0.028873
11485,14.536000,14.536000,0.028873
11486,14.536000,14.536000,0.028873
11487,14.536000,14.536000,0.028873
11488,14.536000,14.536000,0.028873
11489,14.536000,14.536000,0.028873
11490,14.536000,14.536000,0.028873
11491,14.536000,14.536000,0.028873
11492,14.536000,14.536000,0.028873
11493,14.536000,14.536000,0.028873
11494,14.536000,14.536000,0.028873
11495,14.536000,14.536000,0.028873
11496,14.536000,14.536000,0.028873
11497,14.536000,14.536000,0.028873
11498,14.536000,14.536000,0.028873
11499,14.536000,14.536000,0.028873
11500,14.536000,14.536000,0.028873
11501,14.536000,14.536000,0.027429
11502,14.536000,14.536000,0.027429
11503,14.536000,14.536000,0.027429
11504,14.536000,14.536000,0.027429
11505,14.536000,14.536000,0.027429
11506,14.536000,14.536000,0.027429
11507,14.536000,14.536000,0.027429
11508,14.536000,14.536000,0.027429
11509,14.536000,14.536000,0.027429
11510,14.536000,14.536000,0.027429
11511,14.536000,14.536000,0.027429
11512,14.536000,14.536000,0.027429
11513,14.536000,14.536000,0.027429
11514,14.536000,14.536000,0.027429
11515,14.536000,14.536000,0.027429
11516,14.536000,14.536000,0.027429
11517,14.536000,14.536000,0.027429
11518,14.536000,14.536000,0.027429
11519,14.536000,14.536000,0.027429
11520,14.536000,14.536000,0.027429
11521,14.536000,14.536000,0.027429
11522,14.536000,14.536000,0.027429
11523,14.536000,14.536000,0.027429
11524,14.536000,14.536000,0.027429
11525,14.536000,14.536000,0.027429
11526,14.536000,14.536000,0.027429
11527,14.536000,14.536000,0.027429
11528,14.536000,14.536000,0.027429
11529,14.536000,14.536000,0.027429
11530,14.536000,14.536000,0.027429
11531,14.536000,14.536000,0.027429
11532,14.536000,14.536000,0.027429
11533,14.536000,14.536000,0.027429
11534,14.536000,14.536000,0.027429
11535,14.536000,14.536000,0.027429
11536,14.536000,14.536000,0.027429
11537,14.536000,14.536000,0.027429
11538,14.536000,14.536000,0.027429
11539,14.536000,14.536000,0.027429
11540,14.536000,14.536000,0.027429
11541,14.536000,14.536000,0.027429
11542,14.536000,14.536000,0.027429
11543,14.536000,14.536000,0.027429
11544,14.536000,14.536000,0.027429
11545,14.536000,14.536000,0.027429
11546,14.536000,14.536000,0.027429
11547,14.536000,14.536000,0.027429
11548,14.536000,14.536000,0.027429
11549,14.536000,14.536000,0.027429
11550,14.536000,14.536000,0.027429
11551,14.536000,14.536000,0.027429
11552,14.536000,14.536000,0.027429
11553,14.536000,14.536000,0.027429
11554,14.536000,14.536000,0.027429
11555,14.536000,14.536000,0.027429
11556,14.536000,14.536000,0.027429
11557,14.536000,14.536000,0.027429
11558,14.536000,14.536000,0.027429
11559,14.536000,14.536000,0.027429
11560,14.536000,14.536000,0.027429
11561,14.536000,14.536000,0.027429
11562,14.536000,14.536000,0.027429
11563,14.536000,14.536000,0.027429
11564,14.536000,14.536000,0.027429
11565,14.536000,14.536000,0.027429
11566,14.536000,14.536000,0.027429
11567,14.536000,14.536000,0.027429
11568,14.536000,14.536000,0.027429
11569,14.536000,14.536000,0.027429
11570,14.536000,14.536000,0.027429
11571,14.536000,14.536000,0.027429
11572,14.536000,14.536000,0.027429
11573,14.536000,14.536000,0.027429
11574,14.536000,14.536000,0.027429
11575,14.536000,14.536000,0.027429
11576,14.536000,14.536000,0.027429
11577,14.536000,14.536000,0.027429
11578,14.536000,14.536000,0.027429
11579,14.536000,14.536000,0.027429
11580,14.536000,14.536000,0.027429
11581,14.536000,14.536000,0.027429
11582,14.536000,14.536000,0.027429
11583,14.536000,14.536000,0.027429
11584,14.536000,14.536000,0.027429
11585,14.536000,14.536000,0.027429
11586,14.536000,14.536000,0.027429
11587,14.536000,14.536000,0.027429
11588,14.536000,14.536000,0.027429
11589,14.536000,14.536000,0.027429
11590,14.536000,14.536000,0.027429
11591,14.536000,14.536000,0.027429
11592,14.536000,14.536000,0.027429
11593,14.536000,14.536000,0.027429
11594,14.536000,14.536000,0.027429
11595,14.536000,14.536000,0.027429
11596,14.536000,14.536000,0.027429
11597,14.536000,14.536000,0.027429
11598,14.536000,14.536000,0.027429
11599,14.536000,14.536000,0.027429
11600,14.536000,14.536000,0.027429
11601,14.536000,14.536000,0.026058
11602,14.536000,14.536000,0.026058
11603,14.536000,14.536000,0.026058
11604,14.536000,14.536000,0.026058
11605,14.536000,14.536000,0.026058
11606,14.536000,14.536000,0.026058
11607,14.536000,14.536000,0.026058
11608,14.536000,14.536000,0.026058
11609,14.536000,14.536000,0.026058
11610,14.536000,14.536000,0.026058
11611,14.536000,14.536000,0.026058
11612,14.536000,14.536000,0.026058
11613,14.536000,14.536000,0.026058
11614,14.536000,14.536000,0.026058
11615,14.536000,14.536000,0.026058
11616,14.536000,14.536000,0.026058
11617,14.536000,14.536000,0.026058
11618,14.536000,14.536000,0.026058
11619,14.536000,14.536000,0.026058
11620,14.536000,14.536000,0.026058
11621,14.536000,14.536000,0.026058
11622,14.536000,14.536000,0.026058
11623,14.536000,14.536000,0.026058
11624,14.536000,14.536000,0.026058
11625,14.536000,14.536000,0.026058
11626,14.536000,14.536000,0.026058
11627,14.536000,14.536000,0.026058
11628,14.536000,14.536000,0.026058
11629,14.536000,14.536000,0.026058
11630,14.536000,14.536000,0.026058
11631,14.536000,14.536000,0.026058
11632,14.536000,14.536000,0.026058
11633,14.536000,14.536000,0.026058
11634,14.536000,14.536000,0.026058
11635,14.536000,14.536000,0.026058
11636,14.536000,14.536000,0.026058
11637,14.536000,14.536000,0.026058
11638,14.536000,14.536000,0.026058
11639,14.536000,14.536000,0.026058
11640,14.536000,14.536000,0.026058
11641,14.536000,14.536000,0.026058
11642,14.536000,14.536000,0.026058
11643,14.536000,14.536000,0.026058
11644,14.536000,14.536000,0.026058
11645,14.536000,14.536000,0.026058
11646,14.536000,14.536000,0.026058
11647,14.536000,14.536000,0.026058
11648,14.536000,14.536000,0.026058
11649,14.536000,14.536000,0.026058
11650,14.536000,14.536000,0.026058
11651,14.536000,14.536000,0.026058
11652,14.536000,14.536000,0.026058
11653,14.536000,14.536000,0.026058
11654,14.536000,14.536000,0.026058
11655,14.536000,14.536000,0.026058
11656,14.536000,14.536000,0.026058
11657,14.536000,14.536000,0.026058
11658,14.536000,14.536000,0.026058
11659,14.536000,14.536000,0.026058
11660,14.536000,14.536000,0.026058
11661,14.536000,14.536000,0.026058
11662,14.536000,14.536000,0.026058
11663,14.536000,14.536000,0.026058
11664,14.536000,14.536000,0.026058
11665,14.536000,14.536000,0.026058
11666,14.536000,14.536000,0.026058
11667,14.536000,14.536000,0.026058
11668,14.536000,14.536000,0.026058
11669,14.536000,14.536000,0.026058
11670,14.536000,14.536000,0.026058
11671,14.536000,14.536000,0.026058
11672,14.536000,14.536000,0.026058
11673,14.536000,14.536000,0.026058
11674,14.536000,14.536000,0.026058
11675,14.536000,14.536000,0.026058
11676,14.536000,14.536000,0.026058
11677,14.536000,14.536000,0.026058
11678,14.536000,14.536000,0.026058
11679,14.536000,14.536000,0.026058
11680,14.536000,14.536000,0.026058
11681,14.536000,14.536000,0.026058
11682,14.536000,14.536000,0.026058
11683,14.536000,14.536000,0.026058
11684,14.536000,14.536000,0.026058
11685,14.536000,14.536000,0.026058
11686,14.536000,14.536000,0.026058
11687,14.536000,14.536000,0.026058
11688,14.536000,14.536000,0.026058
11689,14.536000,14.536000,0.026058
11690,14.536000,14.536000,0.026058
11691,14.536000,14.536000,0.026058
11692,14.536000,14.536000,0.026058
11693,14.536000,14.536000,0.026058
11694,14.536000,14.536000,0.026058
11695,14.536000,14.536000,0.026058
11696,14.536000,14.536000,0.026058
11697,14.536000,14.536000,0.026058
11698,14.536000,14.536000,0.026058
11699,14.536000,14.536000,0.026058
11700,14.536000,14.536000,0.026058
11701,14.536000,14.536000,0.024755
11702,14.536000,14.536000,0.024755
11703,14.536000,14.536000,0.024755
11704,14.536000,14.536000,0.024755
11705,14.536000,14.536000,0.024755
11706,14.536000,14.536000,0.024755
11707,14.536000,14.536000,0.024755
11708,14.536000,14.536000,0.024755
11709,14.536000,14.536000,0.024755
11710,14.536000,14.536000,0.024755
11711,14.536000,14.536000,0.024755
11712,14.536000,14.536000,0.024755
11713,14.536000,14.536000,0.024755
11714,14.536000,14.536000,0.024755
11715,14.536000,14.536000,0.024755
11716,14.536000,14.536000,0.024755
11717,14.536000,14.536000,0.024755
11718,14.536000,14.536000,0.024755
11719,14.536000,14.536000,0.024755
11720,14.536000,14.536000,0.024755
11721,14.536000,14.536000,0.024755
11722,14.536000,14.536000,0.024755
11723,14.536000,14.536000,0.024755
11724,14.536000,14.536000,0.024755
11725,14.536000,14.536000,0.024755
11726,14.536000,14.536000,0.024755
11727,14.536000,14.536000,0.024755
11728,14.536000,14.536000,0.024755
11729,14.536000,14.536000,0.024755
11730,14.536000,14.536000,0.024755
11731,14.536000,14.536000,0.024755
11732,14.536000,14.536000,0.024755
11733,14.536000,14.536000,0.024755
11734,14.536000,14.536000,0.024755
11735,14.536000,14.536000,0.024755
11736,14.536000,14.536000,0.024755
11737,14.536000,14.536000,0.024755
11738,14.536000,14.536000,0.024755
11739,14.536000,14.536000,0.024755
11740,14.536000,14.536000,0.024755
11741,14.536000,14.536000,0.024755
11742,14.536000,14.536000,0.024755
11743,14.536000,14.536000,0.024755
11744,14.536000,14.536000,0.024755
11745,14.536000,14.536000,0.024755
11746,14.536000,14.536000,0.024755
11747,14.536000,14.536000,0.024755
11748,14.536000,14.536000,0.024755
11749,14.536000,14.536000,0.024755
11750,14.536000,14.536000,0.024755
11751,14.536000,14.536000,0.024755
11752,14.536000,14.536000,0.024755
11753,14.536000,14.536000,0.024755
11754,14.536000,14.536000,0.024755
11755,14.536000,14.536000,0.024755
11756,14.536000,14.536000,0.024755
11757,14.536000,14.536000,0.024755
11758,14.536000,14.536000,0.024755
11759,14.536000,14.536000,0.024755
11760,14.536000,14.536000,0.024755
11761,14.536000,14.536000,0.024755
11762,14.536000,14.536000,0.024755
11763,14.536000,14.536000,0.024755
11764,14.536000,14.536000,0.024755
11765,14.536000,14.536000,0.024755
11766,14.536000,14.536000,0.024755
11767,14.536000,14.536000,0.024755
11768,14.536000,14.536000,0.024755
11769,14.536000,14.536000,0.024755
11770,14.536000,14.536000,0.024755
11771,14.536000,14.536000,0.024755
11772,14.536000,14.536000,0.024755
11773,14.536000,14.536000,0.024755
11774,14.536000,14.536000,0.024755
11775,14.536000,14.536000,0.024755
11776,14.536000,14.536000,0.024755
11777,14.536000,14.536000,0.024755
11778,14.536000,14.536000,0.024755
11779,14.536000,14.536000,0.024755
11780,14.536000,14.536000,0.024755
11781,14.536000,14.536000,0.024755
11782,14.536000,14.536000,0.024755
11783,14.536000,14.536000,0.024755
11784,14.536000,14.536000,0.024755
11785,14.536000,14.536000,0.024755
11786,14.536000,14.536000,0.024755
11787,14.536000,14.536000,0.024755
11788,14.536000,14.536000,0.024755
11789,14.536000,14.536000,0.024755
11790,14.536000,14.536000,0.024755
11791,14.536000,14.536000,0.024755
11792,14.536000,14.536000,0.024755
11793,14.536000,14.536000,0.024755
11794,14.536000,14.536000,0.024755
11795,14.536000,14.536000,0.024755
11796,14.536000,14.536000,0.024755
11797,14.536000,14.536000,0.024755
11798,14.536000,14.536000,0.024755
11799,14.536000,14.536000,0.024755
11800,14.536000,14.536000,0.024755
11801,14.536000,14.536000,0.023517
11802,14.536000,14.536000,0.023517
11803,14.536000,14.536000,0.023517
11804,14.536000,14.536000,0.023517
11805,14.536000,14.536000,0.023517
11806,14.536000,14.536000,0.023517
11807,14.536000,14.536000,0.023517
11808,14.536000,14.536000,0.023517
11809,14.536000,14.536000,0.023517
11810,14.536000,14.536000,0.023517
11811,14.536000,14.536000,0.023517
11812,14.536000,14.536000,0.023517
11813,14.536000,14.536000,0.023517
11814,14.536000,14.536000,0.023517
11815,14.536000,14.536000,0.023517
11816,14.536000,14.536000,0.023517
11817,14.536000,14.536000,0.023517
11818,14.536000,14.536000,0.023517
11819,14.536000,14.536000,0.023517
11820,14.536000,14.536000,0.023517
11821,14.536000,14.536000,0.023517
11822,14.536000,14.536000,0.023517
11823,14.536000,14.536000,0.023517
11824,14.536000,14.536000,0.023517
11825,14.536000,14.536000,0.023517
11826,14.536000,14.536000,0.023517
11827,14.536000,14.536000,0.023517
11828,14.536000,14.536000,0.023517
11829,14.536000,14.536000,0.023517
11830,14.536000,14.536000,0.023517
11831,14.536000,14.536000,0.023517
11832,14.536000,14.536000,0.023517
11833,14.536000,14.536000,0.023517
11834,14.536000,14.536000,0.023517
11835,14.536000,14.536000,0.023517
11836,14.536000,14.536000,0.023517
11837,14.536000,14.536000,0.023517
11838,14.536000,14.536000,0.023517
11839,14.536000,14.536000,0.023517
11840,14.536000,14.536000,0.023517
11841,14.536000,14.536000,0.023517
11842,14.536000,14.536000,0.023517
11843,14.536000,14.536000,0.023517
11844,14.536000,14.536000,0.023517
11845,14.536000,14.536000,0.023517
11846,14.536000,14.536000,0.023517
11847,14.536000,14.536000,0.023517
11848,14.536000,14.536000,0.023517
11849,14.536000,14.536000,0.023517
11850,14.536000,14.536000,0.023517
11851,14.536000,14.536000,0.023517
11852,14.536000,14.536000,0.023517
11853,14.536000,14.536000,0.023517
11854,14.536000,14.536000,0.023517
11855,14.536000,14.536000,0.023517
11856,14.536000,14.536000,0.023517
11857,14.536000,14.536000,0.023517
11858,14.536000,14.536000,0.023517
11859,14.536000,14.536000,0.023517
11860,14.536000,14.536000,0.023517
11861,14.536000,14.536000,0.023517
11862,14.536000,14.536000,0.023517
11863,14.536000,14.536000,0.023517
11864,14.536000,14.536000,0.023517
11865,14.536000,14.536000,0.023517
11866,14.536000,14.536000,0.023517
11867,14.536000,14.536000,0.023517
11868,14.536000,14.536000,0.023517
11869,14.536000,14.536000,0.023517
11870,14.536000,14.536000,0.023517
11871,14.536000,14.536000,0.023517
11872,14.536000,14.536000,0.023517
11873,14.536000,14.536000,0.023517
11874,14.536000,14.536000,0.023517
11875,14.536000,14.536000,0.023517
11876,14.536000,14.536000,0.023517
11877,14.536000,14.536000,0.023517
11878,14.536000,14.536000,0.023517
11879,14.536000,14.536000,0.023517
11880,14.536000,14.536000,0.023517
11881,14.536000,14.536000,0.023517
11882,14.536000,14.536000,0.023517
11883,14.536000,14.536000,0.023517
11884,14.536000,14.536000,0.023517
11885,14.536000,14.536000,0.023517
11886,14.536000,14.536000,0.023517
11887,14.536000,14.536000,0.023517
11888,14.536000,14.536000,0.023517
11889,14.536000,14.536000,0.023517
11890,14.536000,14.536000,0.023517
11891,14.536000,14.536000,0.023517
11892,14.536000,14.536000,0.023517
11893,14.536000,14.536000,0.023517
11894,14.536000,14.536000,0.023517
11895,14.536000,14.536000,0.023517
11896,14.536000,14.536000,0.023517
11897,14.536000,14.536000,0.023517
11898,14.536000,14.536000,0.023517
11899,14.536000,14.536000,0.023517
11900,14.536000,14.536000,0.023517
11901,14.536000,14.536000,0.022341
11902,14.536000,14.536000,0.022341
11903,14.536000,14.536000,0.022341
11904,14.536000,14.536000,0.022341
11905,14.536000,14.536000,0.022341
11906,14.536000,14.536000,0.022341
11907,14.536000,14.536000,0.022341
11908,14.536000,14.536000,0.022341
11909,14.536000,14.536000,0.022341
11910,14.536000,14.536000,0.022341
11911,14.536000,14.536000,0.022341
11912,14.536000,14.536000,0.022341
11913,14.536000,14.536000,0.022341
11914,14.536000,14.536000,0.022341
11915,14.536000,14.536000,0.022341
11916,14.536000,14.536000,0.022341
11917,14.536000,14.536000,0.022341
11918,14.536000,14.536000,0.022341
11919,14.536000,14.536000,0.022341
11920,14.536000,14.536000,0.022341
11921,14.536000,14.536000,0.022341
11922,14.536000,14.536000,0.022341
11923,14.536000,14.536000,0.022341
11924,14.536000,14.536000,0.022341
11925,14.536000,14.536000,0.022341
11926,14.536000,14.536000,0.022341
11927,14.536000,14.536000,0.022341
11928,14.536000,14.536000,0.022341
11929,14.536000,14.536000,0.022341
11930,14.536000,14.536000,0.022341
11931,14.536000,14.536000,0.022341
11932,14.536000,14.536000,0.022341
11933,14.536000,14.536000,0.022341
11934,14.536000,14.536000,0.022341
11935,14.536000,14.536000,0.022341
11936,14.536000,14.536000,0.022341
11937,14.536000,14.536000,0.022341
11938,14.536000,14.536000,0.022341
11939,14.536000,14.536000,0.022341
11940,14.536000,14.536000,0.022341
11941,14.536000,14.536000,0.022341
11942,14.536000,14.536000,0.022341
11943,14.536000,14.536000,0.022341
11944,14.536000,14.536000,0.022341
11945,14.536000,14.536000,0.022341
11946,14.536000,14.536000,0.022341
11947,14.536000,14.536000,0.022341
11948,14.536000,14.536000,0.022341
11949,14.536000,14.536000,0.022341
11950,14.536000,14.536000,0.022341
11951,14.536000,14.536000,0.022341
11952,14.536000,14.536000,0.022341
11953,14.536000,14.536000,0.022341
11954,14.536000,14.536000,0.022341
11955,14.536000,14.536000,0.022341
11956,14.536000,14.536000,0.022341
11957,14.536000,14.536000,0.022341
11958,14.536000,14.536000,0.022341
11959,14.536000,14.536000,0.022341
11960,14.536000,14.536000,0.022341
11961,14.536000,14.536000,0.022341
11962,14.536000,14.536000,0.022341
11963,14.536000,14.536000,0.022341
11964,14.536000,14.536000,0.022341
11965,14.536000,14.536000,0.022341
11966,14.536000,14.536000,0.022341
11967,14.536000,14.536000,0.022341
11968,14.536000,14.536000,0.022341
11969,14.536000,14.536000,0.022341
11970,14.536000,14.536000,0.022341
11971,14.536000,14.536000,0.022341
11972,14.536000,14.536000,0.022341
11973,14.536000,14.536000,0.022341
11974,14.536000,14.536000,0.022341
11975,14.536000,14.536000,0.022341
11976,14.536000,14.536000,0.022341
11977,14.536000,14.536000,0.022341
11978,14.536000,14.536000,0.022341
11979,14.536000,14.536000,0.022341
11980,14.536000,14.536000,0.022341
11981,14.536000,14.536000,0.022341
11982,14.536000,14.536000,0.022341
11983,14.536000,14.536000,0.022341
11984,14.536000,14.536000,0.022341
11985,14.536000,14.536000,0.022341
11986,14.536000,14.536000,0.022341
11987,14.536000,14.536000,0.022341
11988,14.536000,14.536000,0.022341
11989,14.536000,14.536000,0.022341
11990,14.536000,14.536000,0.022341
11991,14.536000,14.536000,0.022341
11992,14.536000,14.536000,0.022341
11993,14.536000,14.536000,0.022341
11994,14.536000,14.536000,0.022341
11995,14.536000,14.536000,0.022341
11996,14.536000,14.536000,0.022341
11997,14.536000,14.536000,0.022341
11998,14.536000,14.536000,0.022341
11999,14.536000,14.536000,0.022341
12000,14.536000,14.536000,0.022341
12001,14.536000,14.536000,0.021224
12002,14.536000,14.536000,0.021224
12003,14.536000,14.536000,0.021224
12004,14.536000,14.536000,0.021224
12005,14.536000,14.536000,0.021224
12006,14.536000,14.536000,0.021224
12007,14.536000,14.536000,0.021224
12008,14.536000,14.536000,0.021224
12009,14.536000,14.536000,0.021224
12010,14.536000,14.536000,0.021224
12011,14.536000,14.536000,0.021224
12012,14.536000,14.536000,0.021224
12013,14.536000,14.536000,0.021224
12014,14.536000,14.536000,0.021224
12015,14.536000,14.536000,0.021224
12016,14.536000,14.536000,0.021224
12017,14.536000,14.536000,0.021224
12018,14.536000,14.536000,0.021224
12019,14.536000,14.536000,0.021224
12020,14.536000,14.536000,0.021224
12021,14.536000,14.536000,0.021224
12022,14.536000,14.536000,0.021224
12023,14.536000,14.536000,0.021224
12024,14.536000,14.536000,0.021224
12025,14.536000,14.536000,0.021224
12026,14.536000,14.536000,0.021224
12027,14.536000,14.536000,0.021224
12028,14.536000,14.536000,0.021224
12029,14.536000,14.536000,0.021224
12030,14.536000,14.536000,0.021224
12031,14.536000,14.536000,0.021224
12032,14.536000,14.536000,0.021224
12033,14.536000,14.536000,0.021224
12034,14.536000,14.536000,0.021224
12035,14.536000,14.536000,0.021224
12036,14.536000,14.536000,0.021224
12037,14.536000,14.536000,0.021224
12038,14.536000,14.536000,0.021224
12039,14.536000,14.536000,0.021224
12040,14.536000,14.536000,0.021224
12041,14.536000,14.536000,0.021224
12042,14.536000,14.536000,0.021224
12043,14.536000,14.536000,0.021224
12044,14.536000,14.536000,0.021224
12045,14.536000,14.536000,0.021224
12046,14.536000,14.536000,0.021224
12047,14.536000,14.536000,0.021224
12048,14.536000,14.536000,0.021224
12049,14.536000,14.536000,0.021224
12050,14.536000,14.536000,0.021224
12051,14.536000,14.536000,0.021224
12052,14.536000,14.536000,0.021224
12053,14.536000,14.536000,0.021224
12054,14.536000,14.536000,0.021224
12055,14.536000,14.536000,0.021224
12056,14.536000,14.536000,0.021224
12057,14.536000,14.536000,0.021224
12058,14.536000,14.536000,0.021224
12059,14.536000,14.536000,0.021224
12060,14.536000,14.536000,0.021224
12061,14.536000,14.536000,0.021224
12062,14.536000,14.536000,0.021224
12063,14.536000,14.536000,0.021224
12064,14.536000,14.536000,0.021224
12065,14.536000,14.536000,0.021224
12066,14.536000,14.536000,0.021224
12067,14.536000,14.536000,0.021224
12068,14.536000,14.536000,0.021224
12069,14.536000,14.536000,0.021224
12070,14.536000,14.536000,0.021224
12071,14.536000,14.536000,0.021224
12072,14.536000,14.536000,0.021224
12073,14.536000,14.536000,0.021224
12074,14.536000,14.536000,0.021224
12075,14.536000,14.536000,0.021224
12076,14.536000,14.536000,0.021224
12077,14.536000,14.536000,0.021224
12078,14.536000,14.536000,0.021224
12079,14.536000,14.536000,0.021224
12080,14.536000,14.536000,0.021224
12081,14.536000,14.536000,0.021224
12082,14.536000,14.536000,0.021224
12083,14.536000,14.536000,0.021224
12084,14.536000,14.536000,0.021224
12085,14.536000,14.536000,0.021224
12086,14.536000,14.536000,0.021224
12087,14.536000,14.536000,0.021224
12088,14.536000,14.536000,0.021224
12089,14.536000,14.536000,0.021224
12090,14.536000,14.536000,0.021224
12091,14.536000,14.536000,0.021224
12092,14.536000,14.536000,0.021224
12093,14.536000,14.536000,0.021224
12094,14.536000,14.536000,0.021224
12095,14.536000,14.536000,0.021224
12096,14.536000,14.536000,0.021224
12097,14.536000,14.536000,0.021224
12098,14.536000,14.536000,0.021224
12099,14.536000,14.536000,0.021224
12100,14.536000,14.536000,0.021224
12101,14.536000,14.536000,0.020163
12102,14.536000,14.536000,0.020163
12103,14.536000,14.536000,0.020163
12104,14.536000,14.536000,0.020163
12105,14.536000,14.536000,0.020163
12106,14.536000,14.536000,0.020163
12107,14.536000,14.536000,0.020163
12108,14.536000,14.536000,0.020163
12109,14.536000,14.536000,0.020163
12110,14.536000,14.536000,0.020163
12111,14.536000,14.536000,0.020163
12112,14.536000,14.536000,0.020163
12113,14.536000,14.536000,0.020163
12114,14.536000,14.536000,0.020163
12115,14.536000,14.536000,0.020163
12116,14.536000,14.536000,0.020163
12117,14.536000,14.536000,0.020163
12118,14.536000,14.536000,0.020163
12119,14.536000,14.536000,0.020163
12120,14.536000,14.536000,0.020163
12121,14.536000,14.536000,0.020163
12122,14.536000,14.536000,0.020163
12123,14.536000,14.536000,0.020163
12124,14.536000,14.536000,0.020163
12125,14.536000,14.536000,0.020163
12126,14.536000,14.536000,0.020163
12127,14.536000,14.536000,0.020163
12128,14.536000,14.536000,0.020163
12129,14.536000,14.536000,0.020163
12130,14.536000,14.536000,0.020163
12131,14.536000,14.536000,0.020163
12132,14.536000,14.536000,0.020163
12133,14.536000,14.536000,0.020163
12134,14.536000,14.536000,0.020163
12135,14.536000,14.536000,0.020163
12136,14.536000,14.536000,0.020163
12137,14.536000,14.536000,0.020163
12138,14.536000,14.536000,0.020163
12139,14.536000,14.536000,0.020163
12140,14.536000,14.536000,0.020163
12141,14.536000,14.536000,0.020163
12142,14.536000,14.536000,0.020163
12143,14.536000,14.536000,0.020163
12144,14.536000,14.536000,0.020163
12145,14.536000,14.536000,0.020163
12146,14.536000,14.536000,0.020163
12147,14.536000,14.536000,0.020163
12148,14.536000,14.536000,0.020163
12149,14.536000,14.536000,0.020163
12150,14.536000,14.536000,0.020163
12151,14.536000,14.536000,0.020163
12152,14.536000,14.536000,0.020163
12153,14.536000,14.536000,0.020163
12154,14.536000,14.536000,0.020163
12155,14.536000,14.536000,0.020163
12156,14.536000,14.536000,0.020163
12157,14.536000,14.536000,0.020163
12158,14.536000,14.536000,0.020163
12159,14.536000,14.536000,0.020163
12160,14.536000,14.536000,0.020163
12161,14.536000,14.536000,0.020163
12162,14.536000,14.536000,0.020163
12163,14.536000,14.536000,0.020163
12164,14.536000,14.536000,0.020163
12165,14.536000,14.536000,0.020163
12166,14.536000,14.536000,0.020163
12167,14.536000,14.536000,0.020163
12168,14.536000,14.536000,0.020163
12169,14.536000,14.536000,0.020163
12170,14.536000,14.536000,0.020163
12171,14.536000,14.536000,0.020163
12172,14.536000,14.536000,0.020163
12173,14.536000,14.536000,0.020163
12174,14.536000,14.536000,0.020163
12175,14.536000,14.536000,0.020163
12176,14.536000,14.536000,0.020163
12177,14.536000,14.536000,0.020163
12178,14.536000,14.536000,0.020163
12179,14.536000,14.536000,0.020163
12180,14.536000,14.536000,0.020163
12181,14.536000,14.536000,0.020163
12182,14.536000,14.536000,0.020163
12183,14.536000,14.536000,0.020163
12184,14.536000,14.536000,0.020163
12185,14.536000,14.536000,0.020163
12186,14.536000,14.536000,0.020163
12187,14.536000,14.536000,0.020163
12188,14.536000,14.536000,0.020163
12189,14.536000,14.536000,0.020163
12190,14.536000,14.536000,0.020163
12191,14.536000,14.536000,0.020163
12192,14.536000,14.536000,0.020163
12193,14.536000,14.536000,0.020163
12194,14.536000,14.536000,0.020163
12195,14.536000,14.536000,0.020163
12196,14.536000,14.536000,0.020163
12197,14.536000,14.536000,0.020163
12198,14.536000,14.536000,0.020163
12199,14.536000,14.536000,0.020163
12200,14.536000,14.536000,0.020163
12201,14.536000,14.536000,0.019155
12202,14.536000,14.536000,0.019155
12203,14.536000,14.536000,0.019155
12204,14.536000,14.536000,0.019155
12205,14.536000,14.536000,0.019155
12206,14.536000,14.536000,0.019155
12207,14.536000,14.536000,0.019155
12208,14.536000,14.536000,0.019155
12209,14.536000,14.536000,0.019155
12210,14.536000,14.536000,0.019155
12211,14.536000,14.536000,0.019155
12212,14.536000,14.536000,0.019155
12213,14.536000,14.536000,0.019155
12214,14.536000,14.536000,0.019155
12215,14.536000,14.536000,0.019155
12216,14.536000,14.536000,0.019155
12217,14.536000,14.536000,0.019155
12218,14.536000,14.536000,0.019155
12219,14.536000,14.536000,0.019155
12220,14.536000,14.536000,0.019155
12221,14.536000,14.536000,0.019155
12222,14.536000,14.536000,0.019155
12223,14.536000,14.536000,0.019155
12224,14.536000,14.536000,0.019155
12225,14.536000,14.536000,0.019155
12226,14.536000,14.536000,0.019155
12227,14.536000,14.536000,0.019155
12228,14.536000,14.536000,0.019155
12229,14.536000,14.536000,0.019155
12230,14.536000,14.536000,0.019155
12231,14.536000,14.536000,0.019155
12232,14.536000,14.536000,0.019155
12233,14.536000,14.536000,0.019155
12234,14.536000,14.536000,0.019155
12235,14.536000,14.536000,0.019155
12236,14.536000,14.536000,0.019155
12237,14.536000,14.536000,0.019155
12238,14.536000,14.536000,0.019155
12239,14.536000,14.536000,0.019155
12240,14.536000,14.536000,0.019155
12241,14.536000,14.536000,0.019155
12242,14.536000,14.536000,0.019155
12243,14.536000,14.536000,0.019155
12244,14.536000,14.536000,0.019155
12245,14.536000,14.536000,0.019155
12246,14.536000,14.536000,0.019155
12247,14.536000,14.536000,0.019155
12248,14.536000,14.536000,0.019155
12249,14.536000,14.536000,0.019155
12250,14.536000,14.536000,0.019155
12251,14.536000,14.536000,0.019155
12252,14.536000,14.536000,0.019155
12253,14.536000,14.536000,0.019155
12254,14.536000,14.536000,0.019155
12255,14.536000,14.536000,0.019155
12256,14.536000,14.536000,0.019155
12257,14.536000,14.536000,0.019155
12258,14.536000,14.536000,0.019155
12259,14.536000,14.536000,0.019155
12260,14.536000,14.536000,0.019155
12261,14.536000,14.536000,0.019155
12262,14.536000,14.536000,0.019155
12263,14.536000,14.536000,0.019155
12264,14.536000,14.536000,0.019155
12265,14.536000,14.536000,0.019155
12266,14.536000,14.536000,0.019155
12267,14.536000,14.536000,0.019155
12268,14.536000,14.536000,0.019155
12269,14.536000,14.536000,0.019155
12270,14.536000,14.536000,0.019155
12271,14.536000,14.536000,0.019155
12272,14.536000,14.536000,0.019155
12273,14.536000,14.536000,0.019155
12274,14.536000,14.536000,0.019155
12275,14.536000,14.536000,0.019155
12276,14.536000,14.536000,0.019155
12277,14.536000,14.536000,0.019155
12278,14.536000,14.536000,0.019155
12279,14.536000,14.536000,0.019155
12280,14.536000,14.536000,0.019155
12281,14.536000,14.536000,0.019155
12282,14.536000,14.536000,0.019155
12283,14.536000,14.536000,0.019155
12284,14.536000,14.536000,0.019155
12285,14.536000,14.536000,0.019155
12286,14.536000,14.536000,0.019155
12287,14.536000,14.536000,0.019155
12288,14.536000,14.536000,0.019155
12289,14.536000,14.536000,0.019155
12290,14.536000,14.536000,0.019155
12291,14.536000,14.536000,0.019155
12292,14.536000,14.536000,0.019155
12293,14.536000,14.536000,0.019155
12294,14.536000,14.536000,0.019155
12295,14.536000,14.536000,0.019155
12296,14.536000,14.536000,0.019155
12297,14.536000,14.536000,0.019155
12298,14.536000,14.536000,0.019155
12299,14.536000,14.536000,0.019155
12300,14.536000,14.536000,0.019155
12301,14.536000,14.536000,0.018197
12302,14.536000,14.536000,0.018197
12303,14.536000,14.536000,0.018197
12304,14.536000,14.536000,0.018197
12305,14.536000,14.536000,0.018197
12306,14.536000,14.536000,0.018197
12307,14.536000,14.536000,0.018197
12308,14.536000,14.536000,0.018197
12309,14.536000,14.536000,0.018197
12310,14.536000,14.536000,0.018197
12311,14.536000,14.536000,0.018197
12312,14.536000,14.536000,0.018197
12313,14.536000,14.536000,0.018197
12314,14.536000,14.536000,0.018197
12315,14.536000,14.536000,0.018197
12316,14.536000,14.536000,0.018197
12317,14.536000,14.536000,0.018197
12318,14.536000,14.536000,0.018197
12319,14.536000,14.536000,0.018197
12320,14.536000,14.536000,0.018197
12321,14.536000,14.536000,0.018197
12322,14.536000,14.536000,0.018197
12323,14.536000,14.536000,0.018197
12324,14.536000,14.536000,0.018197
12325,14.536000,14.536000,0.018197
12326,14.536000,14.536000,0.018197
12327,14.536000,14.536000,0.018197
12328,14.536000,14.536000,0.018197
12329,14.536000,14.536000,0.018197
12330,14.536000,14.536000,0.018197
12331,14.536000,14.536000,0.018197
12332,14.536000,14.536000,0.018197
12333,14.536000,14.536000,0.018197
12334,14.536000,14.536000,0.018197
12335,14.536000,14.536000,0.018197
12336,14.536000,14.536000,0.018197
12337,14.536000,14.536000,0.018197
12338,14.536000,14.536000,0.018197
12339,14.536000,14.536000,0.018197
12340,14.536000,14.536000,0.018197
12341,14.536000,14.536000,0.018197
12342,14.536000,14.536000,0.018197
12343,14.536000,14.536000,0.018197
12344,14.536000,14.536000,0.018197
12345,14.536000,14.536000,0.018197
12346,14.536000,14.536000,0.018197
12347,14.536000,14.536000,0.018197
12348,14.536000,14.536000,0.018197
12349,14.536000,14.536000,0.018197
12350,14.536000,14.536000,0.018197
12351,14.536000,14.536000,0.018197
12352,14.536000,14.536000,0.018197
12353,14.536000,14.536000,0.018197
12354,14.536000,14.536000,0.018197
12355,14.536000,14.536000,0.018197
12356,14.536000,14.536000,0.018197
12357,14.536000,14.536000,0.018197
12358,14.536000,14.536000,0.018197
12359,14.536000,14.536000,0.018197
12360,14.536000,14.536000,0.018197
12361,14.536000,14.536000,0.018197
12362,14.536000,14.536000,0.018197
12363,14.536000,14.536000,0.018197
12364,14.536000,14.536000,0.018197
12365,14.536000,14.536000,0.018197
12366,14.536000,14.536000,0.018197
12367,14.536000,14.536000,0.018197
12368,14.536000,14.536000,0.018197
12369,14.536000,14.536000,0.018197
12370,14.536000,14.536000,0.018197
12371,14.536000,14.536000,0.018197
12372,14.536000,14.536000,0.018197
12373,14.536000,14.536000,0.018197
12374,14.536000,14.536000,0.018197
12375,14.536000,14.536000,0.018197
12376,14.536000,14.536000,0.018197
12377,14.536000,14.536000,0.018197
12378,14.536000,14.536000,0.018197
12379,14.536000,14.536000,0.018197
12380,14.536000,14.536000,0.018197
12381,14.536000,14.536000,0.018197
12382,14.536000,14.536000,0.018197
12383,14.536000,14.536000,0.018197
12384,14.536000,14.536000,0.018197
12385,14.536000,14.536000,0.018197
12386,14.536000,14.536000,0.018197
12387,14.536000,14.536000,0.018197
12388,14.536000,14.536000,0.018197
12389,14.536000,14.536000,0.018197
12390,14.536000,14.536000,0.018197
12391,14.536000,14.536000,0.018197
12392,14.536000,14.536000,0.018197
12393,14.536000,14.536000,0.018197
12394,14.536000,14.536000,0.018197
12395,14.536000,14.536000,0.018197
12396,14.536000,14.536000,0.018197
12397,14.536000,14.536000,0.018197
12398,14.536000,14.536000,0.018197
12399,14.536000,14.536000,0.018197
12400,14.536000,14.536000,0.018197
12401,14.536000,14.536000,0.017287
12402,14.536000,14.536000,0.017287
12403,14.536000,14.536000,0.017287
12404,14.536000,14.536000,0.017287
12405,14.536000,14.536000,0.017287
12406,14.536000,14.536000,0.017287
12407,14.536000,14.536000,0.017287
12408,14.536000,14.536000,0.017287
12409,14.536000,14.536000,0.017287
12410,14.536000,14.536000,0.017287
12411,14.536000,14.536000,0.017287
12412,14.536000,14.536000,0.017287
12413,14.536000,14.536000,0.017287
12414,14.536000,14.536000,0.017287
12415,14.536000,14.536000,0.017287
12416,14.536000,14.536000,0.017287
12417,14.536000,14.536000,0.017287
12418,14.536000,14.536000,0.017287
12419,14.536000,14.536000,0.017287
12420,14.536000,14.536000,0.017287
12421,14.536000,14.536000,0.017287
12422,14.536000,14.536000,0.017287
12423,14.536000,14.536000,0.017287
12424,14.536000,14.536000,0.017287
12425,14.536000,14.536000,0.017287
12426,14.536000,14.536000,0.017287
12427,14.536000,14.536000,0.017287
12428,14.536000,14.536000,0.017287
12429,14.536000,14.536000,0.017287
12430,14.536000,14.536000,0.017287
12431,14.536000,14.536000,0.017287
12432,14.536000,14.536000,0.017287
12433,14.536000,14.536000,0.017287
12434,14.536000,14.536000,0.017287
12435,14.536000,14.536000,0.017287
12436,14.536000,14.536000,0.017287
12437,14.536000,14.536000,0.017287
12438,14.536000,14.536000,0.017287
12439,14.536000,14.536000,0.017287
12440,14.536000,14.536000,0.017287
12441,14.536000,14.536000,0.017287
12442,14.536000,14.536000,0.017287
12443,14.536000,14.536000,0.017287
12444,14.536000,14.536000,0.017287
12445,14.536000,14.536000,0.017287
12446,14.536000,14.536000,0.017287
12447,14.536000,14.536000,0.017287
12448,14.536000,14.536000,0.017287
12449,14.536000,14.536000,0.017287
12450,14.536000,14.536000,0.017287
12451,14.536000,14.536000,0.017287
12452,14.536000,14.536000,0.017287
12453,14.536000,14.536000,0.017287
12454,14.536000,14.536000,0.017287
12455,14.536000,14.536000,0.017287
12456,14.536000,14.536000,0.017287
12457,14.536000,14.536000,0.017287
12458,14.536000,14.536000,0.017287
12459,14.536000,14.536000,0.017287
12460,14.536000,14.536000,0.017287
12461,14.536000,14.536000,0.017287
12462,14.536000,14.536000,0.017287
12463,14.536000,14.536000,0.017287
12464,14.536000,14.536000,0.017287
12465,14.536000,14.536000,0.017287
12466,14.536000,14.536000,0.017287
12467,14.536000,14.536000,0.017287
12468,14.536000,14.536000,0.017287
12469,14.536000,14.536000,0.017287
12470,14.536000,14.536000,0.017287
12471,14.536000,14.536000,0.017287
12472,14.536000,14.536000,0.017287
12473,14.536000,14.536000,0.017287
12474,14.536000,14.536000,0.017287
12475,14.536000,14.536000,0.017287
12476,14.536000,14.536000,0.017287
12477,14.536000,14.536000,0.017287
12478,14.536000,14.536000,0.017287
12479,14.536000,14.536000,0.017287
12480,14.536000,14.536000,0.017287
12481,14.536000,14.536000,0.017287
12482,14.536000,14.536000,0.017287
12483,14.536000,14.536000,0.017287
12484,14.536000,14.536000,0.017287
12485,14.536000,14.536000,0.017287
12486,14.536000,14.536000,0.017287
12487,14.536000,14.536000,0.017287
12488,14.536000,14.536000,0.017287
12489,14.536000,14.536000,0.017287
12490,14.536000,14.536000,0.017287
12491,14.536000,14.536000,0.017287
12492,14.536000,14.536000,0.017287
12493,14.536000,14.536000,0.017287
12494,14.536000,14.536000,0.017287
12495,14.536000,14.536000,0.017287
12496,14.536000,14.536000,0.017287
12497,14.536000,14.536000,0.017287
12498,14.536000,14.536000,0.017287
12499,14.536000,14.536000,0.017287
12500,14.536000,14.536000,0.017287
12501,14.536000,14.536000,0.016423
12502,14.536000,14.536000,0.016423
12503,14.536000,14.536000,0.016423
12504,14.536000,14.536000,0.016423
12505,14.536000,14.536000,0.016423
12506,14.536000,14.536000,0.016423
12507,14.536000,14.536000,0.016423
12508,14.536000,14.536000,0.016423
12509,14.536000,14.536000,0.016423
12510,14.536000,14.536000,0.016423
12511,14.536000,14.536000,0.016423
12512,14.536000,14.536000,0.016423
12513,14.536000,14.536000,0.016423
12514,14.536000,14.536000,0.016423
12515,14.536000,14.536000,0.016423
12516,14.536000,14.536000,0.016423
12517,14.536000,14.536000,0.016423
12518,14.536000,14.536000,0.016423
12519,14.536000,14.536000,0.016423
12520,14.536000,14.536000,0.016423
12521,14.536000,14.536000,0.016423
12522,14.536000,14.536000,0.016423
12523,14.536000,14.536000,0.016423
12524,14.536000,14.536000,0.016423
12525,14.536000,14.536000,0.016423
12526,14.536000,14.536000,0.016423
12527,14.536000,14.536000,0.016423
12528,14.536000,14.536000,0.016423
12529,14.536000,14.536000,0.016423
12530,14.536000,14.536000,0.016423
12531,14.536000,14.536000,0.016423
12532,14.536000,14.536000,0.016423
12533,14.536000,14.536000,0.016423
12534,14.536000,14.536000,0.016423
12535,14.536000,14.536000,0.016423
12536,14.536000,14.536000,0.016423
12537,14.536000,14.536000,0.016423
12538,14.536000,14.536000,0.016423
12539,14.536000,14.536000,0.016423
12540,14.536000,14.536000,0.016423
12541,14.536000,14.536000,0.016423
12542,14.536000,14.536000,0.016423
12543,14.536000,14.536000,0.016423
12544,14.536000,14.536000,0.016423
12545,14.536000,14.536000,0.016423
12546,14.536000,14.536000,0.016423
12547,14.536000,14.536000,0.016423
12548,14.536000,14.536000,0.016423
12549,14.536000,14.536000,0.016423
12550,14.536000,14.536000,0.016423
12551,14.536000,14.536000,0.016423
12552,14.536000,14.536000,0.016423
12553,14.536000,14.536000,0.016423
12554,14.536000,14.536000,0.016423
12555,14.536000,14.536000,0.016423
12556,14.536000,14.536000,0.016423
12557,14.536000,14.536000,0.016423
12558,14.536000,14.536000,0.016423
12559,14.536000,14.536000,0.016423
12560,14.536000,14.536000,0.016423
12561,14.536000,14.536000,0.016423
12562,14.536000,14.536000,0.016423
12563,14.536000,14.536000,0.016423
12564,14.536000,14.536000,0.016423
12565,14.536000,14.536000,0.016423
12566,14.536000,14.536000,0.016423
12567,14.536000,14.536000,0.016423
12568,14.536000,14.536000,0.016423
12569,14.536000,14.536000,0.016423
12570,14.536000,14.536000,0.016423
12571,14.536000,14.536000,0.016423
12572,14.536000,14.536000,0.016423
12573,14.536000,14.536000,0.016423
12574,14.536000,14.536000,0.016423
12575,14.536000,14.536000,0.016423
12576,14.536000,14.536000,0.016423
12577,14.536000,14.536000,0.016423
12578,14.536000,14.536000,0.016423
12579,14.536000,14.536000,0.016423
12580,14.536000,14.536000,0.016423
12581,14.536000,14.536000,0.016423
12582,14.536000,14.536000,0.016423
12583,14.536000,14.536000,0.016423
12584,14.536000,14.536000,0.016423
12585,14.536000,14.536000,0.016423
12586,14.536000,14.536000,0.016423
12587,14.536000,14.536000,0.016423
12588,14.536000,14.536000,0.016423
12589,14.536000,14.536000,0.016423
12590,14.536000,14.536000,0.016423
12591,14.536000,14.536000,0.016423
12592,14.536000,14.536000,0.016423
12593,14.536000,14.536000,0.016423
12594,14.536000,14.536000,0.016423
12595,14.536000,14.536000,0.016423
12596,14.536000,14.536000,0.016423
12597,14.536000,14.536000,0.016423
12598,14.536000,14.536000,0.016423
12599,14.536000,14.536000,0.016423
12600,14.536000,14.536000,0.016423
12601,14.536000,14.536000,0.015602
12602,14.536000,14.536000,0.015602
12603,14.536000,14.536000,0.015602
12604,14.536000,14.536000,0.015602
12605,14.536000,14.536000,0.015602
12606,14.536000,14.536000,0.015602
12607,14.536000,14.536000,0.015602
12608,14.536000,14.536000,0.015602
12609,14.536000,14.536000,0.015602
12610,14.536000,14.536000,0.015602
12611,14.536000,14.536000,0.015602
12612,14.536000,14.536000,0.015602
12613,14.536000,14.536000,0.015602
12614,14.536000,14.536000,0.015602
12615,14.536000,14.536000,0.015602
12616,14.536000,14.536000,0.015602
12617,14.536000,14.536000,0.015602
12618,14.536000,14.536000,0.015602
12619,14.536000,14.536000,0.015602
12620,14.536000,14.536000,0.015602
12621,14.536000,14.536000,0.015602
12622,14.536000,14.536000,0.015602
12623,14.536000,14.536000,0.015602
12624,14.536000,14.536000,0.015602
12625,14.536000,14.536000,0.015602
12626,14.536000,14.536000,0.015602
12627,14.536000,14.536000,0.015602
12628,14.536000,14.536000,0.015602
12629,14.536000,14.536000,0.015602
12630,14.536000,14.536000,0.015602
12631,14.536000,14.536000,0.015602
12632,14.536000,14.536000,0.015602
12633,14.536000,14.536000,0.015602
12634,14.536000,14.536000,0.015602
12635,14.536000,14.536000,0.015602
12636,14.536000,14.536000,0.015602
12637,14.536000,14.536000,0.015602
12638,14.536000,14.536000,0.015602
12639,14.536000,14.536000,0.015602
12640,14.536000,14.536000,0.015602
12641,14.536000,14.536000,0.015602
12642,14.536000,14.536000,0.015602
12643,14.536000,14.536000,0.015602
12644,14.536000,14.536000,0.015602
12645,14.536000,14.536000,0.015602
12646,14.536000,14.536000,0.015602
12647,14.536000,14.536000,0.015602
12648,14.536000,14.536000,0.015602
12649,14.536000,14.536000,0.015602
12650,14.536000,14.536000,0.015602
12651,14.536000,14.536000,0.015602
12652,14.536000,14.536000,0.015602
12653,14.536000,14.536000,0.015602
12654,14.536000,14.536000,0.015602
12655,14.536000,14.536000,0.015602
12656,14.536000,14.536000,0.015602
12657,14.536000,14.536000,0.015602
12658,14.536000,14.536000,0.015602
12659,14.536000,14.536000,0.015602
12660,14.536000,14.536000,0.015602
12661,14.536000,14.536000,0.015602
12662,14.536000,14.536000,0.015602
12663,14.536000,14.536000,0.015602
12664,14.536000,14.536000,0.015602
12665,14.536000,14.536000,0.015602
12666,14.536000,14.536000,0.015602
12667,14.536000,14.536000,0.015602
12668,14.536000,14.536000,0.015602
12669,14.536000,14.536000,0.015602
12670,14.536000,14.536000,0.015602
12671,14.536000,14.536000,0.015602
12672,14.536000,14.536000,0.015602
12673,14.536000,14.536000,0.015602
12674,14.536000,14.536000,0.015602
12675,14.536000,14.536000,0.015602
12676,14.536000,14.536000,0.015602
12677,14.536000,14.536000,0.015602
12678,14.536000,14.536000,0.015602
12679,14.536000,14.536000,0.015602
12680,14.536000,14.536000,0.015602
12681,14.536000,14.536000,0.015602
12682,14.536000,14.536000,0.015602
12683,14.536000,14.536000,0.015602
12684,14.536000,14.536000,0.015602
12685,14.536000,14.536000,0.015602
12686,14.536000,14.536000,0.015602
12687,14.536000,14.536000,0.015602
12688,14.536000,14.536000,0.015602
12689,14.536000,14.536000,0.015602
12690,14.536000,14.536000,0.015602
12691,14.536000,14.536000,0.015602
12692,14.536000,14.536000,0.015602
12693,14.536000,14.536000,0.015602
12694,14.536000,14.536000,0.015602
12695,14.536000,14.536000,0.015602
12696,14.536000,14.536000,0.015602
12697,14.536000,14.536000,0.015602
12698,14.536000,14.536000,0.015602
12699,14.536000,14.536000,0.015602
12700,14.536000,14.536000,0.015602
12701,14.536000,14.536000,0.014822
12702,14.536000,14.536000,0.014822
12703,14.536000,14.536000,0.014822
12704,14.536000,14.536000,0.014822
12705,14.536000,14.536000,0.014822
12706,14.536000,14.536000,0.014822
12707,14.536000,14.536000,0.014822
12708,14.536000,14.536000,0.014822
12709,14.536000,14.536000,0.014822
12710,14.536000,14.536000,0.014822
12711,14.536000,14.536000,0.014822
12712,14.536000,14.536000,0.014822
12713,14.536000,14.536000,0.014822
12714,14.536000,14.536000,0.014822
12715,14.536000,14.536000,0.014822
12716,14.536000,14.536000,0.014822
12717,14.536000,14.536000,0.014822
12718,14.536000,14.536000,0.014822
12719,14.536000,14.536000,0.014822
12720,14.536000,14.536000,0.014822
12721,14.536000,14.536000,0.014822
12722,14.536000,14.536000,0.014822
12723,14.536000,14.536000,0.014822
12724,14.536000,14.536000,0.014822
12725,14.536000,14.536000,0.014822
12726,14.536000,14.536000,0.014822
12727,14.536000,14.536000,0.014822
12728,14.536000,14.536000,0.014822
12729,14.536000,14.536000,0.014822
12730,14.536000,14.536000,0.014822
12731,14.536000,14.536000,0.014822
12732,14.536000,14.536000,0.014822
12733,14.536000,14.536000,0.014822
12734,14.536000,14.536000,0.014822
12735,14.536000,14.536000,0.014822
12736,14.536000,14.536000,0.014822
12737,14.536000,14.536000,0.014822
12738,14.536000,14.536000,0.014822
12739,14.536000,14.536000,0.014822
12740,14.536000,14.536000,0.014822
12741,14.536000,14.536000,0.014822
12742,14.536000,14.536000,0.014822
12743,14.536000,14.536000,0.014822
12744,14.536000,14.536000,0.014822
12745,14.536000,14.536000,0.014822
12746,14.536000,14.536000,0.014822
12747,14.536000,14.536000,0.014822
12748,14.536000,14.536000,0.014822
12749,14.536000,14.536000,0.014822
12750,14.536000,14.536000,0.014822
12751,14.536000,14.536000,0.014822
12752,14.536000,14.536000,0.014822
12753,14.536000,14.536000,0.014822
12754,14.536000,14.536000,0.014822
12755,14.536000,14.536000,0.014822
12756,14.536000,14.536000,0.014822
12757,14.536000,14.536000,0.014822
12758,14.536000,14.536000,0.014822
12759,14.536000,14.536000,0.014822
12760,14.536000,14.536000,0.014822
12761,14.536000,14.536000,0.014822
12762,14.536000,14.536000,0.014822
12763,14.536000,14.536000,0.014822
12764,14.536000,14.536000,0.014822
12765,14.536000,14.536000,0.014822
12766,14.536000,14.536000,0.014822
12767,14.536000,14.536000,0.014822
12768,14.536000,14.536000,0.014822
12769,14.536000,14.536000,0.014822
12770,14.536000,14.536000,0.014822
12771,14.536000,14.536000,0.014822
12772,14.536000,14.536000,0.014822
12773,14.536000,14.536000,0.014822
12774,14.536000,14.536000,0.014822
12775,14.536000,14.536000,0.014822
12776,14.536000,14.536000,0.014822
12777,14.536000,14.536000,0.014822
12778,14.536000,14.536000,0.014822
12779,14.536000,14.536000,0.014822
12780,14.536000,14.536000,0.014822
12781,14.536000,14.536000,0.014822
12782,14.536000,14.536000,0.014822
12783,14.536000,14.536000,0.014822
12784,14.536000,14.536000,0.014822
12785,14.536000,14.536000,0.014822
12786,14.536000,14.536000,0.014822
12787,14.536000,14.536000,0.014822
12788,14.536000,14.536000,0.014822
12789,14.536000,14.536000,0.014822
12790,14.536000,14.536000,0.014822
12791,14.536000,14.536000,0.014822
12792,14.536000,14.536000,0.014822
12793,14.536000,14.536000,0.014822
12794,14.536000,14.536000,0.014822
12795,14.536000,14.536000,0.014822
12796,14.536000,14.536000,0.014822
12797,14.536000,14.536000,0.014822
12798,14.536000,14.536000,0.014822
12799,14.536000,14.536000,0.014822
12800,14.536000,14.536000,0.014822
12801,14.536000,14.536000,0.014081
12802,14.536000,14.536000,0.014081
12803,14.536000,14.536000,0.014081
12804,14.536000,14.536000,0.014081
12805,14.536000,14.536000,0.014081
12806,14.536000,14.536000,0.014081
12807,14.536000,14.536000,0.014081
12808,14.536000,14.536000,0.014081
12809,14.536000,14.536000,0.014081
12810,14.536000,14.536000,0.014081
12811,14.536000,14.536000,0.014081
12812,14.536000,14.536000,0.014081
12813,14.536000,14.536000,0.014081
12814,14.536000,14.536000,0.014081
12815,14.536000,14.536000,0.014081
12816,14.536000,14.536000,0.014081
12817,14.536000,14.536000,0.014081
12818,14.536000,14.536000,0.014081
12819,14.536000,14.536000,0.014081
12820,14.536000,14.536000,0.014081
12821,14.536000,14.536000,0.014081
12822,14.536000,14.536000,0.014081
12823,14.536000,14.536000,0.014081
12824,14.536000,14.536000,0.014081
12825,14.536000,14.536000,0.014081
12826,14.536000,14.536000,0.014081
12827,14.536000,14.536000,0.014081
12828,14.536000,14.536000,0.014081
12829,14.536000,14.536000,0.014081
12830,14.536000,14.536000,0.014081
12831,14.536000,14.536000,0.014081
12832,14.536000,14.536000,0.014081
12833,14.536000,14.536000,0.014081
12834,14.536000,14.536000,0.014081
12835,14.536000,14.536000,0.014081
12836,14.536000,14.536000,0.014081
12837,14.536000,14.536000,0.014081
12838,14.536000,14.536000,0.014081
12839,14.536000,14.536000,0.014081
12840,14.536000,14.536000,0.014081
12841,14.536000,14.536000,0.014081
12842,14.536000,14.536000,0.014081
12843,14.536000,14.536000,0.014081
12844,14.536000,14.536000,0.014081
12845,14.536000,14.536000,0.014081
12846,14.536000,14.536000,0.014081
12847,14.536000,14.536000,0.014081
12848,14.536000,14.536000,0.014081
12849,14.536000,14.536000,0.014081
12850,14.536000,14.536000,0.014081
12851,14.536000,14.536000,0.014081
12852,14.536000,14.536000,0.014081
12853,14.536000,14.536000,0.014081
12854,14.536000,14.536000,0.014081
12855,14.536000,14.536000,0.014081
12856,14.536000,14.536000,0.014081
12857,14.536000,14.536000,0.014081
12858,14.536000,14.536000,0.014081
12859,14.536000,14.536000,0.014081
12860,14.536000,14.536000,0.014081
12861,14.536000,14.536000,0.014081
12862,14.536000,14.536000,0.014081
12863,14.536000,14.536000,0.014081
12864,14.536000,14.536000,0.014081
12865,14.536000,14.536000,0.014081
12866,14.536000,14.536000,0.014081
12867,14.536000,14.536000,0.014081
12868,14.536000,14.536000,0.014081
12869,14.536000,14.536000,0.014081
12870,14.536000,14.536000,0.014081
12871,14.536000,14.536000,0.014081
12872,14.536000,14.536000,0.014081
12873,14.536000,14.536000,0.014081
12874,14.536000,14.536000,0.014081
12875,14.536000,14.536000,0.014081
12876,14.536000,14.536000,0.014081
12877,14.536000,14.536000,0.014081
12878,14.536000,14.536000,0.014081
12879,14.536000,14.536000,0.014081
12880,14.536000,14.536000,0.014081
12881,14.536000,14.536000,0.014081
12882,14.536000,14.536000,0.014081
12883,14.536000,14.536000,0.014081
12884,14.536000,14.536000,0.014081
12885,14.536000,14.536000,0.014081
12886,14.536000,14.536000,0.014081
12887,14.536000,14.536000,0.014081
12888,14.536000,14.536000,0.014081
12889,14.536000,14.536000,0.014081
12890,14.536000,14.536000,0.014081
12891,14.536000,14.536000,0.014081
12892,14.536000,14.536000,0.014081
12893,14.536000,14.536000,0.014081
12894,14.536000,14.536000,0.014081
12895,14.536000,14.536000,0.014081
12896,14.536000,14.536000,0.014081
12897,14.536000,14.536000,0.014081
12898,14.536000,14.536000,0.014081
12899,14.536000,14.536000,0.014081
12900,14.536000,14.536000,0.014081
12901,14.536000,14.536000,0.013377
12902,14.536000,14.536000,0.013377
12903,14.536000,14.536000,0.013377
12904,14.536000,14.536000,0.013377
12905,14.536000,14.536000,0.013377
12906,14.536000,14.536000,0.013377
12907,14.536000,14.536000,0.013377
12908,14.536000,14.536000,0.013377
12909,14.536000,14.536000,0.013377
12910,14.536000,14.536000,0.013377
12911,14.536000,14.536000,0.013377
12912,14.536000,14.536000,0.013377
12913,14.536000,14.536000,0.013377
12914,14.536000,14.536000,0.013377
12915,14.536000,14.536000,0.013377
12916,14.536000,14.536000,0.013377
12917,14.536000,14.536000,0.013377
12918,14.536000,14.536000,0.013377
12919,14.536000,14.536000,0.013377
12920,14.536000,14.536000,0.013377
12921,14.536000,14.536000,0.013377
12922,14.536000,14.536000,0.013377
12923,14.536000,14.536000,0.013377
12924,14.536000,14.536000,0.013377
12925,14.536000,14.536000,0.013377
12926,14.536000,14.536000,0.013377
12927,14.536000,14.536000,0.013377
12928,14.536000,14.536000,0.013377
12929,14.536000,14.536000,0.013377
12930,14.536000,14.536000,0.013377
12931,14.536000,14.536000,0.013377
12932,14.536000,14.536000,0.013377
12933,14.536000,14.536000,0.013377
12934,14.536000,14.536000,0.013377
12935,14.536000,14.536000,0.013377
12936,14.536000,14.536000,0.013377
12937,14.536000,14.536000,0.013377
12938,14.536000,14.536000,0.013377
12939,14.536000,14.536000,0.013377
12940,14.536000,14.536000,0.013377
12941,14.536000,14.536000,0.013377
12942,14.536000,14.536000,0.013377
12943,14.536000,14.536000,0.013377
12944,14.536000,14.536000,0.013377
12945,14.536000,14.536000,0.013377
12946,14.536000,14.536000,0.013377
12947,14.536000,14.536000,0.013377
12948,14.536000,14.536000,0.013377
12949,14.536000,14.536000,0.013377
12950,14.536000,14.536000,0.013377
12951,14.536000,14.536000,0.013377
12952,14.536000,14.536000,0.013377
12953,14.536000,14.536000,0.013377
12954,14.536000,14.536000,0.013377
12955,14.536000,14.536000,0.013377
12956,14.536000,14.536000,0.013377
12957,14.536000,14.536000,0.013377
12958,14.536000,14.536000,0.013377
12959,14.536000,14.536000,0.013377
12960,14.536000,14.536000,0.013377
12961,14.536000,14.536000,0.013377
12962,14.536000,14.536000,0.013377
12963,14.536000,14.536000,0.013377
12964,14.536000,14.536000,0.013377
12965,14.536000,14.536000,0.013377
12966,14.536000,14.536000,0.013377
12967,14.536000,14.536000,0.013377
12968,14.536000,14.536000,0.013377
12969,14.536000,14.536000,0.013377
12970,14.536000,14.536000,0.013377
12971,14.536000,14.536000,0.013377
12972,14.536000,14.536000,0.013377
12973,14.536000,14.536000,0.013377
12974,14.536000,14.536000,0.013377
12975,14.536000,14.536000,0.013377
12976,14.536000,14.536000,0.013377
12977,14.536000,14.536000,0.013377
12978,14.536000,14.536000,0.013377
12979,14.536000,14.536000,0.013377
12980,14.536000,14.536000,0.013377
12981,14.536000,14.536000,0.013377
12982,14.536000,14.536000,0.013377
12983,14.536000,14.536000,0.013377
12984,14.536000,14.536000,0.013377
12985,14.536000,14.536000,0.013377
12986,14.536000,14.536000,0.013377
12987,14.536000,14.536000,0.013377
12988,14.536000,14.536000,0.013377
12989,14.536000,14.536000,0.013377
12990,14.536000,14.536000,0.013377
12991,14.536000,14.536000,0.013377
12992,14.536000,14.536000,0.013377
12993,14.536000,14.536000,0.013377
12994,14.536000,14.536000,0.013377
12995,14.536000,14.536000,0.013377
12996,14.536000,14.536000,0.013377
12997,14.536000,14.536000,0.013377
12998,14.536000,14.536000,0.013377
12999,14.536000,14.536000,0.013377
13000,14.536000,14.536000,0.013377
13001,14.536000,14.536000,0.012708
13002,14.536000,14.536000,0.012708
13003,14.536000,14.536000,0.012708
13004,14.536000,14.536000,0.012708
13005,14.536000,14.536000,0.012708
13006,14.536000,14.536000,0.012708
13007,14.536000,14.536000,0.012708
13008,14.536000,14.536000,0.012708
13009,14.536000,14.536000,0.012708
13010,14.536000,14.536000,0.012708
13011,14.536000,14.536000,0.012708
13012,14.536000,14.536000,0.012708
13013,14.536000,14.536000,0.012708
13014,14.536000,14.536000,0.012708
13015,14.536000,14.536000,0.012708
13016,14.536000,14.536000,0.012708
13017,14.536000,14.536000,0.012708
13018,14.536000,14.536000,0.012708
13019,14.536000,14.536000,0.012708
13020,14.536000,14.536000,0.012708
13021,14.536000,14.536000,0.012708
13022,14.536000,14.536000,0.012708
13023,14.536000,14.536000,0.012708
13024,14.536000,14.536000,0.012708
13025,14.536000,14.536000,0.012708
13026,14.536000,14.536000,0.012708
13027,14.536000,14.536000,0.012708
13028,14.536000,14.536000,0.012708
13029,14.536000,14.536000,0.012708
13030,14.536000,14.536000,0.012708
13031,14.536000,14.536000,0.012708
13032,14.536000,14.536000,0.012708
13033,14.536000,14.536000,0.012708
13034,14.536000,14.536000,0.012708
13035,14.536000,14.536000,0.012708
13036,14.536000,14.536000,0.012708
13037,14.536000,14.536000,0.012708
13038,14.536000,14.536000,0.012708
13039,14.536000,14.536000,0.012708
13040,14.536000,14.536000,0.012708
13041,14.536000,14.536000,0.012708
13042,14.536000,14.536000,0.012708
13043,14.536000,14.536000,0.012708
13044,14.536000,14.536000,0.012708
13045,14.536000,14.536000,0.012708
13046,14.536000,14.536000,0.012708
13047,14.536000,14.536000,0.012708
13048,14.536000,14.536000,0.012708
13049,14.536000,14.536000,0.012708
13050,14.536000,14.536000,0.012708
13051,14.536000,14.536000,0.012708
13052,14.536000,14.536000,0.012708
13053,14.536000,14.536000,0.012708
13054,14.536000,14.536000,0.012708
13055,14.536000,14.536000,0.012708
13056,14.536000,14.536000,0.012708
13057,14.536000,14.536000,0.012708
13058,14.536000,14.536000,0.012708
13059,14.536000,14.536000,0.012708
13060,14.536000,14.536000,0.012708
13061,14.536000,14.536000,0.012708
13062,14.536000,14.536000,0.012708
13063,14.536000,14.536000,0.012708
13064,14.536000,14.536000,0.012708
13065,14.536000,14.536000,0.012708
13066,14.536000,14.536000,0.012708
13067,14.536000,14.536000,0.012708
13068,14.536000,14.536000,0.012708
13069,14.536000,14.536000,0.012708
13070,14.536000,14.536000,0.012708
13071,14.536000,14.536000,0.012708
13072,14.536000,14.536000,0.012708
13073,14.536000,14.536000,0.012708
13074,14.536000,14.536000,0.012708
13075,14.536000,14.536000,0.012708
13076,14.536000,14.536000,0.012708
13077,14.536000,14.536000,0.012708
13078,14.536000,14.536000,0.012708
13079,14.536000,14.536000,0.012708
13080,14.536000,14.536000,0.012708
13081,14.536000,14.536000,0.012708
13082,14.536000,14.536000,0.012708
13083,14.536000,14.536000,0.012708
13084,14.536000,14.536000,0.012708
13085,14.536000,14.536000,0.012708
13086,14.536000,14.536000,0.012708
13087,14.536000,14.536000,0.012708
13088,14.536000,14.536000,0.012708
13089,14.536000,14.536000,0.012708
13090,14.536000,14.536000,0.012708
13091,14.536000,14.536000,0.012708
13092,14.536000,14.536000,0.012708
13093,14.536000,14.536000,0.012708
13094,14.536000,14.536000,0.012708
13095,14.536000,14.536000,0.012708
13096,14.536000,14.536000,0.012708
13097,14.536000,14.536000,0.012708
13098,14.536000,14.536000,0.012708
13099,14.536000,14.536000,0.012708
13100,14.536000,14.536000,0.012708
13101,14.536000,14.536000,0.012072
13102,14.536000,14.536000,0.012072
13103,14.536000,14.536000,0.012072
13104,14.536000,14.536000,0.012072
13105,14.536000,14.536000,0.012072
13106,14.536000,14.536000,0.012072
13107,14.536000,14.536000,0.012072
13108,14.536000,14.536000,0.012072
13109,14.536000,14.536000,0.012072
13110,14.536000,14.536000,0.012072
13111,14.536000,14.536000,0.012072
13112,14.536000,14.536000,0.012072
13113,14.536000,14.536000,0.012072
13114,14.536000,14.536000,0.012072
13115,14.536000,14.536000,0.012072
13116,14.536000,14.536000,0.012072
13117,14.536000,14.536000,0.012072
13118,14.536000,14.536000,0.012072
13119,14.536000,14.536000,0.012072
13120,14.536000,14.536000,0.012072
13121,14.536000,14.536000,0.012072
13122,14.536000,14.536000,0.012072
13123,14.536000,14.536000,0.012072
13124,14.536000,14.536000,0.012072
13125,14.536000,14.536000,0.012072
13126,14.536000,14.536000,0.012072
13127,14.536000,14.536000,0.012072
13128,14.536000,14.536000,0.012072
13129,14.536000,14.536000,0.012072
13130,14.536000,14.536000,0.012072
13131,14.536000,14.536000,0.012072
13132,14.536000,14.536000,0.012072
13133,14.536000,14.536000,0.012072
13134,14.536000,14.536000,0.012072
13135,14.536000,14.536000,0.012072
13136,14.536000,14.536000,0.012072
13137,14.536000,14.536000,0.012072
13138,14.536000,14.536000,0.012072
13139,14.536000,14.536000,0.012072
13140,14.536000,14.536000,0.012072
13141,14.536000,14.536000,0.012072
13142,14.536000,14.536000,0.012072
13143,14.536000,14.536000,0.012072
13144,14.536000,14.536000,0.012072
13145,14.536000,14.536000,0.012072
13146,14.536000,14.536000,0.012072
13147,14.536000,14.536000,0.012072
13148,14.536000,14.536000,0.012072
13149,14.536000,14.536000,0.012072
13150,14.536000,14.536000,0.012072
13151,14.536000,14.536000,0.012072
13152,14.536000,14.536000,0.012072
13153,14.536000,14.536000,0.012072
13154,14.536000,14.536000,0.012072
13155,14.536000,14.536000,0.012072
13156,14.536000,14.536000,0.012072
13157,14.536000,14.536000,0.012072
13158,14.536000,14.536000,0.012072
13159,14.536000,14.536000,0.012072
13160,14.536000,14.536000,0.012072
13161,14.536000,14.536000,0.012072
13162,14.536000,14.536000,0.012072
13163,14.536000,14.536000,0.012072
13164,14.536000,14.536000,0.012072
13165,14.536000,14.536000,0.012072
13166,14.536000,14.536000,0.012072
13167,14.536000,14.536000,0.012072
13168,14.536000,14.536000,0.012072
13169,14.536000,14.536000,0.012072
13170,14.536000,14.536000,0.012072
13171,14.536000,14.536000,0.012072
13172,14.536000,14.536000,0.012072
13173,14.536000,14.536000,0.012072
13174,14.536000,14.536000,0.012072
13175,14.536000,14.536000,0.012072
13176,14.536000,14.536000,0.012072
13177,14.536000,14.536000,0.012072
13178,14.536000,14.536000,0.012072
13179,14.536000,14.536000,0.012072
13180,14.536000,14.536000,0.012072
13181,14.536000,14.536000,0.012072
13182,14.536000,14.536000,0.012072
13183,14.536000,14.536000,0.012072
13184,14.536000,14.536000,0.012072
13185,14.536000,14.536000,0.012072
13186,14.536000,14.536000,0.012072
13187,14.536000,14.536000,0.012072
13188,14.536000,14.536000,0.012072
13189,14.536000,14.536000,0.012072
13190,14.536000,14.536000,0.012072
13191,14.536000,14.536000,0.012072
13192,14.536000,14.536000,0.012072
13193,14.536000,14.536000,0.012072
13194,14.536000,14.536000,0.012072
13195,14.536000,14.536000,0.012072
13196,14.536000,14.536000,0.012072
13197,14.536000,14.536000,0.012072
13198,14.536000,14.536000,0.012072
13199,14.536000,14.536000,0.012072
13200,14.536000,14.536000,0.012072
13201,14.536000,14.536000,0.011469
13202,14.536000,14.536000,0.011469
13203,14.536000,14.536000,0.011469
13204,14.536000,14.536000,0.011469
13205,14.536000,14.536000,0.011469
13206,14.536000,14.536000,0.011469
13207,14.536000,14.536000,0.011469
13208,14.536000,14.536000,0.011469
13209,14.536000,14.536000,0.011469
13210,14.536000,14.536000,0.011469
13211,14.536000,14.536000,0.011469
13212,14.536000,14.536000,0.011469
13213,14.536000,14.536000,0.011469
13214,14.536000,14.536000,0.011469
13215,14.536000,14.536000,0.011469
13216,14.536000,14.536000,0.011469
13217,14.536000,14.536000,0.011469
13218,14.536000,14.536000,0.011469
13219,14.536000,14.536000,0.011469
13220,14.536000,14.536000,0.011469
13221,14.536000,14.536000,0.011469
13222,14.536000,14.536000,0.011469
13223,14.536000,14.536000,0.011469
13224,14.536000,14.536000,0.011469
13225,14.536000,14.536000,0.011469
13226,14.536000,14.536000,0.011469
13227,14.536000,14.536000,0.011469
13228,14.536000,14.536000,0.011469
13229,14.536000,14.536000,0.011469
13230,14.536000,14.536000,0.011469
13231,14.536000,14.536000,0.011469
13232,14.536000,14.536000,0.011469
13233,14.536000,14.536000,0.011469
13234,14.536000,14.536000,0.011469
13235,14.536000,14.536000,0.011469
13236,14.536000,14.536000,0.011469
13237,14.536000,14.536000,0.011469
13238,14.536000,14.536000,0.011469
13239,14.536000,14.536000,0.011469
13240,14.536000,14.536000,0.011469
13241,14.536000,14.536000,0.011469
13242,14.536000,14.536000,0.011469
13243,14.536000,14.536000,0.011469
13244,14.536000,14.536000,0.011469
13245,14.536000,14.536000,0.011469
13246,14.536000,14.536000,0.011469
13247,14.536000,14.536000,0.011469
13248,14.536000,14.536000,0.011469
13249,14.536000,14.536000,0.011469
13250,14.536000,14.536000,0.011469
13251,14.536000,14.536000,0.011469
13252,14.536000,14.536000,0.011469
13253,14.536000,14.536000,0.011469
13254,14.536000,14.536000,0.011469
13255,14.536000,14.536000,0.011469
13256,14.536000,14.536000,0.011469
13257,14.536000,14.536000,0.011469
13258,14.536000,14.536000,0.011469
13259,14.536000,14.536000,0.011469
13260,14.536000,14.536000,0.011469
13261,14.536000,14.536000,0.011469
13262,14.536000,14.536000,0.011469
13263,14.536000,14.536000,0.011469
13264,14.536000,14.536000,0.011469
13265,14.536000,14.536000,0.011469
13266,14.536000,14.536000,0.011469
13267,14.536000,14.536000,0.011469
13268,14.536000,14.536000,0.011469
13269,14.536000,14.536000,0.011469
13270,14.536000,14.536000,0.011469
13271,14.536000,14.536000,0.011469
13272,14.536000,14.536000,0.011469
13273,14.536000,14.536000,0.011469
13274,14.536000,14.536000,0.011469
13275,14.536000,14.536000,0.011469
13276,14.536000,14.536000,0.011469
13277,14.536000,14.536000,0.011469
13278,14.536000,14.536000,0.011469
13279,14.536000,14.536000,0.011469
13280,14.536000,14.536000,0.011469
13281,14.536000,14.536000,0.011469
13282,14.536000,14.536000,0.011469
13283,14.536000,14.536000,0.011469
13284,14.536000,14.536000,0.011469
13285,14.536000,14.536000,0.011469
13286,14.536000,14.536000,0.011469
13287,14.536000,14.536000,0.011469
13288,14.536000,14.536000,0.011469
13289,14.536000,14.536000,0.011469
13290,14.536000,14.536000,0.011469
13291,14.536000,14.536000,0.011469
13292,14.536000,14.536000,0.011469
13293,14.536000,14.536000,0.011469
13294,14.536000,14.536000,0.011469
13295,14.536000,14.536000,0.011469
13296,14.536000,14.536000,0.011469
13297,14.536000,14.536000,0.011469
13298,14.536000,14.536000,0.011469
13299,14.536000,14.536000,0.011469
13300,14.536000,14.536000,0.011469
13301,14.536000,14.536000,0.010895
13302,14.536000,14.536000,0.010895
13303,14.536000,14.536000,0.010895
13304,14.536000,14.536000,0.010895
13305,14.536000,14.536000,0.010895
13306,14.536000,14.536000,0.010895
13307,14.536000,14.536000,0.010895
13308,14.536000,14.536000,0.010895
13309,14.536000,14.536000,0.010895
13310,14.536000,14.536000,0.010895
13311,14.536000,14.536000,0.010895
13312,14.536000,14.536000,0.010895
13313,14.536000,14.536000,0.010895
13314,14.536000,14.536000,0.010895
13315,14.536000,14.536000,0.010895
13316,14.536000,14.536000,0.010895
13317,14.536000,14.536000,0.010895
13318,14.536000,14.536000,0.010895
13319,14.536000,14.536000,0.010895
13320,14.536000,14.536000,0.010895
13321,14.536000,14.536000,0.010895
13322,14.536000,14.536000,0.010895
13323,14.536000,14.536000,0.010895
13324,14.536000,14.536000,0.010895
13325,14.536000,14.536000,0.010895
13326,14.536000,14.536000,0.010895
13327,14.536000,14.536000,0.010895
13328,14.536000,14.536000,0.010895
13329,14.536000,14.536000,0.010895
13330,14.536000,14.536000,0.010895
13331,14.536000,14.536000,0.010895
13332,14.536000,14.536000,0.010895
13333,14.536000,14.536000,0.010895
13334,14.536000,14.536000,0.010895
13335,14.536000,14.536000,0.010895
13336,14.536000,14.536000,0.010895
13337,14.536000,14.536000,0.010895
13338,14.536000,14.536000,0.010895
13339,14.536000,14.536000,0.010895
13340,14.536000,14.536000,0.010895
13341,14.536000,14.536000,0.010895
13342,14.536000,14.536000,0.010895
13343,14.536000,14.536000,0.010895
13344,14.536000,14.536000,0.010895
13345,14.536000,14.536000,0.010895
13346,14.536000,14.536000,0.010895
13347,14.536000,14.536000,0.010895
13348,14.536000,14.536000,0.010895
13349,14.536000,14.536000,0.010895
13350,14.536000,14.536000,0.010895
13351,14.536000,14.536000,0.010895
13352,14.536000,14.536000,0.010895
13353,14.536000,14.536000,0.010895
13354,14.536000,14.536000,0.010895
13355,14.536000,14.536000,0.010895
13356,14.536000,14.536000,0.010895
13357,14.536000,14.536000,0.010895
13358,14.536000,14.536000,0.010895
13359,14.536000,14.536000,0.010895
13360,14.536000,14.536000,0.010895
13361,14.536000,14.536000,0.010895
13362,14.536000,14.536000,0.010895
13363,14.536000,14.536000,0.010895
13364,14.536000,14.536000,0.010895
13365,14.536000,14.536000,0.010895
13366,14.536000,14.536000,0.010895
13367,14.536000,14.536000,0.010895
13368,14.536000,14.536000,0.010895
13369,14.536000,14.536000,0.010895
13370,14.536000,14.536000,0.010895
13371,14.536000,14.536000,0.010895
13372,14.536000,14.536000,0.010895
13373,14.536000,14.536000,0.010895
13374,14.536000,14.536000,0.010895
13375,14.536000,14.536000,0.010895
13376,14.536000,14.536000,0.010895
13377,14.536000,14.536000,0.010895
13378,14.536000,14.536000,0.010895
13379,14.536000,14.536000,0.010895
13380,14.536000,14.536000,0.010895
13381,14.536000,14.536000,0.010895
13382,14.536000,14.536000,0.010895
13383,14.536000,14.536000,0.010895
13384,14.536000,14.536000,0.010895
13385,14.536000,14.536000,0.010895
13386,14.536000,14.536000,0.010895
13387,14.536000,14.536000,0.010895
13388,14.536000,14.536000,0.010895
13389,14.536000,14.536000,0.010895
13390,14.536000,14.536000,0.010895
13391,14.536000,14.536000,0.010895
13392,14.536000,14.536000,0.010895
13393,14.536000,14.536000,0.010895
13394,14.536000,14.536000,0.010895
13395,14.536000,14.536000,0.010895
13396,14.536000,14.536000,0.010895
13397,14.536000,14.536000,0.010895
13398,14.536000,14.536000,0.010895
13399,14.536000,14.536000,0.010895
13400,14.536000,14.536000,0.010895
13401,14.536000,14.536000,0.010351
13402,14.536000,14.536000,0.010351
13403,14.536000,14.536000,0.010351
13404,14.536000,14.536000,0.010351
13405,14.536000,14.536000,0.010351
13406,14.536000,14.536000,0.010351
13407,14.536000,14.536000,0.010351
13408,14.536000,14.536000,0.010351
13409,14.536000,14.536000,0.010351
13410,14.536000,14.536000,0.010351
13411,14.536000,14.536000,0.010351
13412,14.536000,14.536000,0.010351
13413,14.536000,14.536000,0.010351
13414,14.536000,14.536000,0.010351
13415,14.536000,14.536000,0.010351
13416,14.536000,14.536000,0.010351
13417,14.536000,14.536000,0.010351
13418,14.536000,14.536000,0.010351
13419,14.536000,14.536000,0.010351
13420,14.536000,14.536000,0.010351
13421,14.536000,14.536000,0.010351
13422,14.536000,14.536000,0.010351
13423,14.536000,14.536000,0.010351
13424,14.536000,14.536000,0.010351
13425,14.536000,14.536000,0.010351
13426,14.536000,14.536000,0.010351
13427,14.536000,14.536000,0.010351
13428,14.536000,14.536000,0.010351
13429,14.536000,14.536000,0.010351
13430,14.536000,14.536000,0.010351
13431,14.536000,14.536000,0.010351
13432,14.536000,14.536000,0.010351
13433,14.536000,14.536000,0.010351
13434,14.536000,14.536000,0.010351
13435,14.536000,14.536000,0.010351
13436,14.536000,14.536000,0.010351
13437,14.536000,14.536000,0.010351
13438,14.536000,14.536000,0.010351
13439,14.536000,14.536000,0.010351
13440,14.536000,14.536000,0.010351
13441,14.536000,14.536000,0.010351
13442,14.536000,14.536000,0.010351
13443,14.536000,14.536000,0.010351
13444,14.536000,14.536000,0.010351
13445,14.536000,14.536000,0.010351
13446,14.536000,14.536000,0.010351
13447,14.536000,14.536000,0.010351
13448,14.536000,14.536000,0.010351
13449,14.536000,14.536000,0.010351
13450,14.536000,14.536000,0.010351
13451,14.536000,14.536000,0.010351
13452,14.536000,14.536000,0.010351
13453,14.536000,14.536000,0.010351
13454,14.536000,14.536000,0.010351
13455,14.536000,14.536000,0.010351
13456,14.536000,14.536000,0.010351
13457,14.536000,14.536000,0.010351
13458,14.536000,14.536000,0.010351
13459,14.536000,14.536000,0.010351
13460,14.536000,14.536000,0.010351
13461,14.536000,14.536000,0.010351
13462,14.536000,14.536000,0.010351
13463,14.536000,14.536000,0.010351
13464,14.536000,14.536000,0.010351
13465,14.536000,14.536000,0.010351
13466,14.536000,14.536000,0.010351
13467,14.536000,14.536000,0.010351
13468,14.536000,14.536000,0.010351
13469,14.536000,14.536000,0.010351
13470,14.536000,14.536000,0.010351
13471,14.536000,14.536000,0.010351
13472,14.536000,14.536000,0.010351
13473,14.536000,14.536000,0.010351
13474,14.536000,14.536000,0.010351
13475,14.536000,14.536000,0.010351
13476,14.536000,14.536000,0.010351
13477,14.536000,14.536000,0.010351
13478,14.536000,14.536000,0.010351
13479,14.536000,14.536000,0.010351
13480,14.536000,14.536000,0.010351
13481,14.536000,14.536000,0.010351
13482,14.536000,14.536000,0.010351
13483,14.536000,14.536000,0.010351
13484,14.536000,14.536000,0.010351
13485,14.536000,14.536000,0.010351
13486,14.536000,14.536000,0.010351
13487,14.536000,14.536000,0.010351
13488,14.536000,14.536000,0.010351
13489,14.536000,14.536000,0.010351
13490,14.536000,14.536000,0.010351
13491,14.536000,14.536000,0.010351
13492,14.536000,14.536000,0.010351
13493,14.536000,14.536000,0.010351
13494,14.536000,14.536000,0.010351
13495,14.536000,14.536000,0.010351
13496,14.536000,14.536000,0.010351
13497,14.536000,14.536000,0.010351
13498,14.536000,14.536000,0.010351
13499,14.536000,14.536000,0.010351
13500,14.536000,14.536000,0.010351
13501,14.536000,14.536000,0.009833
13502,14.536000,14.536000,0.009833
13503,14.536000,14.536000,0.009833
13504,14.536000,14.536000,0.009833
13505,14.536000,14.536000,0.009833
13506,14.536000,14.536000,0.009833
13507,14.536000,14.536000,0.009833
13508,14.536000,14.536000,0.009833
13509,14.536000,14.536000,0.009833
13510,14.536000,14.536000,0.009833
13511,14.536000,14.536000,0.009833
13512,14.536000,14.536000,0.009833
13513,14.536000,14.536000,0.009833
13514,14.536000,14.536000,0.009833
13515,14.536000,14.536000,0.009833
13516,14.536000,14.536000,0.009833
13517,14.536000,14.536000,0.009833
13518,14.536000,14.536000,0.009833
13519,14.536000,14.536000,0.009833
13520,14.536000,14.536000,0.009833
13521,14.536000,14.536000,0.009833
13522,14.536000,14.536000,0.009833
13523,14.536000,14.536000,0.009833
13524,14.536000,14.536000,0.009833
13525,14.536000,14.536000,0.009833
13526,14.536000,14.536000,0.009833
13527,14.536000,14.536000,0.009833
13528,14.536000,14.536000,0.009833
13529,14.536000,14.536000,0.009833
13530,14.536000,14.536000,0.009833
13531,14.536000,14.536000,0.009833
13532,14.536000,14.536000,0.009833
13533,14.536000,14.536000,0.009833
13534,14.536000,14.536000,0.009833
13535,14.536000,14.536000,0.009833
13536,14.536000,14.536000,0.009833
13537,14.536000,14.536000,0.009833
13538,14.536000,14.536000,0.009833
13539,14.536000,14.536000,0.009833
13540,14.536000,14.536000,0.009833
13541,14.536000,14.536000,0.009833
13542,14.536000,14.536000,0.009833
13543,14.536000,14.536000,0.009833
13544,14.536000,14.536000,0.009833
13545,14.536000,14.536000,0.009833
13546,14.536000,14.536000,0.009833
13547,14.536000,14.536000,0.009833
13548,14.536000,14.536000,0.009833
13549,14.536000,14.536000,0.009833
13550,14.536000,14.536000,0.009833
13551,14.536000,14.536000,0.009833
13552,14.536000,14.536000,0.009833
13553,14.536000,14.536000,0.009833
13554,14.536000,14.536000,0.009833
13555,14.536000,14.536000,0.009833
13556,14.536000,14.536000,0.009833
13557,14.536000,14.536000,0.009833
13558,14.536000,14.536000,0.009833
13559,14.536000,14.536000,0.009833
13560,14.536000,14.536000,0.009833
13561,14.536000,14.536000,0.009833
13562,14.536000,14.536000,0.009833
13563,14.536000,14.536000,0.009833
13564,14.536000,14.536000,0.009833
13565,14.536000,14.536000,0.009833
13566,14.536000,14.536000,0.009833
13567,14.536000,14.536000,0.009833
13568,14.536000,14.536000,0.009833
13569,14.536000,14.536000,0.009833
13570,14.536000,14.536000,0.009833
13571,14.536000,14.536000,0.009833
13572,14.536000,14.536000,0.009833
13573,14.536000,14.536000,0.009833
13574,14.536000,14.536000,0.009833
13575,14.536000,14.536000,0.009833
13576,14.536000,14.536000,0.009833
13577,14.536000,14.536000,0.009833
13578,14.536000,14.536000,0.009833
13579,14.536000,14.536000,0.009833
13580,14.536000,14.536000,0.009833
13581,14.536000,14.536000,0.009833
13582,14.536000,14.536000,0.009833
13583,14.536000,14.536000,0.009833
13584,14.536000,14.536000,0.009833
13585,14.536000,14.536000,0.009833
13586,14.536000,14.536000,0.009833
13587,14.536000,14.536000,0.009833
13588,14.536000,14.536000,0.009833
13589,14.536000,14.536000,0.009833
13590,14.536000,14.536000,0.009833
13591,14.536000,14.536000,0.009833
13592,14.536000,14.536000,0.009833
13593,14.536000,14.536000,0.009833
13594,14.536000,14.536000,0.009833
13595,14.536000,14.536000,0.009833
13596,14.536000,14.536000,0.009833
13597,14.536000,14.536000,0.009833
13598,14.536000,14.536000,0.009833
13599,14.536000,14.536000,0.009833
13600,14.536000,14.536000,0.009833
13601,14.536000,14.536000,0.009341
13602,14.536000,14.536000,0.009341
13603,14.536000,14.536000,0.009341
13604,14.536000,14.536000,0.009341
13605,14.536000,14.536000,0.009341
13606,14.536000,14.536000,0.009341
13607,14.536000,14.536000,0.009341
13608,14.536000,14.536000,0.009341
13609,14.536000,14.536000,0.009341
13610,14.536000,14.536000,0.009341
13611,14.536000,14.536000,0.009341
13612,14.536000,14.536000,0.009341
13613,14.536000,14.536000,0.009341
13614,14.536000,14.536000,0.009341
13615,14.536000,14.536000,0.009341
13616,14.536000,14.536000,0.009341
13617,14.536000,14.536000,0.009341
13618,14.536000,14.536000,0.009341
13619,14.536000,14.536000,0.009341
13620,14.536000,14.536000,0.009341
13621,14.536000,14.536000,0.009341
13622,14.536000,14.536000,0.009341
13623,14.536000,14.536000,0.009341
13624,14.536000,14.536000,0.009341
13625,14.536000,14.536000,0.009341
13626,14.536000,14.536000,0.009341
13627,14.536000,14.536000,0.009341
13628,14.536000,14.536000,0.009341
13629,14.536000,14.536000,0.009341
13630,14.536000,14.536000,0.009341
13631,14.536000,14.536000,0.009341
13632,14.536000,14.536000,0.009341
13633,14.536000,14.536000,0.009341
13634,14.536000,14.536000,0.009341
13635,14.536000,14.536000,0.009341
13636,14.536000,14.536000,0.009341
13637,14.536000,14.536000,0.009341
13638,14.536000,14.536000,0.009341
13639,14.536000,14.536000,0.009341
13640,14.536000,14.536000,0.009341
13641,14.536000,14.536000,0.009341
13642,14.536000,14.536000,0.009341
13643,14.536000,14.536000,0.009341
13644,14.536000,14.536000,0.009341
13645,14.536000,14.536000,0.009341
13646,14.536000,14.536000,0.009341
13647,14.536000,14.536000,0.009341
13648,14.536000,14.536000,0.009341
13649,14.536000,14.536000,0.009341
13650,14.536000,14.536000,0.009341
13651,14.536000,14.536000,0.009341
13652,14.536000,14.536000,0.009341
13653,14.536000,14.536000,0.009341
13654,14.536000,14.536000,0.009341
13655,14.536000,14.536000,0.009341
13656,14.536000,14.536000,0.009341
13657,14.536000,14.536000,0.009341
13658,14.536000,14.536000,0.009341
13659,14.536000,14.536000,0.009341
13660,14.536000,14.536000,0.009341
13661,14.536000,14.536000,0.009341
13662,14.536000,14.536000,0.009341
13663,14.536000,14.536000,0.009341
13664,14.536000,14.536000,0.009341
13665,14.536000,14.536000,0.009341
13666,14.536000,14.536000,0.009341
13667,14.536000,14.536000,0.009341
13668,14.536000,14.536000,0.009341
13669,14.536000,14.536000,0.009341
13670,14.536000,14.536000,0.009341
13671,14.536000,14.536000,0.009341
13672,14.536000,14.536000,0.009341
13673,14.536000,14.536000,0.009341
13674,14.536000,14.536000,0.009341
13675,14.536000,14.536000,0.009341
13676,14.536000,14.536000,0.009341
13677,14.536000,14.536000,0.009341
13678,14.536000,14.536000,0.009341
13679,14.536000,14.536000,0.009341
13680,14.536000,14.536000,0.009341
13681,14.536000,14.536000,0.009341
13682,14.536000,14.536000,0.009341
13683,14.536000,14.536000,0.009341
13684,14.536000,14.536000,0.009341
13685,14.536000,14.536000,0.009341
13686,14.536000,14.536000,0.009341
13687,14.536000,14.536000,0.009341
13688,14.536000,14.536000,0.009341
13689,14.536000,14.536000,0.009341
13690,14.536000,14.536000,0.009341
13691,14.536000,14.536000,0.009341
13692,14.536000,14.536000,0.009341
13693,14.536000,14.536000,0.009341
13694,14.536000,14.536000,0.009341
13695,14.536000,14.536000,0.009341
13696,14.536000,14.536000,0.009341
13697,14.536000,14.536000,0.009341
13698,14.536000,14.536000,0.009341
13699,14.536000,14.536000,0.009341
13700,14.536000,14.536000,0.009341
13701,14.536000,14.536000,0.008874
13702,14.536000,14.536000,0.008874
13703,14.536000,14.536000,0.008874
13704,14.536000,14.536000,0.008874
13705,14.536000,14.536000,0.008874
13706,14.536000,14.536000,0.008874
13707,14.536000,14.536000,0.008874
13708,14.536000,14.536000,0.008874
13709,14.536000,14.536000,0.008874
13710,14.536000,14.536000,0.008874
13711,14.536000,14.536000,0.008874
13712,14.536000,14.536000,0.008874
13713,14.536000,14.536000,0.008874
13714,14.536000,14.536000,0.008874
13715,14.536000,14.536000,0.008874
13716,14.536000,14.536000,0.008874
13717,14.536000,14.536000,0.008874
13718,14.536000,14.536000,0.008874
13719,14.536000,14.536000,0.008874
13720,14.536000,14.536000,0.008874
13721,14.536000,14.536000,0.008874
13722,14.536000,14.536000,0.008874
13723,14.536000,14.536000,0.008874
13724,14.536000,14.536000,0.008874
13725,14.536000,14.536000,0.008874
13726,14.536000,14.536000,0.008874
13727,14.536000,14.536000,0.008874
13728,14.536000,14.536000,0.008874
13729,14.536000,14.536000,0.008874
13730,14.536000,14.536000,0.008874
13731,14.536000,14.536000,0.008874
13732,14.536000,14.536000,0.008874
13733,14.536000,14.536000,0.008874
13734,14.536000,14.536000,0.008874
13735,14.536000,14.536000,0.008874
13736,14.536000,14.536000,0.008874
13737,14.536000,14.536000,0.008874
13738,14.536000,14.536000,0.008874
13739,14.536000,14.536000,0.008874
13740,14.536000,14.536000,0.008874
13741,14.536000,14.536000,0.008874
13742,14.536000,14.536000,0.008874
13743,14.536000,14.536000,0.008874
13744,14.536000,14.536000,0.008874
13745,14.536000,14.536000,0.008874
13746,14.536000,14.536000,0.008874
13747,14.536000,14.536000,0.008874
13748,14.536000,14.536000,0.008874
13749,14.536000,14.536000,0.008874
13750,14.536000,14.536000,0.008874
13751,14.536000,14.536000,0.008874
13752,14.536000,14.536000,0.008874
13753,14.536000,14.536000,0.008874
13754,14.536000,14.536000,0.008874
13755,14.536000,14.536000,0.008874
13756,14.536000,14.536000,0.008874
13757,14.536000,14.536000,0.008874
13758,14.536000,14.536000,0.008874
13759,14.536000,14.536000,0.008874
13760,14.536000,14.536000,0.008874
13761,14.536000,14.536000,0.008874
13762,14.536000,14.536000,0.008874
13763,14.536000,14.536000,0.008874
13764,14.536000,14.536000,0.008874
13765,14.536000,14.536000,0.008874
13766,14.536000,14.536000,0.008874
13767,14.536000,14.536000,0.008874
13768,14.536000,14.536000,0.008874
13769,14.536000,14.536000,0.008874
13770,14.536000,14.536000,0.008874
13771,14.536000,14.536000,0.008874
13772,14.536000,14.536000,0.008874
13773,14.536000,14.536000,0.008874
13774,14.536000,14.536000,0.008874
13775,14.536000,14.536000,0.008874
13776,14.536000,14.536000,0.008874
13777,14.536000,14.536000,0.008874
13778,14.536000,14.536000,0.008874
13779,14.536000,14.536000,0.008874
13780,14.536000,14.536000,0.008874
13781,14.536000,14.536000,0.008874
13782,14.536000,14.536000,0.008874
13783,14.536000,14.536000,0.008874
13784,14.536000,14.536000,0.008874
13785,14.536000,14.536000,0.008874
13786,14.536000,14.536000,0.008874
13787,14.536000,14.536000,0.008874
13788,14.536000,14.536000,0.008874
13789,14.536000,14.536000,0.008874
13790,14.536000,14.536000,0.008874
13791,14.536000,14.536000,0.008874
13792,14.536000,14.536000,0.008874
13793,14.536000,14.536000,0.008874
13794,14.536000,14.536000,0.008874
13795,14.536000,14.536000,0.008874
13796,14.536000,14.536000,0.008874
13797,14.536000,14.536000,0.008874
13798,14.536000,14.536000,0.008874
13799,14.536000,14.536000,0.008874
13800,14.536000,14.536000,0.008874
13801,14.536000,14.536000,0.008431
13802,14.536000,14.536000,0.008431
13803,14.536000,14.536000,0.008431
13804,14.536000,14.536000,0.008431
13805,14.536000,14.536000,0.008431
13806,14.536000,14.536000,0.008431
13807,14.536000,14.536000,0.008431
13808,14.536000,14.536000,0.008431
13809,14.536000,14.536000,0.008431
13810,14.536000,14.536000,0.008431
13811,14.536000,14.536000,0.008431
13812,14.536000,14.536000,0.008431
13813,14.536000,14.536000,0.008431
13814,14.536000,14.536000,0.008431
13815,14.536000,14.536000,0.008431
13816,14.536000,14.536000,0.008431
13817,14.536000,14.536000,0.008431
13818,14.536000,14.536000,0.008431
13819,14.536000,14.536000,0.008431
13820,14.536000,14.536000,0.008431
13821,14.536000,14.536000,0.008431
13822,14.536000,14.536000,0.008431
13823,14.536000,14.536000,0.008431
13824,14.536000,14.536000,0.008431
13825,14.536000,14.536000,0.008431
13826,14.536000,14.536000,0.008431
13827,14.536000,14.536000,0.008431
13828,14.536000,14.536000,0.008431
13829,14.536000,14.536000,0.008431
13830,14.536000,14.536000,0.008431
13831,14.536000,14.536000,0.008431
13832,14.536000,14.536000,0.008431
13833,14.536000,14.536000,0.008431
13834,14.536000,14.536000,0.008431
13835,14.536000,14.536000,0.008431
13836,14.536000,14.536000,0.008431
13837,14.536000,14.536000,0.008431
13838,14.536000,14.536000,0.008431
13839,14.536000,14.536000,0.008431
13840,14.536000,14.536000,0.008431
13841,14.536000,14.536000,0.008431
13842,14.536000,14.536000,0.008431
13843,14.536000,14.536000,0.008431
13844,14.536000,14.536000,0.008431
13845,14.536000,14.536000,0.008431
13846,14.536000,14.536000,0.008431
13847,14.536000,14.536000,0.008431
13848,14.536000,14.536000,0.008431
13849,14.536000,14.536000,0.008431
13850,14.536000,14.536000,0.008431
13851,14.536000,14.536000,0.008431
13852,14.536000,14.536000,0.008431
13853,14.536000,14.536000,0.008431
13854,14.536000,14.536000,0.008431
13855,14.536000,14.536000,0.008431
13856,14.536000,14.536000,0.008431
13857,14.536000,14.536000,0.008431
13858,14.536000,14.536000,0.008431
13859,14.536000,14.536000,0.008431
13860,14.536000,14.536000,0.008431
13861,14.536000,14.536000,0.008431
13862,14.536000,14.536000,0.008431
13863,14.536000,14.536000,0.008431
13864,14.536000,14.536000,0.008431
13865,14.536000,14.536000,0.008431
13866,14.536000,14.536000,0.008431
13867,14.536000,14.536000,0.008431
13868,14.536000,14.536000,0.008431
13869,14.536000,14.536000,0.008431
13870,14.536000,14.536000,0.008431
13871,14.536000,14.536000,0.008431
13872,14.536000,14.536000,0.008431
13873,14.536000,14.536000,0.008431
13874,14.536000,14.536000,0.008431
13875,14.536000,14.536000,0.008431
13876,14.536000,14.536000,0.008431
13877,14.536000,14.536000,0.008431
13878,14.536000,14.536000,0.008431
13879,14.536000,14.536000,0.008431
13880,14.536000,14.536000,0.008431
13881,14.536000,14.536000,0.008431
13882,14.536000,14.536000,0.008431
13883,14.536000,14.536000,0.008431
13884,14.536000,14.536000,0.008431
13885,14.536000,14.536000,0.008431
13886,14.536000,14.536000,0.008431
13887,14.536000,14.536000,0.008431
13888,14.536000,14.536000,0.008431
13889,14.536000,14.536000,0.008431
13890,14.536000,14.536000,0.008431
13891,14.536000,14.536000,0.008431
13892,14.536000,14.536000,0.008431
13893,14.536000,14.536000,0.008431
13894,14.536000,14.536000,0.008431
13895,14.536000,14.536000,0.008431
13896,14.536000,14.536000,0.008431
13897,14.536000,14.536000,0.008431
13898,14.536000,14.536000,0.008431
13899,14.536000,14.536000,0.008431
13900,14.536000,14.536000,0.008431
13901,14.536000,14.536000,0.008009
13902,14.536000,14.536000,0.008009
13903,14.536000,14.536000,0.008009
13904,14.536000,14.536000,0.008009
13905,14.536000,14.536000,0.008009
13906,14.536000,14.536000,0.008009
13907,14.536000,14.536000,0.008009
13908,14.536000,14.536000,0.008009
13909,14.536000,14.536000,0.008009
13910,14.536000,14.536000,0.008009
13911,14.536000,14.536000,0.008009
13912,14.536000,14.536000,0.008009
13913,14.536000,14.536000,0.008009
13914,14.536000,14.536000,0.008009
13915,14.536000,14.536000,0.008009
13916,14.536000,14.536000,0.008009
13917,14.536000,14.536000,0.008009
13918,14.536000,14.536000,0.008009
13919,14.536000,14.536000,0.008009
13920,14.536000,14.536000,0.008009
13921,14.536000,14.536000,0.008009
13922,14.536000,14.536000,0.008009
13923,14.536000,14.536000,0.008009
13924,14.536000,14.536000,0.008009
13925,14.536000,14.536000,0.008009
13926,14.536000,14.536000,0.008009
13927,14.536000,14.536000,0.008009
13928,14.536000,14.536000,0.008009
13929,14.536000,14.536000,0.008009
13930,14.536000,14.536000,0.008009
13931,14.536000,14.536000,0.008009
13932,14.536000,14.536000,0.008009
13933,14.536000,14.536000,0.008009
13934,14.536000,14.536000,0.008009
13935,14.536000,14.536000,0.008009
13936,14.536000,14.536000,0.008009
13937,14.536000,14.536000,0.008009
13938,14.536000,14.536000,0.008009
13939,14.536000,14.536000,0.008009
13940,14.536000,14.536000,0.008009
13941,14.536000,14.536000,0.008009
13942,14.536000,14.536000,0.008009
13943,14.536000,14.536000,0.008009
13944,14.536000,14.536000,0.008009
13945,14.536000,14.536000,0.008009
13946,14.536000,14.536000,0.008009
13947,14.536000,14.536000,0.008009
13948,14.536000,14.536000,0.008009
13949,14.536000,14.536000,0.008009
13950,14.536000,14.536000,0.008009
13951,14.536000,14.536000,0.008009
13952,14.536000,14.536000,0.008009
13953,14.536000,14.536000,0.008009
13954,14.536000,14.536000,0.008009
13955,14.536000,14.536000,0.008009
13956,14.536000,14.536000,0.008009
13957,14.536000,14.536000,0.008009
13958,14.536000,14.536000,0.008009
13959,14.536000,14.536000,0.008009
13960,14.536000,14.536000,0.008009
13961,14.536000,14.536000,0.008009
13962,14.536000,14.536000,0.008009
13963,14.536000,14.536000,0.008009
13964,14.536000,14.536000,0.008009
13965,14.536000,14.536000,0.008009
13966,14.536000,14.536000,0.008009
13967,14.536000,14.536000,0.008009
13968,14.536000,14.536000,0.008009
13969,14.536000,14.536000,0.008009
13970,14.536000,14.536000,0.008009
13971,14.536000,14.536000,0.008009
13972,14.536000,14.536000,0.008009
13973,14.536000,14.536000,0.008009
13974,14.536000,14.536000,0.008009
13975,14.536000,14.536000,0.008009
13976,14.536000,14.536000,0.008009
13977,14.536000,14.536000,0.008009
13978,14.536000,14.536000,0.008009
13979,14.536000,14.536000,0.008009
13980,14.536000,14.536000,0.008009
13981,14.536000,14.536000,0.008009
13982,14.536000,14.536000,0.008009
13983,14.536000,14.536000,0.008009
13984,14.536000,14.536000,0.008009
13985,14.536000,14.536000,0.008009
13986,14.536000,14.536000,0.008009
13987,14.536000,14.536000,0.008009
13988,14.536000,14.536000,0.008009
13989,14.536000,14.536000,0.008009
13990,14.536000,14.536000,0.008009
13991,14.536000,14.536000,0.008009
13992,14.536000,14.536000,0.008009
13993,14.536000,14.536000,0.008009
13994,14.536000,14.536000,0.008009
13995,14.536000,14.536000,0.008009
13996,14.536000,14.536000,0.008009
13997,14.536000,14.536000,0.008009
13998,14.536000,14.536000,0.008009
13999,14.536000,14.536000,0.008009
14000,14.536000,14.536000,0.008009
14001,14.536000,14.536000,0.007609
14002,14.536000,14.536000,0.007609
14003,14.536000,14.536000,0.007609
14004,14.536000,14.536000,0.007609
14005,14.536000,14.536000,0.007609
14006,14.536000,14.536000,0.007609
14007,14.536000,14.536000,0.007609
14008,14.536000,14.536000,0.007609
14009,14.536000,14.536000,0.007609
14010,14.536000,14.536000,0.007609
14011,14.536000,14.536000,0.007609
14012,14.536000,14.536000,0.007609
14013,14.536000,14.536000,0.007609
14014,14.536000,14.536000,0.007609
14015,14.536000,14.536000,0.007609
14016,14.536000,14.536000,0.007609
14017,14.536000,14.536000,0.007609
14018,14.536000,14.536000,0.007609
14019,14.536000,14.536000,0.007609
14020,14.536000,14.536000,0.007609
14021,14.536000,14.536000,0.007609
14022,14.536000,14.536000,0.007609
14023,14.536000,14.536000,0.007609
14024,14.536000,14.536000,0.007609
14025,14.536000,14.536000,0.007609
14026,14.536000,14.536000,0.007609
14027,14.536000,14.536000,0.007609
14028,14.536000,14.536000,0.007609
14029,14.536000,14.536000,0.007609
14030,14.536000,14.536000,0.007609
14031,14.536000,14.536000,0.007609
14032,14.536000,14.536000,0.007609
14033,14.536000,14.536000,0.007609
14034,14.536000,14.536000,0.007609
14035,14.536000,14.536000,0.007609
14036,14.536000,14.536000,0.007609
14037,14.536000,14.536000,0.007609
14038,14.536000,14.536000,0.007609
14039,14.536000,14.536000,0.007609
14040,14.536000,14.536000,0.007609
14041,14.536000,14.536000,0.007609
14042,14.536000,14.536000,0.007609
14043,14.536000,14.536000,0.007609
14044,14.536000,14.536000,0.007609
14045,14.536000,14.536000,0.007609
14046,14.536000,14.536000,0.007609
14047,14.536000,14.536000,0.007609
14048,14.536000,14.536000,0.007609
14049,14.536000,14.536000,0.007609
14050,14.536000,14.536000,0.007609
14051,14.536000,14.536000,0.007609
14052,14.536000,14.536000,0.007609
14053,14.536000,14.536000,0.007609
14054,14.536000,14.536000,0.007609
14055,14.536000,14.536000,0.007609
14056,14.536000,14.536000,0.007609
14057,14.536000,14.536000,0.007609
14058,14.536000,14.536000,0.007609
14059,14.536000,14.536000,0.007609
14060,14.536000,14.536000,0.007609
14061,14.536000,14.536000,0.007609
14062,14.536000,14.536000,0.007609
14063,14.536000,14.536000,0.007609
14064,14.536000,14.536000,0.007609
14065,14.536000,14.536000,0.007609
14066,14.536000,14.536000,0.007609
14067,14.536000,14.536000,0.007609
14068,14.536000,14.536000,0.007609
14069,14.536000,14.536000,0.007609
14070,14.536000,14.536000,0.007609
14071,14.536000,14.536000,0.007609
14072,14.536000,14.536000,0.007609
14073,14.536000,14.536000,0.007609
14074,14.536000,14.536000,0.007609
14075,14.536000,14.536000,0.007609
14076,14.536000,14.536000,0.007609
14077,14.536000,14.536000,0.007609
14078,14.536000,14.536000,0.007609
14079,14.536000,14.536000,0.007609
14080,14.536000,14.536000,0.007609
14081,14.536000,14.536000,0.007609
14082,14.536000,14.536000,0.007609
14083,14.536000,14.536000,0.007609
14084,14.536000,14.536000,0.007609
14085,14.536000,14.536000,0.007609
14086,14.536000,14.536000,0.007609
14087,14.536000,14.536000,0.007609
14088,14.536000,14.536000,0.007609
14089,14.536000,14.536000,0.007609
14090,14.536000,14.536000,0.007609
14091,14.536000,14.536000,0.007609
14092,14.536000,14.536000,0.007609
14093,14.536000,14.536000,0.007609
14094,14.536000,14.536000,0.007609
14095,14.536000,14.536000,0.007609
14096,14.536000,14.536000,0.007609
14097,14.536000,14.536000,0.007609
14098,14.536000,14.536000,0.007609
14099,14.536000,14.536000,0.007609
14100,14.536000,14.536000,0.007609
14101,14.536000,14.536000,0.007228
14102,14.536000,14.536000,0.007228
14103,14.536000,14.536000,0.007228
14104,14.536000,14.536000,0.007228
14105,14.536000,14.536000,0.007228
14106,14.536000,14.536000,0.007228
14107,14.536000,14.536000,0.007228
14108,14.536000,14.536000,0.007228
14109,14.536000,14.536000,0.007228
14110,14.536000,14.536000,0.007228
14111,14.536000,14.536000,0.007228
14112,14.536000,14.536000,0.007228
14113,14.536000,14.536000,0.007228
14114,14.536000,14.536000,0.007228
14115,14.536000,14.536000,0.007228
14116,14.536000,14.536000,0.007228
14117,14.536000,14.536000,0.007228
14118,14.536000,14.536000,0.007228
14119,14.536000,14.536000,0.007228
14120,14.536000,14.536000,0.007228
14121,14.536000,14.536000,0.007228
14122,14.536000,14.536000,0.007228
14123,14.536000,14.536000,0.007228
14124,14.536000,14.536000,0.007228
14125,14.536000,14.536000,0.007228
14126,14.536000,14.536000,0.007228
14127,14.536000,14.536000,0.007228
14128,14.536000,14.536000,0.007228
14129,14.536000,14.536000,0.007228
14130,14.536000,14.536000,0.007228
14131,14.536000,14.536000,0.007228
14132,14.536000,14.536000,0.007228
14133,14.536000,14.536000,0.007228
14134,14.536000,14.536000,0.007228
14135,14.536000,14.536000,0.007228
14136,14.536000,14.536000,0.007228
14137,14.536000,14.536000,0.007228
14138,14.536000,14.536000,0.007228
14139,14.536000,14.536000,0.007228
14140,14.536000,14.536000,0.007228
14141,14.536000,14.536000,0.007228
14142,14.536000,14.536000,0.007228
14143,14.536000,14.536000,0.007228
14144,14.536000,14.536000,0.007228
14145,14.536000,14.536000,0.007228
14146,14.536000,14.536000,0.007228
14147,14.536000,14.536000,0.007228
14148,14.536000,14.536000,0.007228
14149,14.536000,14.536000,0.007228
14150,14.536000,14.536000,0.007228
14151,14.536000,14.536000,0.007228
14152,14.536000,14.536000,0.007228
14153,14.536000,14.536000,0.007228
14154,14.536000,14.536000,0.007228
14155,14.536000,14.536000,0.007228
14156,14.536000,14.536000,0.007228
14157,14.536000,14.536000,0.007228
14158,14.536000,14.536000,0.007228
14159,14.536000,14.536000,0.007228
14160,14.536000,14.536000,0.007228
14161,14.536000,14.536000,0.007228
14162,14.536000,14.536000,0.007228
14163,14.536000,14.536000,0.007228
14164,14.536000,14.536000,0.007228
14165,14.536000,14.536000,0.007228
14166,14.536000,14.536000,0.007228
14167,14.536000,14.536000,0.007228
14168,14.536000,14.536000,0.007228
14169,14.536000,14.536000,0.007228
14170,14.536000,14.536000,0.007228
14171,14.536000,14.536000,0.007228
14172,14.536000,14.536000,0.007228
14173,14.536000,14.536000,0.007228
14174,14.536000,14.536000,0.007228
14175,14.536000,14.536000,0.007228
14176,14.536000,14.536000,0.007228
14177,14.536000,14.536000,0.007228
14178,14.536000,14.536000,0.007228
14179,14.536000,14.536000,0.007228
14180,14.536000,14.536000,0.007228
14181,14.536000,14.536000,0.007228
14182,14.536000,14.536000,0.007228
14183,14.536000,14.536000,0.007228
14184,14.536000,14.536000,0.007228
14185,14.536000,14.536000,0.007228
14186,14.536000,14.536000,0.007228
14187,14.536000,14.536000,0.007228
14188,14.536000,14.536000,0.007228
14189,14.536000,14.536000,0.007228
14190,14.536000,14.536000,0.007228
14191,14.536000,14.536000,0.007228
14192,14.536000,14.536000,0.007228
14193,14.536000,14.536000,0.007228
14194,14.536000,14.536000,0.007228
14195,14.536000,14.536000,0.007228
14196,14.536000,14.536000,0.007228
14197,14.536000,14.536000,0.007228
14198,14.536000,14.536000,0.007228
14199,14.536000,14.536000,0.007228
14200,14.536000,14.536000,0.007228
14201,14.536000,14.536000,0.006867
14202,14.536000,14.536000,0.006867
14203,14.536000,14.536000,0.006867
14204,14.536000,14.536000,0.006867
14205,14.536000,14.536000,0.006867
14206,14.536000,14.536000,0.006867
14207,14.536000,14.536000,0.006867
14208,14.536000,14.536000,0.006867
14209,14.536000,14.536000,0.006867
14210,14.536000,14.536000,0.006867
14211,14.536000,14.536000,0.006867
14212,14.536000,14.536000,0.006867
14213,14.536000,14.536000,0.006867
14214,14.536000,14.536000,0.006867
14215,14.536000,14.536000,0.006867
14216,14.536000,14.536000,0.006867
14217,14.536000,14.536000,0.006867
14218,14.536000,14.536000,0.006867
14219,14.536000,14.536000,0.006867
14220,14.536000,14.536000,0.006867
14221,14.536000,14.536000,0.006867
14222,14.536000,14.536000,0.006867
14223,14.536000,14.536000,0.006867
14224,14.536000,14.536000,0.006867
14225,14.536000,14.536000,0.006867
14226,14.536000,14.536000,0.006867
14227,14.536000,14.536000,0.006867
14228,14.536000,14.536000,0.006867
14229,14.536000,14.536000,0.006867
14230,14.536000,14.536000,0.006867
14231,14.536000,14.536000,0.006867
14232,14.536000,14.536000,0.006867
14233,14.536000,14.536000,0.006867
14234,14.536000,14.536000,0.006867
14235,14.536000,14.536000,0.006867
14236,14.536000,14.536000,0.006867
14237,14.536000,14.536000,0.006867
14238,14.536000,14.536000,0.006867
14239,14.536000,14.536000,0.006867
14240,14.536000,14.536000,0.006867
14241,14.536000,14.536000,0.006867
14242,14.536000,14.536000,0.006867
14243,14.536000,14.536000,0.006867
14244,14.536000,14.536000,0.006867
14245,14.536000,14.536000,0.006867
14246,14.536000,14.536000,0.006867
14247,14.536000,14.536000,0.006867
14248,14.536000,14.536000,0.006867
14249,14.536000,14.536000,0.006867
14250,14.536000,14.536000,0.006867
14251,14.536000,14.536000,0.006867
14252,14.536000,14.536000,0.006867
14253,14.536000,14.536000,0.006867
14254,14.536000,14.536000,0.006867
14255,14.536000,14.536000,0.006867
14256,14.536000,14.536000,0.006867
14257,14.536000,14.536000,0.006867
14258,14.536000,14.536000,0.006867
14259,14.536000,14.536000,0.006867
14260,14.536000,14.536000,0.006867
14261,14.536000,14.536000,0.006867
14262,14.536000,14.536000,0.006867
14263,14.536000,14.536000,0.006867
14264,14.536000,14.536000,0.006867
14265,14.536000,14.536000,0.006867
14266,14.536000,14.536000,0.006867
14267,14.536000,14.536000,0.006867
14268,14.536000,14.536000,0.006867
14269,14.536000,14.536000,0.006867
14270,14.536000,14.536000,0.006867
14271,14.536000,14.536000,0.006867
14272,14.536000,14.536000,0.006867
14273,14.536000,14.536000,0.006867
14274,14.536000,14.536000,0.006867
14275,14.536000,14.536000,0.006867
14276,14.536000,14.536000,0.006867
14277,14.536000,14.536000,0.006867
14278,14.536000,14.536000,0.006867
14279,14.536000,14.536000,0.006867
14280,14.536000,14.536000,0.006867
14281,14.536000,14.536000,0.006867
14282,14.536000,14.536000,0.006867
14283,14.536000,14.536000,0.006867
14284,14.536000,14.536000,0.006867
14285,14.536000,14.536000,0.006867
14286,14.536000,14.536000,0.006867
14287,14.536000,14.536000,0.006867
14288,14.536000,14.536000,0.006867
14289,14.536000,14.536000,0.006867
14290,14.536000,14.536000,0.006867
14291,14.536000,14.536000,0.006867
14292,14.536000,14.536000,0.006867
14293,14.536000,14.536000,0.006867
14294,14.536000,14.536000,0.006867
14295,14.536000,14.536000,0.006867
14296,14.536000,14.536000,0.006867
14297,14.536000,14.536000,0.006867
14298,14.536000,14.536000,0.006867
14299,14.536000,14.536000,0.006867
14300,14.536000,14.536000,0.006867
14301,14.536000,14.536000,0.006523
14302,14.536000,14.536000,0.006523
14303,14.536000,14.536000,0.006523
14304,14.536000,14.536000,0.006523
14305,14.536000,14.536000,0.006523
14306,14.536000,14.536000,0.006523
14307,14.536000,14.536000,0.006523
14308,14.536000,14.536000,0.006523
14309,14.536000,14.536000,0.006523
14310,14.536000,14.536000,0.006523
14311,14.536000,14.536000,0.006523
14312,14.536000,14.536000,0.006523
14313,14.536000,14.536000,0.006523
14314,14.536000,14.536000,0.006523
14315,14.536000,14.536000,0.006523
14316,14.536000,14.536000,0.006523
14317,14.536000,14.536000,0.006523
14318,14.536000,14.536000,0.006523
14319,14.536000,14.536000,0.006523
14320,14.536000,14.536000,0.006523
14321,14.536000,14.536000,0.006523
14322,14.536000,14.536000,0.006523
14323,14.536000,14.536000,0.006523
14324,14.536000,14.536000,0.006523
14325,14.536000,14.536000,0.006523
14326,14.536000,14.536000,0.006523
14327,14.536000,14.536000,0.006523
14328,14.536000,14.536000,0.006523
14329,14.536000,14.536000,0.006523
14330,14.536000,14.536000,0.006523
14331,14.536000,14.536000,0.006523
14332,14.536000,14.536000,0.006523
14333,14.536000,14.536000,0.006523
14334,14.536000,14.536000,0.006523
14335,14.536000,14.536000,0.006523
14336,14.536000,14.536000,0.006523
14337,14.536000,14.536000,0.006523
14338,14.536000,14.536000,0.006523
14339,14.536000,14.536000,0.006523
14340,14.536000,14.536000,0.006523
14341,14.536000,14.536000,0.006523
14342,14.536000,14.536000,0.006523
14343,14.536000,14.536000,0.006523
14344,14.536000,14.536000,0.006523
14345,14.536000,14.536000,0.006523
14346,14.536000,14.536000,0.006523
14347,14.536000,14.536000,0.006523
14348,14.536000,14.536000,0.006523
14349,14.536000,14.536000,0.006523
14350,14.536000,14.536000,0.006523
14351,14.536000,14.536000,0.006523
14352,14.536000,14.536000,0.006523
14353,14.536000,14.536000,0.006523
14354,14.536000,14.536000,0.006523
14355,14.536000,14.536000,0.006523
14356,14.536000,14.536000,0.006523
14357,14.536000,14.536000,0.006523
14358,14.536000,14.536000,0.006523
14359,14.536000,14.536000,0.006523
14360,14.536000,14.536000,0.006523
14361,14.536000,14.536000,0.006523
14362,14.536000,14.536000,0.006523
14363,14.536000,14.536000,0.006523
14364,14.536000,14.536000,0.006523
14365,14.536000,14.536000,0.006523
14366,14.536000,14.536000,0.006523
14367,14.536000,14.536000,0.006523
14368,14.536000,14.536000,0.006523
14369,14.536000,14.536000,0.006523
14370,14.536000,14.536000,0.006523
14371,14.536000,14.536000,0.006523
14372,14.536000,14.536000,0.006523
14373,14.536000,14.536000,0.006523
14374,14.536000,14.536000,0.006523
14375,14.536000,14.536000,0.006523
14376,14.536000,14.536000,0.006523
14377,14.536000,14.536000,0.006523
14378,14.536000,14.536000,0.006523
14379,14.536000,14.536000,0.006523
14380,14.536000,14.536000,0.006523
14381,14.536000,14.536000,0.006523
14382,14.536000,14.536000,0.006523
14383,14.536000,14.536000,0.006523
14384,14.536000,14.536000,0.006523
14385,14.536000,14.536000,0.006523
14386,14.536000,14.536000,0.006523
14387,14.536000,14.536000,0.006523
14388,14.536000,14.536000,0.006523
14389,14.536000,14.536000,0.006523
14390,14.536000,14.536000,0.006523
14391,14.536000,14.536000,0.006523
14392,14.536000,14.536000,0.006523
14393,14.536000,14.536000,0.006523
14394,14.536000,14.536000,0.006523
14395,14.536000,14.536000,0.006523
14396,14.536000,14.536000,0.006523
14397,14.536000,14.536000,0.006523
14398,14.536000,14.536000,0.006523
14399,14.536000,14.536000,0.006523
14400,14.536000,14.536000,0.006523
14401,14.536000,14.536000,0.006197
14402,14.536000,14.536000,0.006197
14403,14.536000,14.536000,0.006197
14404,14.536000,14.536000,0.006197
14405,14.536000,14.536000,0.006197
14406,14.536000,14.536000,0.006197
14407,14.536000,14.536000,0.006197
14408,14.536000,14.536000,0.006197
14409,14.536000,14.536000,0.006197
14410,14.536000,14.536000,0.006197
14411,14.536000,14.536000,0.006197
14412,14.536000,14.536000,0.006197
14413,14.536000,14.536000,0.006197
14414,14.536000,14.536000,0.006197
14415,14.536000,14.536000,0.006197
14416,14.536000,14.536000,0.006197
14417,14.536000,14.536000,0.006197
14418,14.536000,14.536000,0.006197
14419,14.536000,14.536000,0.006197
14420,14.536000,14.536000,0.006197
14421,14.536000,14.536000,0.006197
14422,14.536000,14.536000,0.006197
14423,14.536000,14.536000,0.006197
14424,14.536000,14.536000,0.006197
14425,14.536000,14.536000,0.006197
14426,14.536000,14.536000,0.006197
14427,14.536000,14.536000,0.006197
14428,14.536000,14.536000,0.006197
14429,14.536000,14.536000,0.006197
14430,14.536000,14.536000,0.006197
14431,14.536000,14.536000,0.006197
14432,14.536000,14.536000,0.006197
14433,14.536000,14.536000,0.006197
14434,14.536000,14.536000,0.006197
14435,14.536000,14.536000,0.006197
14436,14.536000,14.536000,0.006197
14437,14.536000,14.536000,0.006197
14438,14.536000,14.536000,0.006197
14439,14.536000,14.536000,0.006197
14440,14.536000,14.536000,0.006197
14441,14.536000,14.536000,0.006197
14442,14.536000,14.536000,0.006197
14443,14.536000,14.536000,0.006197
14444,14.536000,14.536000,0.006197
14445,14.536000,14.536000,0.006197
14446,14.536000,14.536000,0.006197
14447,14.536000,14.536000,0.006197
14448,14.536000,14.536000,0.006197
14449,14.536000,14.536000,0.006197
14450,14.536000,14.536000,0.006197
14451,14.536000,14.536000,0.006197
14452,14.536000,14.536000,0.006197
14453,14.536000,14.536000,0.006197
14454,14.536000,14.536000,0.006197
14455,14.536000,14.536000,0.006197
14456,14.536000,14.536000,0.006197
14457,14.536000,14.536000,0.006197
14458,14.536000,14.536000,0.006197
14459,14.536000,14.536000,0.006197
14460,14.536000,14.536000,0.006197
14461,14.536000,14.536000,0.006197
14462,14.536000,14.536000,0.006197
14463,14.536000,14.536000,0.006197
14464,14.536000,14.536000,0.006197
14465,14.536000,14.536000,0.006197
14466,14.536000,14.536000,0.006197
14467,14.536000,14.536000,0.006197
14468,14.536000,14.536000,0.006197
14469,14.536000,14.536000,0.006197
14470,14.536000,14.536000,0.006197
14471,14.536000,14.536000,0.006197
14472,14.536000,14.536000,0.006197
14473,14.536000,14.536000,0.006197
14474,14.536000,14.536000,0.006197
14475,14.536000,14.536000,0.006197
14476,14.536000,14.536000,0.006197
14477,14.536000,14.536000,0.006197
14478,14.536000,14.536000,0.006197
14479,14.536000,14.536000,0.006197
14480,14.536000,14.536000,0.006197
14481,14.536000,14.536000,0.006197
14482,14.536000,14.536000,0.006197
14483,14.536000,14.536000,0.006197
14484,14.536000,14.536000,0.006197
14485,14.536000,14.536000,0.006197
14486,14.536000,14.536000,0.006197
14487,14.536000,14.536000,0.006197
14488,14.536000,14.536000,0.006197
14489,14.536000,14.536000,0.006197
14490,14.536000,14.536000,0.006197
14491,14.536000,14.536000,0.006197
14492,14.536000,14.536000,0.006197
14493,14.536000,14.536000,0.006197
14494,14.536000,14.536000,0.006197
14495,14.536000,14.536000,0.006197
14496,14.536000,14.536000,0.006197
14497,14.536000,14.536000,0.006197
14498,14.536000,14.536000,0.006197
14499,14.536000,14.536000,0.006197
14500,14.536000,14.536000,0.006197
14501,14.536000,14.536000,0.005887
14502,14.536000,14.536000,0.005887
14503,14.536000,14.536000,0.005887
14504,14.536000,14.536000,0.005887
14505,14.536000,14.536000,0.005887
14506,14.536000,14.536000,0.005887
14507,14.536000,14.536000,0.005887
14508,14.536000,14.536000,0.005887
14509,14.536000,14.536000,0.005887
14510,14.536000,14.536000,0.005887
14511,14.536000,14.536000,0.005887
14512,14.536000,14.536000,0.005887
14513,14.536000,14.536000,0.005887
14514,14.536000,14.536000,0.005887
14515,14.536000,14.536000,0.005887
14516,14.536000,14.536000,0.005887
14517,14.536000,14.536000,0.005887
14518,14.536000,14.536000,0.005887
14519,14.536000,14.536000,0.005887
14520,14.536000,14.536000,0.005887
14521,14.536000,14.536000,0.005887
14522,14.536000,14.536000,0.005887
14523,14.536000,14.536000,0.005887
14524,14.536000,14.536000,0.005887
14525,14.536000,14.536000,0.005887
14526,14.536000,14.536000,0.005887
14527,14.536000,14.536000,0.005887
14528,14.536000,14.536000,0.005887
14529,14.536000,14.536000,0.005887
14530,14.536000,14.536000,0.005887
14531,14.536000,14.536000,0.005887
14532,14.536000,14.536000,0.005887
14533,14.536000,14.536000,0.005887
14534,14.536000,14.536000,0.005887
14535,14.536000,14.536000,0.005887
14536,14.536000,14.536000,0.005887
14537,14.536000,14.536000,0.005887
14538,14.536000,14.536000,0.005887
14539,14.536000,14.536000,0.005887
14540,14.536000,14.536000,0.005887
14541,14.536000,14.536000,0.005887
14542,14.536000,14.536000,0.005887
14543,14.536000,14.536000,0.005887
14544,14.536000,14.536000,0.005887
14545,14.536000,14.536000,0.005887
14546,14.536000,14.536000,0.005887
14547,14.536000,14.536000,0.005887
14548,14.536000,14.536000,0.005887
14549,14.536000,14.536000,0.005887
14550,14.536000,14.536000,0.005887
14551,14.536000,14.536000,0.005887
14552,14.536000,14.536000,0.005887
14553,14.536000,14.536000,0.005887
14554,14.536000,14.536000,0.005887
14555,14.536000,14.536000,0.005887
14556,14.536000,14.536000,0.005887
14557,14.536000,14.536000,0.005887
14558,14.536000,14.536000,0.005887
14559,14.536000,14.536000,0.005887
14560,14.536000,14.536000,0.005887
14561,14.536000,14.536000,0.005887
14562,14.536000,14.536000,0.005887
14563,14.536000,14.536000,0.005887
14564,14.536000,14.536000,0.005887
14565,14.536000,14.536000,0.005887
14566,14.536000,14.536000,0.005887
14567,14.536000,14.536000,0.005887
14568,14.536000,14.536000,0.005887
14569,14.536000,14.536000,0.005887
14570,14.536000,14.536000,0.005887
14571,14.536000,14.536000,0.005887
14572,14.536000,14.536000,0.005887
14573,14.536000,14.536000,0.005887
14574,14.536000,14.536000,0.005887
14575,14.536000,14.536000,0.005887
14576,14.536000,14.536000,0.005887
14577,14.536000,14.536000,0.005887
14578,14.536000,14.536000,0.005887
14579,14.536000,14.536000,0.005887
14580,14.536000,14.536000,0.005887
14581,14.536000,14.536000,0.005887
14582,14.536000,14.536000,0.005887
14583,14.536000,14.536000,0.005887
14584,14.536000,14.536000,0.005887
14585,14.536000,14.536000,0.005887
14586,14.536000,14.536000,0.005887
14587,14.536000,14.536000,0.005887
14588,14.536000,14.536000,0.005887
14589,14.536000,14.536000,0.005887
14590,14.536000,14.536000,0.005887
14591,14.536000,14.536000,0.005887
14592,14.536000,14.536000,0.005887
14593,14.536000,14.536000,0.005887
14594,14.536000,14.536000,0.005887
14595,14.536000,14.536000,0.005887
14596,14.536000,14.536000,0.005887
14597,14.536000,14.536000,0.005887
14598,14.536000,14.536000,0.005887
14599,14.536000,14.536000,0.005887
14600,14.536000,14.536000,0.005887
14601,14.536000,14.536000,0.005593
14602,14.536000,14.536000,0.005593
14603,14.536000,14.536000,0.005593
14604,14.536000,14.536000,0.005593
14605,14.536000,14.536000,0.005593
14606,14.536000,14.536000,0.005593
14607,14.536000,14.536000,0.005593
14608,14.536000,14.536000,0.005593
14609,14.536000,14.536000,0.005593
14610,14.536000,14.536000,0.005593
14611,14.536000,14.536000,0.005593
14612,14.536000,14.536000,0.005593
14613,14.536000,14.536000,0.005593
14614,14.536000,14.536000,0.005593
14615,14.536000,14.536000,0.005593
14616,14.536000,14.536000,0.005593
14617,14.536000,14.536000,0.005593
14618,14.536000,14.536000,0.005593
14619,14.536000,14.536000,0.005593
14620,14.536000,14.536000,0.005593
14621,14.536000,14.536000,0.005593
14622,14.536000,14.536000,0.005593
14623,14.536000,14.536000,0.005593
14624,14.536000,14.536000,0.005593
14625,14.536000,14.536000,0.005593
14626,14.536000,14.536000,0.005593
14627,14.536000,14.536000,0.005593
14628,14.536000,14.536000,0.005593
14629,14.536000,14.536000,0.005593
14630,14.536000,14.536000,0.005593
14631,14.536000,14.536000,0.005593
14632,14.536000,14.536000,0.005593
14633,14.536000,14.536000,0.005593
14634,14.536000,14.536000,0.005593
14635,14.536000,14.536000,0.005593
14636,14.536000,14.536000,0.005593
14637,14.536000,14.536000,0.005593
14638,14.536000,14.536000,0.005593
14639,14.536000,14.536000,0.005593
14640,14.536000,14.536000,0.005593
14641,14.536000,14.536000,0.005593
14642,14.536000,14.536000,0.005593
14643,14.536000,14.536000,0.005593
14644,14.536000,14.536000,0.005593
14645,14.536000,14.536000,0.005593
14646,14.536000,14.536000,0.005593
14647,14.536000,14.536000,0.005593
14648,14.536000,14.536000,0.005593
14649,14.536000,14.536000,0.005593
14650,14.536000,14.536000,0.005593
14651,14.536000,14.536000,0.005593
14652,14.536000,14.536000,0.005593
14653,14.536000,14.536000,0.005593
14654,14.536000,14.536000,0.005593
14655,14.536000,14.536000,0.005593
14656,14.536000,14.536000,0.005593
14657,14.536000,14.536000,0.005593
14658,14.536000,14.536000,0.005593
14659,14.536000,14.536000,0.005593
14660,14.536000,14.536000,0.005593
14661,14.536000,14.536000,0.005593
14662,14.536000,14.536000,0.005593
14663,14.536000,14.536000,0.005593
14664,14.536000,14.536000,0.005593
14665,14.536000,14.536000,0.005593
14666,14.536000,14.536000,0.005593
14667,14.536000,14.536000,0.005593
14668,14.536000,14.536000,0.005593
14669,14.536000,14.536000,0.005593
14670,14.536000,14.536000,0.005593
14671,14.536000,14.536000,0.005593
14672,14.536000,14.536000,0.005593
14673,14.536000,14.536000,0.005593
14674,14.536000,14.536000,0.005593
14675,14.536000,14.536000,0.005593
14676,14.536000,14.536000,0.005593
14677,14.536000,14.536000,0.005593
14678,14.536000,14.536000,0.005593
14679,14.536000,14.536000,0.005593
14680,14.536000,14.536000,0.005593
14681,14.536000,14.536000,0.005593
14682,14.536000,14.536000,0.005593
14683,14.536000,14.536000,0.005593
14684,14.536000,14.536000,0.005593
14685,14.536000,14.536000,0.005593
14686,14.536000,14.536000,0.005593
14687,14.536000,14.536000,0.005593
14688,14.536000,14.536000,0.005593
14689,14.536000,14.536000,0.005593
14690,14.536000,14.536000,0.005593
14691,14.536000,14.536000,0.005593
14692,14.536000,14.536000,0.005593
14693,14.536000,14.536000,0.005593
14694,14.536000,14.536000,0.005593
14695,14.536000,14.536000,0.005593
14696,14.536000,14.536000,0.005593
14697,14.536000,14.536000,0.005593
14698,14.536000,14.536000,0.005593
14699,14.536000,14.536000,0.005593
14700,14.536000,14.536000,0.005593
14701,14.536000,14.536000,0.005313
14702,14.536000,14.536000,0.005313
14703,14.536000,14.536000,0.005313
14704,14.536000,14.536000,0.005313
14705,14.536000,14.536000,0.005313
14706,14.536000,14.536000,0.005313
14707,14.536000,14.536000,0.005313
14708,14.536000,14.536000,0.005313
14709,14.536000,14.536000,0.005313
14710,14.536000,14.536000,0.005313
14711,14.536000,14.536000,0.005313
14712,14.536000,14.536000,0.005313
14713,14.536000,14.536000,0.005313
14714,14.536000,14.536000,0.005313
14715,14.536000,14.536000,0.005313
14716,14.536000,14.536000,0.005313
14717,14.536000,14.536000,0.005313
14718,14.536000,14.536000,0.005313
14719,14.536000,14.536000,0.005313
14720,14.536000,14.536000,0.005313
14721,14.536000,14.536000,0.005313
14722,14.536000,14.536000,0.005313
14723,14.536000,14.536000,0.005313
14724,14.536000,14.536000,0.005313
14725,14.536000,14.536000,0.005313
14726,14.536000,14.536000,0.005313
14727,14.536000,14.536000,0.005313
14728,14.536000,14.536000,0.005313
14729,14.536000,14.536000,0.005313
14730,14.536000,14.536000,0.005313
14731,14.536000,14.536000,0.005313
14732,14.536000,14.536000,0.005313
14733,14.536000,14.536000,0.005313
14734,14.536000,14.536000,0.005313
14735,14.536000,14.536000,0.005313
14736,14.536000,14.536000,0.005313
14737,14.536000,14.536000,0.005313
14738,14.536000,14.536000,0.005313
14739,14.536000,14.536000,0.005313
14740,14.536000,14.536000,0.005313
14741,14.536000,14.536000,0.005313
14742,14.536000,14.536000,0.005313
14743,14.536000,14.536000,0.005313
14744,14.536000,14.536000,0.005313
14745,14.536000,14.536000,0.005313
14746,14.536000,14.536000,0.005313
14747,14.536000,14.536000,0.005313
14748,14.536000,14.536000,0.005313
14749,14.536000,14.536000,0.005313
14750,14.536000,14.536000,0.005313
14751,14.536000,14.536000,0.005313
14752,14.536000,14.536000,0.005313
14753,14.536000,14.536000,0.005313
14754,14.536000,14.536000,0.005313
14755,14.536000,14.536000,0.005313
14756,14.536000,14.536000,0.005313
14757,14.536000,14.536000,0.005313
14758,14.536000,14.536000,0.005313
14759,14.536000,14.536000,0.005313
14760,14.536000,14.536000,0.005313
14761,14.536000,14.536000,0.005313
14762,14.536000,14.536000,0.005313
14763,14.536000,14.536000,0.005313
14764,14.536000,14.536000,0.005313
14765,14.536000,14.536000,0.005313
14766,14.536000,14.536000,0.005313
14767,14.536000,14.536000,0.005313
14768,14.536000,14.536000,0.005313
14769,14.536000,14.536000,0.005313
14770,14.536000,14.536000,0.005313
14771,14.536000,14.536000,0.005313
14772,14.536000,14.536000,0.005313
14773,14.536000,14.536000,0.005313
14774,14.536000,14.536000,0.005313
14775,14.536000,14.536000,0.005313
14776,14.536000,14.536000,0.005313
14777,14.536000,14.536000,0.005313
14778,14.536000,14.536000,0.005313
14779,14.536000,14.536000,0.005313
14780,14.536000,14.536000,0.005313
14781,14.536000,14.536000,0.005313
14782,14.536000,14.536000,0.005313
14783,14.536000,14.536000,0.005313
14784,14.536000,14.536000,0.005313
14785,14.536000,14.536000,0.005313
14786,14.536000,14.536000,0.005313
14787,14.536000,14.536000,0.005313
14788,14.536000,14.536000,0.005313
14789,14.536000,14.536000,0.005313
14790,14.536000,14.536000,0.005313
14791,14.536000,14.536000,0.005313
14792,14.536000,14.536000,0.005313
14793,14.536000,14.536000,0.005313
14794,14.536000,14.536000,0.005313
14795,14.536000,14.536000,0.005313
14796,14.536000,14.536000,0.005313
14797,14.536000,14.536000,0.005313
14798,14.536000,14.536000,0.005313
14799,14.536000,14.536000,0.005313
14800,14.536000,14.536000,0.005313
14801,14.536000,14.536000,0.005048
14802,14.536000,14.536000,0.005048
14803,14.536000,14.536000,0.005048
14804,14.536000,14.536000,0.005048
14805,14.536000,14.536000,0.005048
14806,14.536000,14.536000,0.005048
14807,14.536000,14.536000,0.005048
14808,14.536000,14.536000,0.005048
14809,14.536000,14.536000,0.005048
14810,14.536000,14.536000,0.005048
14811,14.536000,14.536000,0.005048
14812,14.536000,14.536000,0.005048
14813,14.536000,14.536000,0.005048
14814,14.536000,14.536000,0.005048
14815,14.536000,14.536000,0.005048
14816,14.536000,14.536000,0.005048
14817,14.536000,14.536000,0.005048
14818,14.536000,14.536000,0.005048
14819,14.536000,14.536000,0.005048
14820,14.536000,14.536000,0.005048
14821,14.536000,14.536000,0.005048
14822,14.536000,14.536000,0.005048
14823,14.536000,14.536000,0.005048
14824,14.536000,14.536000,0.005048
14825,14.536000,14.536000,0.005048
14826,14.536000,14.536000,0.005048
14827,14.536000,14.536000,0.005048
14828,14.536000,14.536000,0.005048
14829,14.536000,14.536000,0.005048
14830,14.536000,14.536000,0.005048
14831,14.536000,14.536000,0.005048
14832,14.536000,14.536000,0.005048
14833,14.536000,14.536000,0.005048
14834,14.536000,14.536000,0.005048
14835,14.536000,14.536000,0.005048
14836,14.536000,14.536000,0.005048
14837,14.536000,14.536000,0.005048
14838,14.536000,14.536000,0.005048
14839,14.536000,14.536000,0.005048
14840,14.536000,14.536000,0.005048
14841,14.536000,14.536000,0.005048
14842,14.536000,14.536000,0.005048
14843,14.536000,14.536000,0.005048
14844,14.536000,14.536000,0.005048
14845,14.536000,14.536000,0.005048
14846,14.536000,14.536000,0.005048
14847,14.536000,14.536000,0.005048
14848,14.536000,14.536000,0.005048
14849,14.536000,14.536000,0.005048
14850,14.536000,14.536000,0.005048
14851,14.536000,14.536000,0.005048
14852,14.536000,14.536000,0.005048
14853,14.536000,14.536000,0.005048
14854,14.536000,14.536000,0.005048
14855,14.536000,14.536000,0.005048
14856,14.536000,14.536000,0.005048
14857,14.536000,14.536000,0.005048
14858,14.536000,14.536000,0.005048
14859,14.536000,14.536000,0.005048
14860,14.536000,14.536000,0.005048
14861,14.536000,14.536000,0.005048
14862,14.536000,14.536000,0.005048
14863,14.536000,14.536000,0.005048
14864,14.536000,14.536000,0.005048
14865,14.536000,14.536000,0.005048
14866,14.536000,14.536000,0.005048
14867,14.536000,14.536000,0.005048
14868,14.536000,14.536000,0.005048
14869,14.536000,14.536000,0.005048
14870,14.536000,14.536000,0.005048
14871,14.536000,14.536000,0.005048
14872,14.536000,14.536000,0.005048
14873,14.536000,14.536000,0.005048
14874,14.536000,14.536000,0.005048
14875,14.536000,14.536000,0.005048
14876,14.536000,14.536000,0.005048
14877,14.536000,14.536000,0.005048
14878,14.536000,14.536000,0.005048
14879,14.536000,14.536000,0.005048
14880,14.536000,14.536000,0.005048
14881,14.536000,14.536000,0.005048
14882,14.536000,14.536000,0.005048
14883,14.536000,14.536000,0.005048
14884,14.536000,14.536000,0.005048
14885,14.536000,14.536000,0.005048
14886,14.536000,14.536000,0.005048
14887,14.536000,14.536000,0.005048
14888,14.536000,14.536000,0.005048
14889,14.536000,14.536000,0.005048
14890,14.536000,14.536000,0.005048
14891,14.536000,14.536000,0.005048
14892,14.536000,14.536000,0.005048
14893,14.536000,14.536000,0.005048
14894,14.536000,14.536000,0.005048
14895,14.536000,14.536000,0.005048
14896,14.536000,14.536000,0.005048
14897,14.536000,14.536000,0.005048
14898,14.536000,14.536000,0.005048
14899,14.536000,14.536000,0.005048
14900,14.536000,14.536000,0.005048
14901,14.536000,14.536000,0.004795
14902,14.536000,14.536000,0.004795
14903,14.536000,14.536000,0.004795
14904,14.536000,14.536000,0.004795
14905,14.536000,14.536000,0.004795
14906,14.536000,14.536000,0.004795
14907,14.536000,14.536000,0.004795
14908,14.536000,14.536000,0.004795
14909,14.536000,14.536000,0.004795
14910,14.536000,14.536000,0.004795
14911,14.536000,14.536000,0.004795
14912,14.536000,14.536000,0.004795
14913,14.536000,14.536000,0.004795
14914,14.536000,14.536000,0.004795
14915,14.536000,14.536000,0.004795
14916,14.536000,14.536000,0.004795
14917,14.536000,14.536000,0.004795
14918,14.536000,14.536000,0.004795
14919,14.536000,14.536000,0.004795
14920,14.536000,14.536000,0.004795
14921,14.536000,14.536000,0.004795
14922,14.536000,14.536000,0.004795
14923,14.536000,14.536000,0.004795
14924,14.536000,14.536000,0.004795
14925,14.536000,14.536000,0.004795
14926,14.536000,14.536000,0.004795
14927,14.536000,14.536000,0.004795
14928,14.536000,14.536000,0.004795
14929,14.536000,14.536000,0.004795
14930,14.536000,14.536000,0.004795
14931,14.536000,14.536000,0.004795
14932,14.536000,14.536000,0.004795
14933,14.536000,14.536000,0.004795
14934,14.536000,14.536000,0.004795
14935,14.536000,14.536000,0.004795
14936,14.536000,14.536000,0.004795
14937,14.536000,14.536000,0.004795
14938,14.536000,14.536000,0.004795
14939,14.536000,14.536000,0.004795
14940,14.536000,14.536000,0.004795
14941,14.536000,14.536000,0.004795
14942,14.536000,14.536000,0.004795
14943,14.536000,14.536000,0.004795
14944,14.536000,14.536000,0.004795
14945,14.536000,14.536000,0.004795
14946,14.536000,14.536000,0.004795
14947,14.536000,14.536000,0.004795
14948,14.536000,14.536000,0.004795
14949,14.536000,14.536000,0.004795
14950,14.536000,14.536000,0.004795
14951,14.536000,14.536000,0.004795
14952,14.536000,14.536000,0.004795
14953,14.536000,14.536000,0.004795
14954,14.536000,14.536000,0.004795
14955,14.536000,14.536000,0.004795
14956,14.536000,14.536000,0.004795
14957,14.536000,14.536000,0.004795
14958,14.536000,14.536000,0.004795
14959,14.536000,14.536000,0.004795
14960,14.536000,14.536000,0.004795
14961,14.536000,14.536000,0.004795
14962,14.536000,14.536000,0.004795
14963,14.536000,14.536000,0.004795
14964,14.536000,14.536000,0.004795
14965,14.536000,14.536000,0.004795
14966,14.536000,14.536000,0.004795
14967,14.536000,14.536000,0.004795
14968,14.536000,14.536000,0.004795
14969,14.536000,14.536000,0.004795
14970,14.536000,14.536000,0.004795
14971,14.536000,14.536000,0.004795
14972,14.536000,14.536000,0.004795
14973,14.536000,14.536000,0.004795
14974,14.536000,14.536000,0.004795
14975,14.536000,14.536000,0.004795
14976,14.536000,14.536000,0.004795
14977,14.536000,14.536000,0.004795
14978,14.536000,14.536000,0.004795
14979,14.536000,14.536000,0.004795
14980,14.536000,14.536000,0.004795
14981,14.536000,14.536000,0.004795
14982,14.536000,14.536000,0.004795
14983,14.536000,14.536000,0.004795
14984,14.536000,14.536000,0.004795
14985,14.536000,14.536000,0.004795
14986,14.536000,14.536000,0.004795
14987,14.536000,14.536000,0.004795
14988,14.536000,14.536000,0.004795
14989,14.536000,14.536000,0.004795
14990,14.536000,14.536000,0.004795
14991,14.536000,14.536000,0.004795
14992,14.536000,14.536000,0.004795
14993,14.536000,14.536000,0.004795
14994,14.536000,14.536000,0.004795
14995,14.536000,14.536000,0.004795
14996,14.536000,14.536000,0.004795
14997,14.536000,14.536000,0.004795
14998,14.536000,14.536000,0.004795
14999,14.536000,14.536000,0.004795
15000,14.536000,14.536000,0.004795
15001,14.536000,14.536000,0.004556
15002,14.536000,14.536000,0.004556
15003,14.536000,14.536000,0.004556
15004,14.536000,14.536000,0.004556
15005,14.536000,14.536000,0.004556
15006,14.536000,14.536000,0.004556
15007,14.536000,14.536000,0.004556
15008,14.536000,14.536000,0.004556
15009,14.536000,14.536000,0.004556
15010,14.536000,14.536000,0.004556
15011,14.536000,14.536000,0.004556
15012,14.536000,14.536000,0.004556
15013,14.536000,14.536000,0.004556
15014,14.536000,14.536000,0.004556
15015,14.536000,14.536000,0.004556
15016,14.536000,14.536000,0.004556
15017,14.536000,14.536000,0.004556
15018,14.536000,14.536000,0.004556
15019,14.536000,14.536000,0.004556
15020,14.536000,14.536000,0.004556
15021,14.536000,14.536000,0.004556
15022,14.536000,14.536000,0.004556
15023,14.536000,14.536000,0.004556
15024,14.536000,14.536000,0.004556
15025,14.536000,14.536000,0.004556
15026,14.536000,14.536000,0.004556
15027,14.536000,14.536000,0.004556
15028,14.536000,14.536000,0.004556
15029,14.536000,14.536000,0.004556
15030,14.536000,14.536000,0.004556
15031,14.536000,14.536000,0.004556
15032,14.536000,14.536000,0.004556
15033,14.536000,14.536000,0.004556
15034,14.536000,14.536000,0.004556
15035,14.536000,14.536000,0.004556
15036,14.536000,14.536000,0.004556
15037,14.536000,14.536000,0.004556
15038,14.536000,14.536000,0.004556
15039,14.536000,14.536000,0.004556
15040,14.536000,14.536000,0.004556
15041,14.536000,14.536000,0.004556
15042,14.536000,14.536000,0.004556
15043,14.536000,14.536000,0.004556
15044,14.536000,14.536000,0.004556
15045,14.536000,14.536000,0.004556
15046,14.536000,14.536000,0.004556
15047,14.536000,14.536000,0.004556
15048,14.536000,14.536000,0.004556
15049,14.536000,14.536000,0.004556
15050,14.536000,14.536000,0.004556
15051,14.536000,14.536000,0.004556
15052,14.536000,14.536000,0.004556
15053,14.536000,14.536000,0.004556
15054,14.536000,14.536000,0.004556
15055,14.536000,14.536000,0.004556
15056,14.536000,14.536000,0.004556
15057,14.536000,14.536000,0.004556
15058,14.536000,14.536000,0.004556
15059,14.536000,14.536000,0.004556
15060,14.536000,14.536000,0.004556
15061,14.536000,14.536000,0.004556
15062,14.536000,14.536000,0.004556
15063,14.536000,14.536000,0.004556
15064,14.536000,14.536000,0.004556
15065,14.536000,14.536000,0.004556
15066,14.536000,14.536000,0.004556
15067,14.536000,14.536000,0.004556
15068,14.536000,14.536000,0.004556
15069,14.536000,14.536000,0.004556
15070,14.536000,14.536000,0.004556
15071,14.536000,14.536000,0.004556
15072,14.536000,14.536000,0.004556
15073,14.536000,14.536000,0.004556
15074,14.536000,14.536000,0.004556
15075,14.536000,14.536000,0.004556
15076,14.536000,14.536000,0.004556
15077,14.536000,14.536000,0.004556
15078,14.536000,14.536000,0.004556
15079,14.536000,14.536000,0.004556
15080,14.536000,14.536000,0.004556
15081,14.536000,14.536000,0.004556
15082,14.536000,14.536000,0.004556
15083,14.536000,14.536000,0.004556
15084,14.536000,14.536000,0.004556
15085,14.536000,14.536000,0.004556
15086,14.536000,14.536000,0.004556
15087,14.536000,14.536000,0.004556
15088,14.536000,14.536000,0.004556
15089,14.536000,14.536000,0.004556
15090,14.536000,14.536000,0.004556
15091,14.536000,14.536000,0.004556
15092,14.536000,14.536000,0.004556
15093,14.536000,14.536000,0.004556
15094,14.536000,14.536000,0.004556
15095,14.536000,14.536000,0.004556
15096,14.536000,14.536000,0.004556
15097,14.536000,14.536000,0.004556
15098,14.536000,14.536000,0.004556
15099,14.536000,14.536000,0.004556
15100,14.536000,14.536000,0.004556
15101,14.536000,14.536000,0.004328
15102,14.536000,14.536000,0.004328
15103,14.536000,14.536000,0.004328
15104,14.536000,14.536000,0.004328
15105,14.536000,14.536000,0.004328
15106,14.536000,14.536000,0.004328
15107,14.536000,14.536000,0.004328
15108,14.536000,14.536000,0.004328
15109,14.536000,14.536000,0.004328
15110,14.536000,14.536000,0.004328
15111,14.536000,14.536000,0.004328
15112,14.536000,14.536000,0.004328
15113,14.536000,14.536000,0.004328
15114,14.536000,14.536000,0.004328
15115,14.536000,14.536000,0.004328
15116,14.536000,14.536000,0.004328
15117,14.536000,14.536000,0.004328
15118,14.536000,14.536000,0.004328
15119,14.536000,14.536000,0.004328
15120,14.536000,14.536000,0.004328
15121,14.536000,14.536000,0.004328
15122,14.536000,14.536000,0.004328
15123,14.536000,14.536000,0.004328
15124,14.536000,14.536000,0.004328
15125,14.536000,14.536000,0.004328
15126,14.536000,14.536000,0.004328
15127,14.536000,14.536000,0.004328
15128,14.536000,14.536000,0.004328
15129,14.536000,14.536000,0.004328
15130,14.536000,14.536000,0.004328
15131,14.536000,14.536000,0.004328
15132,14.536000,14.536000,0.004328
15133,14.536000,14.536000,0.004328
15134,14.536000,14.536000,0.004328
15135,14.536000,14.536000,0.004328
15136,14.536000,14.536000,0.004328
15137,14.536000,14.536000,0.004328
15138,14.536000,14.536000,0.004328
15139,14.536000,14.536000,0.004328
15140,14.536000,14.536000,0.004328
15141,14.536000,14.536000,0.004328
15142,14.536000,14.536000,0.004328
15143,14.536000,14.536000,0.004328
15144,14.536000,14.536000,0.004328
15145,14.536000,14.536000,0.004328
15146,14.536000,14.536000,0.004328
15147,14.536000,14.536000,0.004328
15148,14.536000,14.536000,0.004328
15149,14.536000,14.536000,0.004328
15150,14.536000,14.536000,0.004328
15151,14.536000,14.536000,0.004328
15152,14.536000,14.536000,0.004328
15153,14.536000,14.536000,0.004328
15154,14.536000,14.536000,0.004328
15155,14.536000,14.536000,0.004328
15156,14.536000,14.536000,0.004328
15157,14.536000,14.536000,0.004328
15158,14.536000,14.536000,0.004328
15159,14.536000,14.536000,0.004328
15160,14.536000,14.536000,0.004328
15161,14.536000,14.536000,0.004328
15162,14.536000,14.536000,0.004328
15163,14.536000,14.536000,0.004328
15164,14.536000,14.536000,0.004328
15165,14.536000,14.536000,0.004328
15166,14.536000,14.536000,0.004328
15167,14.536000,14.536000,0.004328
15168,14.536000,14.536000,0.004328
15169,14.536000,14.536000,0.004328
15170,14.536000,14.536000,0.004328
15171,14.536000,14.536000,0.004328
15172,14.536000,14.536000,0.004328
15173,14.536000,14.536000,0.004328
15174,14.536000,14.536000,0.004328
15175,14.536000,14.536000,0.004328
15176,14.536000,14.536000,0.004328
15177,14.536000,14.536000,0.004328
15178,14.536000,14.536000,0.004328
15179,14.536000,14.536000,0.004328
15180,14.536000,14.536000,0.004328
15181,14.536000,14.536000,0.004328
15182,14.536000,14.536000,0.004328
15183,14.536000,14.536000,0.004328
15184,14.536000,14.536000,0.004328
15185,14.536000,14.536000,0.004328
15186,14.536000,14.536000,0.004328
15187,14.536000,14.536000,0.004328
15188,14.536000,14.536000,0.004328
15189,14.536000,14.536000,0.004328
15190,14.536000,14.536000,0.004328
15191,14.536000,14.536000,0.004328
15192,14.536000,14.536000,0.004328
15193,14.536000,14.536000,0.004328
15194,14.536000,14.536000,0.004328
15195,14.536000,14.536000,0.004328
15196,14.536000,14.536000,0.004328
15197,14.536000,14.536000,0.004328
15198,14.536000,14.536000,0.004328
15199,14.536000,14.536000,0.004328
15200,14.536000,14.536000,0.004328
15201,14.536000,14.536000,0.004111
15202,14.536000,14.536000,0.004111
15203,14.536000,14.536000,0.004111
15204,14.536000,14.536000,0.004111
15205,14.536000,14.536000,0.004111
15206,14.536000,14.536000,0.004111
15207,14.536000,14.536000,0.004111
15208,14.536000,14.536000,0.004111
15209,14.536000,14.536000,0.004111
15210,14.536000,14.536000,0.004111
15211,14.536000,14.536000,0.004111
15212,14.536000,14.536000,0.004111
15213,14.536000,14.536000,0.004111
15214,14.536000,14.536000,0.004111
15215,14.536000,14.536000,0.004111
15216,14.536000,14.536000,0.004111
15217,14.536000,14.536000,0.004111
15218,14.536000,14.536000,0.004111
15219,14.536000,14.536000,0.004111
15220,14.536000,14.536000,0.004111
15221,14.536000,14.536000,0.004111
15222,14.536000,14.536000,0.004111
15223,14.536000,14.536000,0.004111
15224,14.536000,14.536000,0.004111
15225,14.536000,14.536000,0.004111
15226,14.536000,14.536000,0.004111
15227,14.536000,14.536000,0.004111
15228,14.536000,14.536000,0.004111
15229,14.536000,14.536000,0.004111
15230,14.536000,14.536000,0.004111
15231,14.536000,14.536000,0.004111
15232,14.536000,14.536000,0.004111
15233,14.536000,14.536000,0.004111
15234,14.536000,14.536000,0.004111
15235,14.536000,14.536000,0.004111
15236,14.536000,14.536000,0.004111
15237,14.536000,14.536000,0.004111
15238,14.536000,14.536000,0.004111
15239,14.536000,14.536000,0.004111
15240,14.536000,14.536000,0.004111
15241,14.536000,14.536000,0.004111
15242,14.536000,14.536000,0.004111
15243,14.536000,14.536000,0.004111
15244,14.536000,14.536000,0.004111
15245,14.536000,14.536000,0.004111
15246,14.536000,14.536000,0.004111
15247,14.536000,14.536000,0.004111
15248,14.536000,14.536000,0.004111
15249,14.536000,14.536000,0.004111
15250,14.536000,14.536000,0.004111
15251,14.536000,14.536000,0.004111
15252,14.536000,14.536000,0.004111
15253,14.536000,14.536000,0.004111
15254,14.536000,14.536000,0.004111
15255,14.536000,14.536000,0.004111
15256,14.536000,14.536000,0.004111
15257,14.536000,14.536000,0.004111
15258,14.536000,14.536000,0.004111
15259,14.536000,14.536000,0.004111
15260,14.536000,14.536000,0.004111
15261,14.536000,14.536000,0.004111
15262,14.536000,14.536000,0.004111
15263,14.536000,14.536000,0.004111
15264,14.536000,14.536000,0.004111
15265,14.536000,14.536000,0.004111
15266,14.536000,14.536000,0.004111
15267,14.536000,14.536000,0.004111
15268,14.536000,14.536000,0.004111
15269,14.536000,14.536000,0.004111
15270,14.536000,14.536000,0.004111
15271,14.536000,14.536000,0.004111
15272,14.536000,14.536000,0.004111
15273,14.536000,14.536000,0.004111
15274,14.536000,14.536000,0.004111
15275,14.536000,14.536000,0.004111
15276,14.536000,14.536000,0.004111
15277,14.536000,14.536000,0.004111
15278,14.536000,14.536000,0.004111
15279,14.536000,14.536000,0.004111
15280,14.536000,14.536000,0.004111
15281,14.536000,14.536000,0.004111
15282,14.536000,14.536000,0.004111
15283,14.536000,14.536000,0.004111
15284,14.536000,14.536000,0.004111
15285,14.536000,14.536000,0.004111
15286,14.536000,14.536000,0.004111
15287,14.536000,14.536000,0.004111
15288,14.536000,14.536000,0.004111
15289,14.536000,14.536000,0.004111
15290,14.536000,14.536000,0.004111
15291,14.536000,14.536000,0.004111
15292,14.536000,14.536000,0.004111
15293,14.536000,14.536000,0.004111
15294,14.536000,14.536000,0.004111
15295,14.536000,14.536000,0.004111
15296,14.536000,14.536000,0.004111
15297,14.536000,14.536000,0.004111
15298,14.536000,14.536000,0.004111
15299,14.536000,14.536000,0.004111
15300,14.536000,14.536000,0.004111
15301,14.536000,14.536000,0.003906
15302,14.536000,14.536000,0.003906
15303,14.536000,14.536000,0.003906
15304,14.536000,14.536000,0.003906
15305,14.536000,14.536000,0.003906
15306,14.536000,14.536000,0.003906
15307,14.536000,14.536000,0.003906
15308,14.536000,14.536000,0.003906
15309,14.536000,14.536000,0.003906
15310,14.536000,14.536000,0.003906
15311,14.536000,14.536000,0.003906
15312,14.536000,14.536000,0.003906
15313,14.536000,14.536000,0.003906
15314,14.536000,14.536000,0.003906
15315,14.536000,14.536000,0.003906
15316,14.536000,14.536000,0.003906
15317,14.536000,14.536000,0.003906
15318,14.536000,14.536000,0.003906
15319,14.536000,14.536000,0.003906
15320,14.536000,14.536000,0.003906
15321,14.536000,14.536000,0.003906
15322,14.536000,14.536000,0.003906
15323,14.536000,14.536000,0.003906
15324,14.536000,14.536000,0.003906
15325,14.536000,14.536000,0.003906
15326,14.536000,14.536000,0.003906
15327,14.536000,14.536000,0.003906
15328,14.536000,14.536000,0.003906
15329,14.536000,14.536000,0.003906
15330,14.536000,14.536000,0.003906
15331,14.536000,14.536000,0.003906
15332,14.536000,14.536000,0.003906
15333,14.536000,14.536000,0.003906
15334,14.536000,14.536000,0.003906
15335,14.536000,14.536000,0.003906
15336,14.536000,14.536000,0.003906
15337,14.536000,14.536000,0.003906
15338,14.536000,14.536000,0.003906
15339,14.536000,14.536000,0.003906
15340,14.536000,14.536000,0.003906
15341,14.536000,14.536000,0.003906
15342,14.536000,14.536000,0.003906
15343,14.536000,14.536000,0.003906
15344,14.536000,14.536000,0.003906
15345,14.536000,14.536000,0.003906
15346,14.536000,14.536000,0.003906
15347,14.536000,14.536000,0.003906
15348,14.536000,14.536000,0.003906
15349,14.536000,14.536000,0.003906
15350,14.536000,14.536000,0.003906
15351,14.536000,14.536000,0.003906
15352,14.536000,14.536000,0.003906
15353,14.536000,14.536000,0.003906
15354,14.536000,14.536000,0.003906
15355,14.536000,14.536000,0.003906
15356,14.536000,14.536000,0.003906
15357,14.536000,14.536000,0.003906
15358,14.536000,14.536000,0.003906
15359,14.536000,14.536000,0.003906
15360,14.536000,14.536000,0.003906
15361,14.536000,14.536000,0.003906
15362,14.536000,14.536000,0.003906
15363,14.536000,14.536000,0.003906
15364,14.536000,14.536000,0.003906
15365,14.536000,14.536000,0.003906
15366,14.536000,14.536000,0.003906
15367,14.536000,14.536000,0.003906
15368,14.536000,14.536000,0.003906
15369,14.536000,14.536000,0.003906
15370,14.536000,14.536000,0.003906
15371,14.536000,14.536000,0.003906
15372,14.536000,14.536000,0.003906
15373,14.536000,14.536000,0.003906
15374,14.536000,14.536000,0.003906
15375,14.536000,14.536000,0.003906
15376,14.536000,14.536000,0.003906
15377,14.536000,14.536000,0.003906
15378,14.536000,14.536000,0.003906
15379,14.536000,14.536000,0.003906
15380,14.536000,14.536000,0.003906
15381,14.536000,14.536000,0.003906
15382,14.536000,14.536000,0.003906
15383,14.536000,14.536000,0.003906
15384,14.536000,14.536000,0.003906
15385,14.536000,14.536000,0.003906
15386,14.536000,14.536000,0.003906
15387,14.536000,14.536000,0.003906
15388,14.536000,14.536000,0.003906
15389,14.536000,14.536000,0.003906
15390,14.536000,14.536000,0.003906
15391,14.536000,14.536000,0.003906
15392,14.536000,14.536000,0.003906
15393,14.536000,14.536000,0.003906
15394,14.536000,14.536000,0.003906
15395,14.536000,14.536000,0.003906
15396,14.536000,14.536000,0.003906
15397,14.536000,14.536000,0.003906
15398,14.536000,14.536000,0.003906
15399,14.536000,14.536000,0.003906
15400,14.536000,14.536000,0.003906
15401,14.536000,14.536000,0.003711
15402,14.536000,14.536000,0.003711
15403,14.536000,14.536000,0.003711
15404,14.536000,14.536000,0.003711
15405,14.536000,14.536000,0.003711
15406,14.536000,14.536000,0.003711
15407,14.536000,14.536000,0.003711
15408,14.536000,14.536000,0.003711
15409,14.536000,14.536000,0.003711
15410,14.536000,14.536000,0.003711
15411,14.536000,14.536000,0.003711
15412,14.536000,14.536000,0.003711
15413,14.536000,14.536000,0.003711
15414,14.536000,14.536000,0.003711
15415,14.536000,14.536000,0.003711
15416,14.536000,14.536000,0.003711
15417,14.536000,14.536000,0.003711
15418,14.536000,14.536000,0.003711
15419,14.536000,14.536000,0.003711
15420,14.536000,14.536000,0.003711
15421,14.536000,14.536000,0.003711
15422,14.536000,14.536000,0.003711
15423,14.536000,14.536000,0.003711
15424,14.536000,14.536000,0.003711
15425,14.536000,14.536000,0.003711
15426,14.536000,14.536000,0.003711
15427,14.536000,14.536000,0.003711
15428,14.536000,14.536000,0.003711
15429,14.536000,14.536000,0.003711
15430,14.536000,14.536000,0.003711
15431,14.536000,14.536000,0.003711
15432,14.536000,14.536000,0.003711
15433,14.536000,14.536000,0.003711
15434,14.536000,14.536000,0.003711
15435,14.536000,14.536000,0.003711
15436,14.536000,14.536000,0.003711
15437,14.536000,14.536000,0.003711
15438,14.536000,14.536000,0.003711
15439,14.536000,14.536000,0.003711
15440,14.536000,14.536000,0.003711
15441,14.536000,14.536000,0.003711
15442,14.536000,14.536000,0.003711
15443,14.536000,14.536000,0.003711
15444,14.536000,14.536000,0.003711
15445,14.536000,14.536000,0.003711
15446,14.536000,14.536000,0.003711
15447,14.536000,14.536000,0.003711
15448,14.536000,14.536000,0.003711
15449,14.536000,14.536000,0.003711
15450,14.536000,14.536000,0.003711
15451,14.536000,14.536000,0.003711
15452,14.536000,14.536000,0.003711
15453,14.536000,14.536000,0.003711
15454,14.536000,14.536000,0.003711
15455,14.536000,14.536000,0.003711
15456,14.536000,14.536000,0.003711
15457,14.536000,14.536000,0.003711
15458,14.536000,14.536000,0.003711
15459,14.536000,14.536000,0.003711
15460,14.536000,14.536000,0.003711
15461,14.536000,14.536000,0.003711
15462,14.536000,14.536000,0.003711
15463,14.536000,14.536000,0.003711
15464,14.536000,14.536000,0.003711
15465,14.536000,14.536000,0.003711
15466,14.536000,14.536000,0.003711
15467,14.536000,14.536000,0.003711
15468,14.536000,14.536000,0.003711
15469,14.536000,14.536000,0.003711
15470,14.536000,14.536000,0.003711
15471,14.536000,14.536000,0.003711
15472,14.536000,14.536000,0.003711
15473,14.536000,14.536000,0.003711
15474,14.536000,14.536000,0.003711
15475,14.536000,14.536000,0.003711
15476,14.536000,14.536000,0.003711
15477,14.536000,14.536000,0.003711
15478,14.536000,14.536000,0.003711
15479,14.536000,14.536000,0.003711
15480,14.536000,14.536000,0.003711
15481,14.536000,14.536000,0.003711
15482,14.536000,14.536000,0.003711
15483,14.536000,14.536000,0.003711
15484,14.536000,14.536000,0.003711
15485,14.536000,14.536000,0.003711
15486,14.536000,14.536000,0.003711
15487,14.536000,14.536000,0.003711
15488,14.536000,14.536000,0.003711
15489,14.536000,14.536000,0.003711
15490,14.536000,14.536000,0.003711
15491,14.536000,14.536000,0.003711
15492,14.536000,14.536000,0.003711
15493,14.536000,14.536000,0.003711
15494,14.536000,14.536000,0.003711
15495,14.536000,14.536000,0.003711
15496,14.536000,14.536000,0.003711
15497,14.536000,14.536000,0.003711
15498,14.536000,14.536000,0.003711
15499,14.536000,14.536000,0.003711
15500,14.536000,14.536000,0.003711
15501,14.536000,14.536000,0.003525
15502,14.536000,14.536000,0.003525
15503,14.536000,14.536000,0.003525
15504,14.536000,14.536000,0.003525
15505,14.536000,14.536000,0.003525
15506,14.536000,14.536000,0.003525
15507,14.536000,14.536000,0.003525
15508,14.536000,14.536000,0.003525
15509,14.536000,14.536000,0.003525
15510,14.536000,14.536000,0.003525
15511,14.536000,14.536000,0.003525
15512,14.536000,14.536000,0.003525
15513,14.536000,14.536000,0.003525
15514,14.536000,14.536000,0.003525
15515,14.536000,14.536000,0.003525
15516,14.536000,14.536000,0.003525
15517,14.536000,14.536000,0.003525
15518,14.536000,14.536000,0.003525
15519,14.536000,14.536000,0.003525
15520,14.536000,14.536000,0.003525
15521,14.536000,14.536000,0.003525
15522,14.536000,14.536000,0.003525
15523,14.536000,14.536000,0.003525
15524,14.536000,14.536000,0.003525
15525,14.536000,14.536000,0.003525
15526,14.536000,14.536000,0.003525
15527,14.536000,14.536000,0.003525
15528,14.536000,14.536000,0.003525
15529,14.536000,14.536000,0.003525
15530,14.536000,14.536000,0.003525
15531,14.536000,14.536000,0.003525
15532,14.536000,14.536000,0.003525
15533,14.536000,14.536000,0.003525
15534,14.536000,14.536000,0.003525
15535,14.536000,14.536000,0.003525
15536,14.536000,14.536000,0.003525
15537,14.536000,14.536000,0.003525
15538,14.536000,14.536000,0.003525
15539,14.536000,14.536000,0.003525
15540,14.536000,14.536000,0.003525
15541,14.536000,14.536000,0.003525
15542,14.536000,14.536000,0.003525
15543,14.536000,14.536000,0.003525
15544,14.536000,14.536000,0.003525
15545,14.536000,14.536000,0.003525
15546,14.536000,14.536000,0.003525
15547,14.536000,14.536000,0.003525
15548,14.536000,14.536000,0.003525
15549,14.536000,14.536000,0.003525
15550,14.536000,14.536000,0.003525
15551,14.536000,14.536000,0.003525
15552,14.536000,14.536000,0.003525
15553,14.536000,14.536000,0.003525
15554,14.536000,14.536000,0.003525
15555,14.536000,14.536000,0.003525
15556,14.536000,14.536000,0.003525
15557,14.536000,14.536000,0.003525
15558,14.536000,14.536000,0.003525
15559,14.536000,14.536000,0.003525
15560,14.536000,14.536000,0.003525
15561,14.536000,14.536000,0.003525
15562,14.536000,14.536000,0.003525
15563,14.536000,14.536000,0.003525
15564,14.536000,14.536000,0.003525
15565,14.536000,14.536000,0.003525
15566,14.536000,14.536000,0.003525
15567,14.536000,14.536000,0.003525
15568,14.536000,14.536000,0.003525
15569,14.536000,14.536000,0.003525
15570,14.536000,14.536000,0.003525
15571,14.536000,14.536000,0.003525
15572,14.536000,14.536000,0.003525
15573,14.536000,14.536000,0.003525
15574,14.536000,14.536000,0.003525
15575,14.536000,14.536000,0.003525
15576,14.536000,14.536000,0.003525
15577,14.536000,14.536000,0.003525
15578,14.536000,14.536000,0.003525
15579,14.536000,14.536000,0.003525
15580,14.536000,14.536000,0.003525
15581,14.536000,14.536000,0.003525
15582,14.536000,14.536000,0.003525
15583,14.536000,14.536000,0.003525
15584,14.536000,14.536000,0.003525
15585,14.536000,14.536000,0.003525
15586,14.536000,14.536000,0.003525
15587,14.536000,14.536000,0.003525
15588,14.536000,14.536000,0.003525
15589,14.536000,14.536000,0.003525
15590,14.536000,14.536000,0.003525
15591,14.536000,14.536000,0.003525
15592,14.536000,14.536000,0.003525
15593,14.536000,14.536000,0.003525
15594,14.536000,14.536000,0.003525
15595,14.536000,14.536000,0.003525
15596,14.536000,14.536000,0.003525
15597,14.536000,14.536000,0.003525
15598,14.536000,14.536000,0.003525
15599,14.536000,14.536000,0.003525
15600,14.536000,14.536000,0.003525
15601,14.536000,14.536000,0.003349
15602,14.536000,14.536000,0.003349
15603,14.536000,14.536000,0.003349
15604,14.536000,14.536000,0.003349
15605,14.536000,14.536000,0.003349
15606,14.536000,14.536000,0.003349
15607,14.536000,14.536000,0.003349
15608,14.536000,14.536000,0.003349
15609,14.536000,14.536000,0.003349
15610,14.536000,14.536000,0.003349
15611,14.536000,14.536000,0.003349
15612,14.536000,14.536000,0.003349
15613,14.536000,14.536000,0.003349
15614,14.536000,14.536000,0.003349
15615,14.536000,14.536000,0.003349
15616,14.536000,14.536000,0.003349
15617,14.536000,14.536000,0.003349
15618,14.536000,14.536000,0.003349
15619,14.536000,14.536000,0.003349
15620,14.536000,14.536000,0.003349
15621,14.536000,14.536000,0.003349
15622,14.536000,14.536000,0.003349
15623,14.536000,14.536000,0.003349
15624,14.536000,14.536000,0.003349
15625,14.536000,14.536000,0.003349
15626,14.536000,14.536000,0.003349
15627,14.536000,14.536000,0.003349
15628,14.536000,14.536000,0.003349
15629,14.536000,14.536000,0.003349
15630,14.536000,14.536000,0.003349
15631,14.536000,14.536000,0.003349
15632,14.536000,14.536000,0.003349
15633,14.536000,14.536000,0.003349
15634,14.536000,14.536000,0.003349
15635,14.536000,14.536000,0.003349
15636,14.536000,14.536000,0.003349
15637,14.536000,14.536000,0.003349
15638,14.536000,14.536000,0.003349
15639,14.536000,14.536000,0.003349
15640,14.536000,14.536000,0.003349
15641,14.536000,14.536000,0.003349
15642,14.536000,14.536000,0.003349
15643,14.536000,14.536000,0.003349
15644,14.536000,14.536000,0.003349
15645,14.536000,14.536000,0.003349
15646,14.536000,14.536000,0.003349
15647,14.536000,14.536000,0.003349
15648,14.536000,14.536000,0.003349
15649,14.536000,14.536000,0.003349
15650,14.536000,14.536000,0.003349
15651,14.536000,14.536000,0.003349
15652,14.536000,14.536000,0.003349
15653,14.536000,14.536000,0.003349
15654,14.536000,14.536000,0.003349
15655,14.536000,14.536000,0.003349
15656,14.536000,14.536000,0.003349
15657,14.536000,14.536000,0.003349
15658,14.536000,14.536000,0.003349
15659,14.536000,14.536000,0.003349
15660,14.536000,14.536000,0.003349
15661,14.536000,14.536000,0.003349
15662,14.536000,14.536000,0.003349
15663,14.536000,14.536000,0.003349
15664,14.536000,14.536000,0.003349
15665,14.536000,14.536000,0.003349
15666,14.536000,14.536000,0.003349
15667,14.536000,14.536000,0.003349
15668,14.536000,14.536000,0.003349
15669,14.536000,14.536000,0.003349
15670,14.536000,14.536000,0.003349
15671,14.536000,14.536000,0.003349
15672,14.536000,14.536000,0.003349
15673,14.536000,14.536000,0.003349
15674,14.536000,14.536000,0.003349
15675,14.536000,14.536000,0.003349
15676,14.536000,14.536000,0.003349
15677,14.536000,14.536000,0.003349
15678,14.536000,14.536000,0.003349
15679,14.536000,14.536000,0.003349
15680,14.536000,14.536000,0.003349
15681,14.536000,14.536000,0.003349
15682,14.536000,14.536000,0.003349
15683,14.536000,14.536000,0.003349
15684,14.536000,14.536000,0.003349
15685,14.536000,14.536000,0.003349
15686,14.536000,14.536000,0.003349
15687,14.536000,14.536000,0.003349
15688,14.536000,14.536000,0.003349
15689,14.536000,14.536000,0.003349
15690,14.536000,14.536000,0.003349
15691,14.536000,14.536000,0.003349
15692,14.536000,14.536000,0.003349
15693,14.536000,14.536000,0.003349
15694,14.536000,14.536000,0.003349
15695,14.536000,14.536000,0.003349
15696,14.536000,14.536000,0.003349
15697,14.536000,14.536000,0.003349
15698,14.536000,14.536000,0.003349
15699,14.536000,14.536000,0.003349
15700,14.536000,14.536000,0.003349
15701,14.536000,14.536000,0.003181
15702,14.536000,14.536000,0.003181
15703,14.536000,14.536000,0.003181
15704,14.536000,14.536000,0.003181
15705,14.536000,14.536000,0.003181
15706,14.536000,14.536000,0.003181
15707,14.536000,14.536000,0.003181
15708,14.536000,14.536000,0.003181
15709,14.536000,14.536000,0.003181
15710,14.536000,14.536000,0.003181
15711,14.536000,14.536000,0.003181
15712,14.536000,14.536000,0.003181
15713,14.536000,14.536000,0.003181
15714,14.536000,14.536000,0.003181
15715,14.536000,14.536000,0.003181
15716,14.536000,14.536000,0.003181
15717,14.536000,14.536000,0.003181
15718,14.536000,14.536000,0.003181
15719,14.536000,14.536000,0.003181
15720,14.536000,14.536000,0.003181
15721,14.536000,14.536000,0.003181
15722,14.536000,14.536000,0.003181
15723,14.536000,14.536000,0.003181
15724,14.536000,14.536000,0.003181
15725,14.536000,14.536000,0.003181
15726,14.536000,14.536000,0.003181
15727,14.536000,14.536000,0.003181
15728,14.536000,14.536000,0.003181
15729,14.536000,14.536000,0.003181
15730,14.536000,14.536000,0.003181
15731,14.536000,14.536000,0.003181
15732,14.536000,14.536000,0.003181
15733,14.536000,14.536000,0.003181
15734,14.536000,14.536000,0.003181
15735,14.536000,14.536000,0.003181
15736,14.536000,14.536000,0.003181
15737,14.536000,14.536000,0.003181
15738,14.536000,14.536000,0.003181
15739,14.536000,14.536000,0.003181
15740,14.536000,14.536000,0.003181
15741,14.536000,14.536000,0.003181
15742,14.536000,14.536000,0.003181
15743,14.536000,14.536000,0.003181
15744,14.536000,14.536000,0.003181
15745,14.536000,14.536000,0.003181
15746,14.536000,14.536000,0.003181
15747,14.536000,14.536000,0.003181
15748,14.536000,14.536000,0.003181
15749,14.536000,14.536000,0.003181
15750,14.536000,14.536000,0.003181
15751,14.536000,14.536000,0.003181
15752,14.536000,14.536000,0.003181
15753,14.536000,14.536000,0.003181
15754,14.536000,14.536000,0.003181
15755,14.536000,14.536000,0.003181
15756,14.536000,14.536000,0.003181
15757,14.536000,14.536000,0.003181
15758,14.536000,14.536000,0.003181
15759,14.536000,14.536000,0.003181
15760,14.536000,14.536000,0.003181
15761,14.536000,14.536000,0.003181
15762,14.536000,14.536000,0.003181
15763,14.536000,14.536000,0.003181
15764,14.536000,14.536000,0.003181
15765,14.536000,14.536000,0.003181
15766,14.536000,14.536000,0.003181
15767,14.536000,14.536000,0.003181
15768,14.536000,14.536000,0.003181
15769,14.536000,14.536000,0.003181
15770,14.536000,14.536000,0.003181
15771,14.536000,14.536000,0.003181
15772,14.536000,14.536000,0.003181
15773,14.536000,14.536000,0.003181
15774,14.536000,14.536000,0.003181
15775,14.536000,14.536000,0.003181
15776,14.536000,14.536000,0.003181
15777,14.536000,14.536000,0.003181
15778,14.536000,14.536000,0.003181
15779,14.536000,14.536000,0.003181
15780,14.536000,14.536000,0.003181
15781,14.536000,14.536000,0.003181
15782,14.536000,14.536000,0.003181
15783,14.536000,14.536000,0.003181
15784,14.536000,14.536000,0.003181
15785,14.536000,14.536000,0.003181
15786,14.536000,14.536000,0.003181
15787,14.536000,14.536000,0.003181
15788,14.536000,14.536000,0.003181
15789,14.536000,14.536000,0.003181
15790,14.536000,14.536000,0.003181
15791,14.536000,14.536000,0.003181
15792,14.536000,14.536000,0.003181
15793,14.536000,14.536000,0.003181
15794,14.536000,14.536000,0.003181
15795,14.536000,14.536000,0.003181
15796,14.536000,14.536000,0.003181
15797,14.536000,14.536000,0.003181
15798,14.536000,14.536000,0.003181
15799,14.536000,14.536000,0.003181
15800,14.536000,14.536000,0.003181
15801,14.536000,14.536000,0.003022
15802,14.536000,14.536000,0.003022
15803,14.536000,14.536000,0.003022
15804,14.536000,14.536000,0.003022
15805,14.536000,14.536000,0.003022
15806,14.536000,14.536000,0.003022
15807,14.536000,14.536000,0.003022
15808,14.536000,14.536000,0.003022
15809,14.536000,14.536000,0.003022
15810,14.536000,14.536000,0.003022
15811,14.536000,14.536000,0.003022
15812,14.536000,14.536000,0.003022
15813,14.536000,14.536000,0.003022
15814,14.536000,14.536000,0.003022
15815,14.536000,14.536000,0.003022
15816,14.536000,14.536000,0.003022
15817,14.536000,14.536000,0.003022
15818,14.536000,14.536000,0.003022
15819,14.536000,14.536000,0.003022
15820,14.536000,14.536000,0.003022
15821,14.536000,14.536000,0.003022
15822,14.536000,14.536000,0.003022
15823,14.536000,14.536000,0.003022
15824,14.536000,14.536000,0.003022
15825,14.536000,14.536000,0.003022
15826,14.536000,14.536000,0.003022
15827,14.536000,14.536000,0.003022
15828,14.536000,14.536000,0.003022
15829,14.536000,14.536000,0.003022
15830,14.536000,14.536000,0.003022
15831,14.536000,14.536000,0.003022
15832,14.536000,14.536000,0.003022
15833,14.536000,14.536000,0.003022
15834,14.536000,14.536000,0.003022
15835,14.536000,14.536000,0.003022
15836,14.536000,14.536000,0.003022
15837,14.536000,14.536000,0.003022
15838,14.536000,14.536000,0.003022
15839,14.536000,14.536000,0.003022
15840,14.536000,14.536000,0.003022
15841,14.536000,14.536000,0.003022
15842,14.536000,14.536000,0.003022
15843,14.536000,14.536000,0.003022
15844,14.536000,14.536000,0.003022
15845,14.536000,14.536000,0.003022
15846,14.536000,14.536000,0.003022
15847,14.536000,14.536000,0.003022
15848,14.536000,14.536000,0.003022
15849,14.536000,14.536000,0.003022
15850,14.536000,14.536000,0.003022
15851,14.536000,14.536000,0.003022
15852,14.536000,14.536000,0.003022
15853,14.536000,14.536000,0.003022
15854,14.536000,14.536000,0.003022
15855,14.536000,14.536000,0.003022
15856,14.536000,14.536000,0.003022
15857,14.536000,14.536000,0.003022
15858,14.536000,14.536000,0.003022
15859,14.536000,14.536000,0.003022
15860,14.536000,14.536000,0.003022
15861,14.536000,14.536000,0.003022
15862,14.536000,14.536000,0.003022
15863,14.536000,14.536000,0.003022
15864,14.536000,14.536000,0.003022
15865,14.536000,14.536000,0.003022
15866,14.536000,14.536000,0.003022
15867,14.536000,14.536000,0.003022
15868,14.536000,14.536000,0.003022
15869,14.536000,14.536000,0.003022
15870,14.536000,14.536000,0.003022
15871,14.536000,14.536000,0.003022
15872,14.536000,14.536000,0.003022
15873,14.536000,14.536000,0.003022
15874,14.536000,14.536000,0.003022
15875,14.536000,14.536000,0.003022
15876,14.536000,14.536000,0.003022
15877,14.536000,14.536000,0.003022
15878,14.536000,14.536000,0.003022
15879,14.536000,14.536000,0.003022
15880,14.536000,14.536000,0.003022
15881,14.536000,14.536000,0.003022
15882,14.536000,14.536000,0.003022
15883,14.536000,14.536000,0.003022
15884,14.536000,14.536000,0.003022
15885,14.536000,14.536000,0.003022
15886,14.536000,14.536000,0.003022
15887,14.536000,14.536000,0.003022
15888,14.536000,14.536000,0.003022
15889,14.536000,14.536000,0.003022
15890,14.536000,14.536000,0.003022
15891,14.536000,14.536000,0.003022
15892,14.536000,14.536000,0.003022
15893,14.536000,14.536000,0.003022
15894,14.536000,14.536000,0.003022
15895,14.536000,14.536000,0.003022
15896,14.536000,14.536000,0.003022
15897,14.536000,14.536000,0.003022
15898,14.536000,14.536000,0.003022
15899,14.536000,14.536000,0.003022
15900,14.536000,14.536000,0.003022
15901,14.536000,14.536000,0.002871
15902,14.536000,14.536000,0.002871
15903,14.536000,14.536000,0.002871
15904,14.536000,14.536000,0.002871
15905,14.536000,14.536000,0.002871
15906,14.536000,14.536000,0.002871
15907,14.536000,14.536000,0.002871
15908,14.536000,14.536000,0.002871
15909,14.536000,14.536000,0.002871
15910,14.536000,14.536000,0.002871
15911,14.536000,14.536000,0.002871
15912,14.536000,14.536000,0.002871
15913,14.536000,14.536000,0.002871
15914,14.536000,14.536000,0.002871
15915,14.536000,14.536000,0.002871
15916,14.536000,14.536000,0.002871
15917,14.536000,14.536000,0.002871
15918,14.536000,14.536000,0.002871
15919,14.536000,14.536000,0.002871
15920,14.536000,14.536000,0.002871
15921,14.536000,14.536000,0.002871
15922,14.536000,14.536000,0.002871
15923,14.536000,14.536000,0.002871
15924,14.536000,14.536000,0.002871
15925,14.536000,14.536000,0.002871
15926,14.536000,14.536000,0.002871
15927,14.536000,14.536000,0.002871
15928,14.536000,14.536000,0.002871
15929,14.536000,14.536000,0.002871
15930,14.536000,14.536000,0.002871
15931,14.536000,14.536000,0.002871
15932,14.536000,14.536000,0.002871
15933,14.536000,14.536000,0.002871
15934,14.536000,14.536000,0.002871
15935,14.536000,14.536000,0.002871
15936,14.536000,14.536000,0.002871
15937,14.536000,14.536000,0.002871
15938,14.536000,14.536000,0.002871
15939,14.536000,14.536000,0.002871
15940,14.536000,14.536000,0.002871
15941,14.536000,14.536000,0.002871
15942,14.536000,14.536000,0.002871
15943,14.536000,14.536000,0.002871
15944,14.536000,14.536000,0.002871
15945,14.536000,14.536000,0.002871
15946,14.536000,14.536000,0.002871
15947,14.536000,14.536000,0.002871
15948,14.536000,14.536000,0.002871
15949,14.536000,14.536000,0.002871
15950,14.536000,14.536000,0.002871
15951,14.536000,14.536000,0.002871
15952,14.536000,14.536000,0.002871
15953,14.536000,14.536000,0.002871
15954,14.536000,14.536000,0.002871
15955,14.536000,14.536000,0.002871
15956,14.536000,14.536000,0.002871
15957,14.536000,14.536000,0.002871
15958,14.536000,14.536000,0.002871
15959,14.536000,14.536000,0.002871
15960,14.536000,14.536000,0.002871
15961,14.536000,14.536000,0.002871
15962,14.536000,14.536000,0.002871
15963,14.536000,14.536000,0.002871
15964,14.536000,14.536000,0.002871
15965,14.536000,14.536000,0.002871
15966,14.536000,14.536000,0.002871
15967,14.536000,14.536000,0.002871
15968,14.536000,14.536000,0.002871
15969,14.536000,14.536000,0.002871
15970,14.536000,14.536000,0.002871
15971,14.536000,14.536000,0.002871
15972,14.536000,14.536000,0.002871
15973,14.536000,14.536000,0.002871
15974,14.536000,14.536000,0.002871
15975,14.536000,14.536000,0.002871
15976,14.536000,14.536000,0.002871
15977,14.536000,14.536000,0.002871
15978,14.536000,14.536000,0.002871
15979,14.536000,14.536000,0.002871
15980,14.536000,14.536000,0.002871
15981,14.536000,14.536000,0.002871
15982,14.536000,14.536000,0.002871
15983,14.536000,14.536000,0.002871
15984,14.536000,14.536000,0.002871
15985,14.536000,14.536000,0.002871
15986,14.536000,14.536000,0.002871
15987,14.536000,14.536000,0.002871
15988,14.536000,14.536000,0.002871
15989,14.536000,14.536000,0.002871
15990,14.536000,14.536000,0.002871
15991,14.536000,14.536000,0.002871
15992,14.536000,14.536000,0.002871
15993,14.536000,14.536000,0.002871
15994,14.536000,14.536000,0.002871
15995,14.536000,14.536000,0.002871
15996,14.536000,14.536000,0.002871
15997,14.536000,14.536000,0.002871
15998,14.536000,14.536000,0.002871
15999,14.536000,14.536000,0.002871
16000,14.536000,14.536000,0.002871
16001,14.536000,14.536000,0.002728
16002,14.536000,14.536000,0.002728
16003,14.536000,14.536000,0.002728
16004,14.536000,14.536000,0.002728
16005,14.536000,14.536000,0.002728
16006,14.536000,14.536000,0.002728
16007,14.536000,14.536000,0.002728
16008,14.536000,14.536000,0.002728
16009,14.536000,14.536000,0.002728
16010,14.536000,14.536000,0.002728
16011,14.536000,14.536000,0.002728
16012,14.536000,14.536000,0.002728
16013,14.536000,14.536000,0.002728
16014,14.536000,14.536000,0.002728
16015,14.536000,14.536000,0.002728
16016,14.536000,14.536000,0.002728
16017,14.536000,14.536000,0.002728
16018,14.536000,14.536000,0.002728
16019,14.536000,14.536000,0.002728
16020,14.536000,14.536000,0.002728
16021,14.536000,14.536000,0.002728
16022,14.536000,14.536000,0.002728
16023,14.536000,14.536000,0.002728
16024,14.536000,14.536000,0.002728
16025,14.536000,14.536000,0.002728
16026,14.536000,14.536000,0.002728
16027,14.536000,14.536000,0.002728
16028,14.536000,14.536000,0.002728
16029,14.536000,14.536000,0.002728
16030,14.536000,14.536000,0.002728
16031,14.536000,14.536000,0.002728
16032,14.536000,14.536000,0.002728
16033,14.536000,14.536000,0.002728
16034,14.536000,14.536000,0.002728
16035,14.536000,14.536000,0.002728
16036,14.536000,14.536000,0.002728
16037,14.536000,14.536000,0.002728
16038,14.536000,14.536000,0.002728
16039,14.536000,14.536000,0.002728
16040,14.536000,14.536000,0.002728
16041,14.536000,14.536000,0.002728
16042,14.536000,14.536000,0.002728
16043,14.536000,14.536000,0.002728
16044,14.536000,14.536000,0.002728
16045,14.536000,14.536000,0.002728
16046,14.536000,14.536000,0.002728
16047,14.536000,14.536000,0.002728
16048,14.536000,14.536000,0.002728
16049,14.536000,14.536000,0.002728
16050,14.536000,14.536000,0.002728
16051,14.536000,14.536000,0.002728
16052,14.536000,14.536000,0.002728
16053,14.536000,14.536000,0.002728
16054,14.536000,14.536000,0.002728
16055,14.536000,14.536000,0.002728
16056,14.536000,14.536000,0.002728
16057,14.536000,14.536000,0.002728
16058,14.536000,14.536000,0.002728
16059,14.536000,14.536000,0.002728
16060,14.536000,14.536000,0.002728
16061,14.536000,14.536000,0.002728
16062,14.536000,14.536000,0.002728
16063,14.536000,14.536000,0.002728
16064,14.536000,14.536000,0.002728
16065,14.536000,14.536000,0.002728
16066,14.536000,14.536000,0.002728
16067,14.536000,14.536000,0.002728
16068,14.536000,14.536000,0.002728
16069,14.536000,14.536000,0.002728
16070,14.536000,14.536000,0.002728
16071,14.536000,14.536000,0.002728
16072,14.536000,14.536000,0.002728
16073,14.536000,14.536000,0.002728
16074,14.536000,14.536000,0.002728
16075,14.536000,14.536000,0.002728
16076,14.536000,14.536000,0.002728
16077,14.536000,14.536000,0.002728
16078,14.536000,14.536000,0.002728
16079,14.536000,14.536000,0.002728
16080,14.536000,14.536000,0.002728
16081,14.536000,14.536000,0.002728
16082,14.536000,14.536000,0.002728
16083,14.536000,14.536000,0.002728
16084,14.536000,14.536000,0.002728
16085,14.536000,14.536000,0.002728
16086,14.536000,14.536000,0.002728
16087,14.536000,14.536000,0.002728
16088,14.536000,14.536000,0.002728
16089,14.536000,14.536000,0.002728
16090,14.536000,14.536000,0.002728
16091,14.536000,14.536000,0.002728
16092,14.536000,14.536000,0.002728
16093,14.536000,14.536000,0.002728
16094,14.536000,14.536000,0.002728
16095,14.536000,14.536000,0.002728
16096,14.536000,14.536000,0.002728
16097,14.536000,14.536000,0.002728
16098,14.536000,14.536000,0.002728
16099,14.536000,14.536000,0.002728
16100,14.536000,14.536000,0.002728
16101,14.536000,14.536000,0.002591
16102,14.536000,14.536000,0.002591
16103,14.536000,14.536000,0.002591
16104,14.536000,14.536000,0.002591
16105,14.536000,14.536000,0.002591
16106,14.536000,14.536000,0.002591
16107,14.536000,14.536000,0.002591
16108,14.536000,14.536000,0.002591
16109,14.536000,14.536000,0.002591
16110,14.536000,14.536000,0.002591
16111,14.536000,14.536000,0.002591
16112,14.536000,14.536000,0.002591
16113,14.536000,14.536000,0.002591
16114,14.536000,14.536000,0.002591
16115,14.536000,14.536000,0.002591
16116,14.536000,14.536000,0.002591
16117,14.536000,14.536000,0.002591
16118,14.536000,14.536000,0.002591
16119,14.536000,14.536000,0.002591
16120,14.536000,14.536000,0.002591
16121,14.536000,14.536000,0.002591
16122,14.536000,14.536000,0.002591
16123,14.536000,14.536000,0.002591
16124,14.536000,14.536000,0.002591
16125,14.536000,14.536000,0.002591
16126,14.536000,14.536000,0.002591
16127,14.536000,14.536000,0.002591
16128,14.536000,14.536000,0.002591
16129,14.536000,14.536000,0.002591
16130,14.536000,14.536000,0.002591
16131,14.536000,14.536000,0.002591
16132,14.536000,14.536000,0.002591
16133,14.536000,14.536000,0.002591
16134,14.536000,14.536000,0.002591
16135,14.536000,14.536000,0.002591
16136,14.536000,14.536000,0.002591
16137,14.536000,14.536000,0.002591
16138,14.536000,14.536000,0.002591
16139,14.536000,14.536000,0.002591
16140,14.536000,14.536000,0.002591
16141,14.536000,14.536000,0.002591
16142,14.536000,14.536000,0.002591
16143,14.536000,14.536000,0.002591
16144,14.536000,14.536000,0.002591
16145,14.536000,14.536000,0.002591
16146,14.536000,14.536000,0.002591
16147,14.536000,14.536000,0.002591
16148,14.536000,14.536000,0.002591
16149,14.536000,14.536000,0.002591
16150,14.536000,14.536000,0.002591
16151,14.536000,14.536000,0.002591
16152,14.536000,14.536000,0.002591
16153,14.536000,14.536000,0.002591
16154,14.536000,14.536000,0.002591
16155,14.536000,14.536000,0.002591
16156,14.536000,14.536000,0.002591
16157,14.536000,14.536000,0.002591
16158,14.536000,14.536000,0.002591
16159,14.536000,14.536000,0.002591
16160,14.536000,14.536000,0.002591
16161,14.536000,14.536000,0.002591
16162,14.536000,14.536000,0.002591
16163,14.536000,14.536000,0.002591
16164,14.536000,14.536000,0.002591
16165,14.536000,14.536000,0.002591
16166,14.536000,14.536000,0.002591
16167,14.536000,14.536000,0.002591
16168,14.536000,14.536000,0.002591
16169,14.536000,14.536000,0.002591
16170,14.536000,14.536000,0.002591
16171,14.536000,14.536000,0.002591
16172,14.536000,14.536000,0.002591
16173,14.536000,14.536000,0.002591
16174,14.536000,14.536000,0.002591
16175,14.536000,14.536000,0.002591
16176,14.536000,14.536000,0.002591
16177,14.536000,14.536000,0.002591
16178,14.536000,14.536000,0.002591
16179,14.536000,14.536000,0.002591
16180,14.536000,14.536000,0.002591
16181,14.536000,14.536000,0.002591
16182,14.536000,14.536000,0.002591
16183,14.536000,14.536000,0.002591
16184,14.536000,14.536000,0.002591
16185,14.536000,14.536000,0.002591
16186,14.536000,14.536000,0.002591
16187,14.536000,14.536000,0.002591
16188,14.536000,14.536000,0.002591
16189,14.536000,14.536000,0.002591
16190,14.536000,14.536000,0.002591
16191,14.536000,14.536000,0.002591
16192,14.536000,14.536000,0.002591
16193,14.536000,14.536000,0.002591
16194,14.536000,14.536000,0.002591
16195,14.536000,14.536000,0.002591
16196,14.536000,14.536000,0.002591
16197,14.536000,14.536000,0.002591
16198,14.536000,14.536000,0.002591
16199,14.536000,14.536000,0.002591
16200,14.536000,14.536000,0.002591
16201,14.536000,14.536000,0.002462
16202,14.536000,14.536000,0.002462
16203,14.536000,14.536000,0.002462
16204,14.536000,14.536000,0.002462
16205,14.536000,14.536000,0.002462
16206,14.536000,14.536000,0.002462
16207,14.536000,14.536000,0.002462
16208,14.536000,14.536000,0.002462
16209,14.536000,14.536000,0.002462
16210,14.536000,14.536000,0.002462
16211,14.536000,14.536000,0.002462
16212,14.536000,14.536000,0.002462
16213,14.536000,14.536000,0.002462
16214,14.536000,14.536000,0.002462
16215,14.536000,14.536000,0.002462
16216,14.536000,14.536000,0.002462
16217,14.536000,14.536000,0.002462
16218,14.536000,14.536000,0.002462
16219,14.536000,14.536000,0.002462
16220,14.536000,14.536000,0.002462
16221,14.536000,14.536000,0.002462
16222,14.536000,14.536000,0.002462
16223,14.536000,14.536000,0.002462
16224,14.536000,14.536000,0.002462
16225,14.536000,14.536000,0.002462
16226,14.536000,14.536000,0.002462
16227,14.536000,14.536000,0.002462
16228,14.536000,14.536000,0.002462
16229,14.536000,14.536000,0.002462
16230,14.536000,14.536000,0.002462
16231,14.536000,14.536000,0.002462
16232,14.536000,14.536000,0.002462
16233,14.536000,14.536000,0.002462
16234,14.536000,14.536000,0.002462
16235,14.536000,14.536000,0.002462
16236,14.536000,14.536000,0.002462
16237,14.536000,14.536000,0.002462
16238,14.536000,14.536000,0.002462
16239,14.536000,14.536000,0.002462
16240,14.536000,14.536000,0.002462
16241,14.536000,14.536000,0.002462
16242,14.536000,14.536000,0.002462
16243,14.536000,14.536000,0.002462
16244,14.536000,14.536000,0.002462
16245,14.536000,14.536000,0.002462
16246,14.536000,14.536000,0.002462
16247,14.536000,14.536000,0.002462
16248,14.536000,14.536000,0.002462
16249,14.536000,14.536000,0.002462
16250,14.536000,14.536000,0.002462
16251,14.536000,14.536000,0.002462
16252,14.536000,14.536000,0.002462
16253,14.536000,14.536000,0.002462
16254,14.536000,14.536000,0.002462
16255,14.536000,14.536000,0.002462
16256,14.536000,14.536000,0.002462
16257,14.536000,14.536000,0.002462
16258,14.536000,14.536000,0.002462
16259,14.536000,14.536000,0.002462
16260,14.536000,14.536000,0.002462
16261,14.536000,14.536000,0.002462
16262,14.536000,14.536000,0.002462
16263,14.536000,14.536000,0.002462
16264,14.536000,14.536000,0.002462
16265,14.536000,14.536000,0.002462
16266,14.536000,14.536000,0.002462
16267,14.536000,14.536000,0.002462
16268,14.536000,14.536000,0.002462
16269,14.536000,14.536000,0.002462
16270,14.536000,14.536000,0.002462
16271,14.536000,14.536000,0.002462
16272,14.536000,14.536000,0.002462
16273,14.536000,14.536000,0.002462
16274,14.536000,14.536000,0.002462
16275,14.536000,14.536000,0.002462
16276,14.536000,14.536000,0.002462
16277,14.536000,14.536000,0.002462
16278,14.536000,14.536000,0.002462
16279,14.536000,14.536000,0.002462
16280,14.536000,14.536000,0.002462
16281,14.536000,14.536000,0.002462
16282,14.536000,14.536000,0.002462
16283,14.536000,14.536000,0.002462
16284,14.536000,14.536000,0.002462
16285,14.536000,14.536000,0.002462
16286,14.536000,14.536000,0.002462
16287,14.536000,14.536000,0.002462
16288,14.536000,14.536000,0.002462
16289,14.536000,14.536000,0.002462
16290,14.536000,14.536000,0.002462
16291,14.536000,14.536000,0.002462
16292,14.536000,14.536000,0.002462
16293,14.536000,14.536000,0.002462
16294,14.536000,14.536000,0.002462
16295,14.536000,14.536000,0.002462
16296,14.536000,14.536000,0.002462
16297,14.536000,14.536000,0.002462
16298,14.536000,14.536000,0.002462
16299,14.536000,14.536000,0.002462
16300,14.536000,14.536000,0.002462
16301,14.536000,14.536000,0.002339
16302,14.536000,14.536000,0.002339
16303,14.536000,14.536000,0.002339
16304,14.536000,14.536000,0.002339
16305,14.536000,14.536000,0.002339
16306,14.536000,14.536000,0.002339
16307,14.536000,14.536000,0.002339
16308,14.536000,14.536000,0.002339
16309,14.536000,14.536000,0.002339
16310,14.536000,14.536000,0.002339
16311,14.536000,14.536000,0.002339
16312,14.536000,14.536000,0.002339
16313,14.536000,14.536000,0.002339
16314,14.536000,14.536000,0.002339
16315,14.536000,14.536000,0.002339
16316,14.536000,14.536000,0.002339
16317,14.536000,14.536000,0.002339
16318,14.536000,14.536000,0.002339
16319,14.536000,14.536000,0.002339
16320,14.536000,14.536000,0.002339
16321,14.536000,14.536000,0.002339
16322,14.536000,14.536000,0.002339
16323,14.536000,14.536000,0.002339
16324,14.536000,14.536000,0.002339
16325,14.536000,14.536000,0.002339
16326,14.536000,14.536000,0.002339
16327,14.536000,14.536000,0.002339
16328,14.536000,14.536000,0.002339
16329,14.536000,14.536000,0.002339
16330,14.536000,14.536000,0.002339
16331,14.536000,14.536000,0.002339
16332,14.536000,14.536000,0.002339
16333,14.536000,14.536000,0.002339
16334,14.536000,14.536000,0.002339
16335,14.536000,14.536000,0.002339
16336,14.536000,14.536000,0.002339
16337,14.536000,14.536000,0.002339
16338,14.536000,14.536000,0.002339
16339,14.536000,14.536000,0.002339
16340,14.536000,14.536000,0.002339
16341,14.536000,14.536000,0.002339
16342,14.536000,14.536000,0.002339
16343,14.536000,14.536000,0.002339
16344,14.536000,14.536000,0.002339
16345,14.536000,14.536000,0.002339
16346,14.536000,14.536000,0.002339
16347,14.536000,14.536000,0.002339
16348,14.536000,14.536000,0.002339
16349,14.536000,14.536000,0.002339
16350,14.536000,14.536000,0.002339
16351,14.536000,14.536000,0.002339
16352,14.536000,14.536000,0.002339
16353,14.536000,14.536000,0.002339
16354,14.536000,14.536000,0.002339
16355,14.536000,14.536000,0.002339
16356,14.536000,14.536000,0.002339
16357,14.536000,14.536000,0.002339
16358,14.536000,14.536000,0.002339
16359,14.536000,14.536000,0.002339
16360,14.536000,14.536000,0.002339
16361,14.536000,14.536000,0.002339
16362,14.536000,14.536000,0.002339
16363,14.536000,14.536000,0.002339
16364,14.536000,14.536000,0.002339
16365,14.536000,14.536000,0.002339
16366,14.536000,14.536000,0.002339
16367,14.536000,14.536000,0.002339
16368,14.536000,14.536000,0.002339
16369,14.536000,14.536000,0.002339
16370,14.536000,14.536000,0.002339
16371,14.536000,14.536000,0.002339
16372,14.536000,14.536000,0.002339
16373,14.536000,14.536000,0.002339
16374,14.536000,14.536000,0.002339
16375,14.536000,14.536000,0.002339
16376,14.536000,14.536000,0.002339
16377,14.536000,14.536000,0.002339
16378,14.536000,14.536000,0.002339
16379,14.536000,14.536000,0.002339
16380,14.536000,14.536000,0.002339
16381,14.536000,14.536000,0.002339
16382,14.536000,14.536000,0.002339
16383,14.536000,14.536000,0.002339
16384,14.536000,14.536000,0.002339
16385,14.536000,14.536000,0.002339
16386,14.536000,14.536000,0.002339
16387,14.536000,14.536000,0.002339
16388,14.536000,14.536000,0.002339
16389,14.536000,14.536000,0.002339
16390,14.536000,14.536000,0.002339
16391,14.536000,14.536000,0.002339
16392,14.536000,14.536000,0.002339
16393,14.536000,14.536000,0.002339
16394,14.536000,14.536000,0.002339
16395,14.536000,14.536000,0.002339
16396,14.536000,14.536000,0.002339
16397,14.536000,14.536000,0.002339
16398,14.536000,14.536000,0.002339
16399,14.536000,14.536000,0.002339
16400,14.536000,14.536000,0.002339
16401,14.536000,14.536000,0.002222
16402,14.536000,14.536000,0.002222
16403,14.536000,14.536000,0.002222
16404,14.536000,14.536000,0.002222
16405,14.536000,14.536000,0.002222
16406,14.536000,14.536000,0.002222
16407,14.536000,14.536000,0.002222
16408,14.536000,14.536000,0.002222
16409,14.536000,14.536000,0.002222
16410,14.536000,14.536000,0.002222
16411,14.536000,14.536000,0.002222
16412,14.536000,14.536000,0.002222
16413,14.536000,14.536000,0.002222
16414,14.536000,14.536000,0.002222
16415,14.536000,14.536000,0.002222
16416,14.536000,14.536000,0.002222
16417,14.536000,14.536000,0.002222
16418,14.536000,14.536000,0.002222
16419,14.536000,14.536000,0.002222
16420,14.536000,14.536000,0.002222
16421,14.536000,14.536000,0.002222
16422,14.536000,14.536000,0.002222
16423,14.536000,14.536000,0.002222
16424,14.536000,14.536000,0.002222
16425,14.536000,14.536000,0.002222
16426,14.536000,14.536000,0.002222
16427,14.536000,14.536000,0.002222
16428,14.536000,14.536000,0.002222
16429,14.536000,14.536000,0.002222
16430,14.536000,14.536000,0.002222
16431,14.536000,14.536000,0.002222
16432,14.536000,14.536000,0.002222
16433,14.536000,14.536000,0.002222
16434,14.536000,14.536000,0.002222
16435,14.536000,14.536000,0.002222
16436,14.536000,14.536000,0.002222
16437,14.536000,14.536000,0.002222
16438,14.536000,14.536000,0.002222
16439,14.536000,14.536000,0.002222
16440,14.536000,14.536000,0.002222
16441,14.536000,14.536000,0.002222
16442,14.536000,14.536000,0.002222
16443,14.536000,14.536000,0.002222
16444,14.536000,14.536000,0.002222
16445,14.536000,14.536000,0.002222
16446,14.536000,14.536000,0.002222
16447,14.536000,14.536000,0.002222
16448,14.536000,14.536000,0.002222
16449,14.536000,14.536000,0.002222
16450,14.536000,14.536000,0.002222
16451,14.536000,14.536000,0.002222
16452,14.536000,14.536000,0.002222
16453,14.536000,14.536000,0.002222
16454,14.536000,14.536000,0.002222
16455,14.536000,14.536000,0.002222
16456,14.536000,14.536000,0.002222
16457,14.536000,14.536000,0.002222
16458,14.536000,14.536000,0.002222
16459,14.536000,14.536000,0.002222
16460,14.536000,14.536000,0.002222
16461,14.536000,14.536000,0.002222
16462,14.536000,14.536000,0.002222
16463,14.536000,14.536000,0.002222
16464,14.536000,14.536000,0.002222
16465,14.536000,14.536000,0.002222
16466,14.536000,14.536000,0.002222
16467,14.536000,14.536000,0.002222
16468,14.536000,14.536000,0.002222
16469,14.536000,14.536000,0.002222
16470,14.536000,14.536000,0.002222
16471,14.536000,14.536000,0.002222
16472,14.536000,14.536000,0.002222
16473,14.536000,14.536000,0.002222
16474,14.536000,14.536000,0.002222
16475,14.536000,14.536000,0.002222
16476,14.536000,14.536000,0.002222
16477,14.536000,14.536000,0.002222
16478,14.536000,14.536000,0.002222
16479,14.536000,14.536000,0.002222
16480,14.536000,14.536000,0.002222
16481,14.536000,14.536000,0.002222
16482,14.536000,14.536000,0.002222
16483,14.536000,14.536000,0.002222
16484,14.536000,14.536000,0.002222
16485,14.536000,14.536000,0.002222
16486,14.536000,14.536000,0.002222
16487,14.536000,14.536000,0.002222
16488,14.536000,14.536000,0.002222
16489,14.536000,14.536000,0.002222
16490,14.536000,14.536000,0.002222
16491,14.536000,14.536000,0.002222
16492,14.536000,14.536000,0.002222
16493,14.536000,14.536000,0.002222
16494,14.536000,14.536000,0.002222
16495,14.536000,14.536000,0.002222
16496,14.536000,14.536000,0.002222
16497,14.536000,14.536000,0.002222
16498,14.536000,14.536000,0.002222
16499,14.536000,14.536000,0.002222
16500,14.536000,14.536000,0.002222
16501,14.536000,14.536000,0.002111
16502,14.536000,14.536000,0.002111
16503,14.536000,14.536000,0.002111
16504,14.536000,14.536000,0.002111
16505,14.536000,14.536000,0.002111
16506,14.536000,14.536000,0.002111
16507,14.536000,14.536000,0.002111
16508,14.536000,14.536000,0.002111
16509,14.536000,14.536000,0.002111
16510,14.536000,14.536000,0.002111
16511,14.536000,14.536000,0.002111
16512,14.536000,14.536000,0.002111
16513,14.536000,14.536000,0.002111
16514,14.536000,14.536000,0.002111
16515,14.536000,14.536000,0.002111
16516,14.536000,14.536000,0.002111
16517,14.536000,14.536000,0.002111
16518,14.536000,14.536000,0.002111
16519,14.536000,14.536000,0.002111
16520,14.536000,14.536000,0.002111
16521,14.536000,14.536000,0.002111
16522,14.536000,14.536000,0.002111
16523,14.536000,14.536000,0.002111
16524,14.536000,14.536000,0.002111
16525,14.536000,14.536000,0.002111
16526,14.536000,14.536000,0.002111
16527,14.536000,14.536000,0.002111
16528,14.536000,14.536000,0.002111
16529,14.536000,14.536000,0.002111
16530,14.536000,14.536000,0.002111
16531,14.536000,14.536000,0.002111
16532,14.536000,14.536000,0.002111
16533,14.536000,14.536000,0.002111
16534,14.536000,14.536000,0.002111
16535,14.536000,14.536000,0.002111
16536,14.536000,14.536000,0.002111
16537,14.536000,14.536000,0.002111
16538,14.536000,14.536000,0.002111
16539,14.536000,14.536000,0.002111
16540,14.536000,14.536000,0.002111
16541,14.536000,14.536000,0.002111
16542,14.536000,14.536000,0.002111
16543,14.536000,14.536000,0.002111
16544,14.536000,14.536000,0.002111
16545,14.536000,14.536000,0.002111
16546,14.536000,14.536000,0.002111
16547,14.536000,14.536000,0.002111
16548,14.536000,14.536000,0.002111
16549,14.536000,14.536000,0.002111
16550,14.536000,14.536000,0.002111
16551,14.536000,14.536000,0.002111
16552,14.536000,14.536000,0.002111
16553,14.536000,14.536000,0.002111
16554,14.536000,14.536000,0.002111
16555,14.536000,14.536000,0.002111
16556,14.536000,14.536000,0.002111
16557,14.536000,14.536000,0.002111
16558,14.536000,14.536000,0.002111
16559,14.536000,14.536000,0.002111
16560,14.536000,14.536000,0.002111
16561,14.536000,14.536000,0.002111
16562,14.536000,14.536000,0.002111
16563,14.536000,14.536000,0.002111
16564,14.536000,14.536000,0.002111
16565,14.536000,14.536000,0.002111
16566,14.536000,14.536000,0.002111
16567,14.536000,14.536000,0.002111
16568,14.536000,14.536000,0.002111
16569,14.536000,14.536000,0.002111
16570,14.536000,14.536000,0.002111
16571,14.536000,14.536000,0.002111
16572,14.536000,14.536000,0.002111
16573,14.536000,14.536000,0.002111
16574,14.536000,14.536000,0.002111
16575,14.536000,14.536000,0.002111
16576,14.536000,14.536000,0.002111
16577,14.536000,14.536000,0.002111
16578,14.536000,14.536000,0.002111
16579,14.536000,14.536000,0.002111
16580,14.536000,14.536000,0.002111
16581,14.536000,14.536000,0.002111
16582,14.536000,14.536000,0.002111
16583,14.536000,14.536000,0.002111
16584,14.536000,14.536000,0.002111
16585,14.536000,14.536000,0.002111
16586,14.536000,14.536000,0.002111
16587,14.536000,14.536000,0.002111
16588,14.536000,14.536000,0.002111
16589,14.536000,14.536000,0.002111
16590,14.536000,14.536000,0.002111
16591,14.536000,14.536000,0.002111
16592,14.536000,14.536000,0.002111
16593,14.536000,14.536000,0.002111
16594,14.536000,14.536000,0.002111
16595,14.536000,14.536000,0.002111
16596,14.536000,14.536000,0.002111
16597,14.536000,14.536000,0.002111
16598,14.536000,14.536000,0.002111
16599,14.536000,14.536000,0.002111
16600,14.536000,14.536000,0.002111
16601,14.536000,14.536000,0.002005
16602,14.536000,14.536000,0.002005
16603,14.536000,14.536000,0.002005
16604,14.536000,14.536000,0.002005
16605,14.536000,14.536000,0.002005
16606,14.536000,14.536000,0.002005
16607,14.536000,14.536000,0.002005
16608,14.536000,14.536000,0.002005
16609,14.536000,14.536000,0.002005
16610,14.536000,14.536000,0.002005
16611,14.536000,14.536000,0.002005
16612,14.536000,14.536000,0.002005
16613,14.536000,14.536000,0.002005
16614,14.536000,14.536000,0.002005
16615,14.536000,14.536000,0.002005
16616,14.536000,14.536000,0.002005
16617,14.536000,14.536000,0.002005
16618,14.536000,14.536000,0.002005
16619,14.536000,14.536000,0.002005
16620,14.536000,14.536000,0.002005
16621,14.536000,14.536000,0.002005
16622,14.536000,14.536000,0.002005
16623,14.536000,14.536000,0.002005
16624,14.536000,14.536000,0.002005
16625,14.536000,14.536000,0.002005
16626,14.536000,14.536000,0.002005
16627,14.536000,14.536000,0.002005
16628,14.536000,14.536000,0.002005
16629,14.536000,14.536000,0.002005
16630,14.536000,14.536000,0.002005
16631,14.536000,14.536000,0.002005
16632,14.536000,14.536000,0.002005
16633,14.536000,14.536000,0.002005
16634,14.536000,14.536000,0.002005
16635,14.536000,14.536000,0.002005
16636,14.536000,14.536000,0.002005
16637,14.536000,14.536000,0.002005
16638,14.536000,14.536000,0.002005
16639,14.536000,14.536000,0.002005
16640,14.536000,14.536000,0.002005
16641,14.536000,14.536000,0.002005
16642,14.536000,14.536000,0.002005
16643,14.536000,14.536000,0.002005
16644,14.536000,14.536000,0.002005
16645,14.536000,14.536000,0.002005
16646,14.536000,14.536000,0.002005
16647,14.536000,14.536000,0.002005
16648,14.536000,14.536000,0.002005
16649,14.536000,14.536000,0.002005
16650,14.536000,14.536000,0.002005
16651,14.536000,14.536000,0.002005
16652,14.536000,14.536000,0.002005
16653,14.536000,14.536000,0.002005
16654,14.536000,14.536000,0.002005
16655,14.536000,14.536000,0.002005
16656,14.536000,14.536000,0.002005
16657,14.536000,14.536000,0.002005
16658,14.536000,14.536000,0.002005
16659,14.536000,14.536000,0.002005
16660,14.536000,14.536000,0.002005
16661,14.536000,14.536000,0.002005
16662,14.536000,14.536000,0.002005
16663,14.536000,14.536000,0.002005
16664,14.536000,14.536000,0.002005
16665,14.536000,14.536000,0.002005
16666,14.536000,14.536000,0.002005
16667,14.536000,14.536000,0.002005
16668,14.536000,14.536000,0.002005
16669,14.536000,14.536000,0.002005
16670,14.536000,14.536000,0.002005
16671,14.536000,14.536000,0.002005
16672,14.536000,14.536000,0.002005
16673,14.536000,14.536000,0.002005
16674,14.536000,14.536000,0.002005
16675,14.536000,14.536000,0.002005
16676,14.536000,14.536000,0.002005
16677,14.536000,14.536000,0.002005
16678,14.536000,14.536000,0.002005
16679,14.536000,14.536000,0.002005
16680,14.536000,14.536000,0.002005
16681,14.536000,14.536000,0.002005
16682,14.536000,14.536000,0.002005
16683,14.536000,14.536000,0.002005
16684,14.536000,14.536000,0.002005
16685,14.536000,14.536000,0.002005
16686,14.536000,14.536000,0.002005
16687,14.536000,14.536000,0.002005
16688,14.536000,14.536000,0.002005
16689,14.536000,14.536000,0.002005
16690,14.536000,14.536000,0.002005
16691,14.536000,14.536000,0.002005
16692,14.536000,14.536000,0.002005
16693,14.536000,14.536000,0.002005
16694,14.536000,14.536000,0.002005
16695,14.536000,14.536000,0.002005
16696,14.536000,14.536000,0.002005
16697,14.536000,14.536000,0.002005
16698,14.536000,14.536000,0.002005
16699,14.536000,14.536000,0.002005
16700,14.536000,14.536000,0.002005
16701,14.536000,14.536000,0.001905
16702,14.536000,14.536000,0.001905
16703,14.536000,14.536000,0.001905
16704,14.536000,14.536000,0.001905
16705,14.536000,14.536000,0.001905
16706,14.536000,14.536000,0.001905
16707,14.536000,14.536000,0.001905
16708,14.536000,14.536000,0.001905
16709,14.536000,14.536000,0.001905
16710,14.536000,14.536000,0.001905
16711,14.536000,14.536000,0.001905
16712,14.536000,14.536000,0.001905
16713,14.536000,14.536000,0.001905
16714,14.536000,14.536000,0.001905
16715,14.536000,14.536000,0.001905
16716,14.536000,14.536000,0.001905
16717,14.536000,14.536000,0.001905
16718,14.536000,14.536000,0.001905
16719,14.536000,14.536000,0.001905
16720,14.536000,14.536000,0.001905
16721,14.536000,14.536000,0.001905
16722,14.536000,14.536000,0.001905
16723,14.536000,14.536000,0.001905
16724,14.536000,14.536000,0.001905
16725,14.536000,14.536000,0.001905
16726,14.536000,14.536000,0.001905
16727,14.536000,14.536000,0.001905
16728,14.536000,14.536000,0.001905
16729,14.536000,14.536000,0.001905
16730,14.536000,14.536000,0.001905
16731,14.536000,14.536000,0.001905
16732,14.536000,14.536000,0.001905
16733,14.536000,14.536000,0.001905
16734,14.536000,14.536000,0.001905
16735,14.536000,14.536000,0.001905
16736,14.536000,14.536000,0.001905
16737,14.536000,14.536000,0.001905
16738,14.536000,14.536000,0.001905
16739,14.536000,14.536000,0.001905
16740,14.536000,14.536000,0.001905
16741,14.536000,14.536000,0.001905
16742,14.536000,14.536000,0.001905
16743,14.536000,14.536000,0.001905
16744,14.536000,14.536000,0.001905
16745,14.536000,14.536000,0.001905
16746,14.536000,14.536000,0.001905
16747,14.536000,14.536000,0.001905
16748,14.536000,14.536000,0.001905
16749,14.536000,14.536000,0.001905
16750,14.536000,14.536000,0.001905
16751,14.536000,14.536000,0.001905
16752,14.536000,14.536000,0.001905
16753,14.536000,14.536000,0.001905
16754,14.536000,14.536000,0.001905
16755,14.536000,14.536000,0.001905
16756,14.536000,14.536000,0.001905
16757,14.536000,14.536000,0.001905
16758,14.536000,14.536000,0.001905
16759,14.536000,14.536000,0.001905
16760,14.536000,14.536000,0.001905
16761,14.536000,14.536000,0.001905
16762,14.536000,14.536000,0.001905
16763,14.536000,14.536000,0.001905
16764,14.536000,14.536000,0.001905
16765,14.536000,14.536000,0.001905
16766,14.536000,14.536000,0.001905
16767,14.536000,14.536000,0.001905
16768,14.536000,14.536000,0.001905
16769,14.536000,14.536000,0.001905
16770,14.536000,14.536000,0.001905
16771,14.536000,14.536000,0.001905
16772,14.536000,14.536000,0.001905
16773,14.536000,14.536000,0.001905
16774,14.536000,14.536000,0.001905
16775,14.536000,14.536000,0.001905
16776,14.536000,14.536000,0.001905
16777,14.536000,14.536000,0.001905
16778,14.536000,14.536000,0.001905
16779,14.536000,14.536000,0.001905
16780,14.536000,14.536000,0.001905
16781,14.536000,14.536000,0.001905
16782,14.536000,14.536000,0.001905
16783,14.536000,14.536000,0.001905
16784,14.536000,14.536000,0.001905
16785,14.536000,14.536000,0.001905
16786,14.536000,14.536000,0.001905
16787,14.536000,14.536000,0.001905
16788,14.536000,14.536000,0.001905
16789,14.536000,14.536000,0.001905
16790,14.536000,14.536000,0.001905
16791,14.536000,14.536000,0.001905
16792,14.536000,14.536000,0.001905
16793,14.536000,14.536000,0.001905
16794,14.536000,14.536000,0.001905
16795,14.536000,14.536000,0.001905
16796,14.536000,14.536000,0.001905
16797,14.536000,14.536000,0.001905
16798,14.536000,14.536000,0.001905
16799,14.536000,14.536000,0.001905
16800,14.536000,14.536000,0.001905
16801,14.536000,14.536000,0.001810
16802,14.536000,14.536000,0.001810
16803,14.536000,14.536000,0.001810
16804,14.536000,14.536000,0.001810
16805,14.536000,14.536000,0.001810
16806,14.536000,14.536000,0.001810
16807,14.536000,14.536000,0.001810
16808,14.536000,14.536000,0.001810
16809,14.536000,14.536000,0.001810
16810,14.536000,14.536000,0.001810
16811,14.536000,14.536000,0.001810
16812,14.536000,14.536000,0.001810
16813,14.536000,14.536000,0.001810
16814,14.536000,14.536000,0.001810
16815,14.536000,14.536000,0.001810
16816,14.536000,14.536000,0.001810
16817,14.536000,14.536000,0.001810
16818,14.536000,14.536000,0.001810
16819,14.536000,14.536000,0.001810
16820,14.536000,14.536000,0.001810
16821,14.536000,14.536000,0.001810
16822,14.536000,14.536000,0.001810
16823,14.536000,14.536000,0.001810
16824,14.536000,14.536000,0.001810
16825,14.536000,14.536000,0.001810
16826,14.536000,14.536000,0.001810
16827,14.536000,14.536000,0.001810
16828,14.536000,14.536000,0.001810
16829,14.536000,14.536000,0.001810
16830,14.536000,14.536000,0.001810
16831,14.536000,14.536000,0.001810
16832,14.536000,14.536000,0.001810
16833,14.536000,14.536000,0.001810
16834,14.536000,14.536000,0.001810
16835,14.536000,14.536000,0.001810
16836,14.536000,14.536000,0.001810
16837,14.536000,14.536000,0.001810
16838,14.536000,14.536000,0.001810
16839,14.536000,14.536000,0.001810
16840,14.536000,14.536000,0.001810
16841,14.536000,14.536000,0.001810
16842,14.536000,14.536000,0.001810
16843,14.536000,14.536000,0.001810
16844,14.536000,14.536000,0.001810
16845,14.536000,14.536000,0.001810
16846,14.536000,14.536000,0.001810
16847,14.536000,14.536000,0.001810
16848,14.536000,14.536000,0.001810
16849,14.536000,14.536000,0.001810
16850,14.536000,14.536000,0.001810
16851,14.536000,14.536000,0.001810
16852,14.536000,14.536000,0.001810
16853,14.536000,14.536000,0.001810
16854,14.536000,14.536000,0.001810
16855,14.536000,14.536000,0.001810
16856,14.536000,14.536000,0.001810
16857,14.536000,14.536000,0.001810
16858,14.536000,14.536000,0.001810
16859,14.536000,14.536000,0.001810
16860,14.536000,14.536000,0.001810
16861,14.536000,14.536000,0.001810
16862,14.536000,14.536000,0.001810
16863,14.536000,14.536000,0.001810
16864,14.536000,14.536000,0.001810
16865,14.536000,14.536000,0.001810
16866,14.536000,14.536000,0.001810
16867,14.536000,14.536000,0.001810
16868,14.536000,14.536000,0.001810
16869,14.536000,14.536000,0.001810
16870,14.536000,14.536000,0.001810
16871,14.536000,14.536000,0.001810
16872,14.536000,14.536000,0.001810
16873,14.536000,14.536000,0.001810
16874,14.536000,14.536000,0.001810
16875,14.536000,14.536000,0.001810
16876,14.536000,14.536000,0.001810
16877,14.536000,14.536000,0.001810
16878,14.536000,14.536000,0.001810
16879,14.536000,14.536000,0.001810
16880,14.536000,14.536000,0.001810
16881,14.536000,14.536000,0.001810
16882,14.536000,14.536000,0.001810
16883,14.536000,14.536000,0.001810
16884,14.536000,14.536000,0.001810
16885,14.536000,14.536000,0.001810
16886,14.536000,14.536000,0.001810
16887,14.536000,14.536000,0.001810
16888,14.536000,14.536000,0.001810
16889,14.536000,14.536000,0.001810
16890,14.536000,14.536000,0.001810
16891,14.536000,14.536000,0.001810
16892,14.536000,14.536000,0.001810
16893,14.536000,14.536000,0.001810
16894,14.536000,14.536000,0.001810
16895,14.536000,14.536000,0.001810
16896,14.536000,14.536000,0.001810
16897,14.536000,14.536000,0.001810
16898,14.536000,14.536000,0.001810
16899,14.536000,14.536000,0.001810
16900,14.536000,14.536000,0.001810
16901,14.536000,14.536000,0.001719
16902,14.536000,14.536000,0.001719
16903,14.536000,14.536000,0.001719
16904,14.536000,14.536000,0.001719
16905,14.536000,14.536000,0.001719
16906,14.536000,14.536000,0.001719
16907,14.536000,14.536000,0.001719
16908,14.536000,14.536000,0.001719
16909,14.536000,14.536000,0.001719
16910,14.536000,14.536000,0.001719
16911,14.536000,14.536000,0.001719
16912,14.536000,14.536000,0.001719
16913,14.536000,14.536000,0.001719
16914,14.536000,14.536000,0.001719
16915,14.536000,14.536000,0.001719
16916,14.536000,14.536000,0.001719
16917,14.536000,14.536000,0.001719
16918,14.536000,14.536000,0.001719
16919,14.536000,14.536000,0.001719
16920,14.536000,14.536000,0.001719
16921,14.536000,14.536000,0.001719
16922,14.536000,14.536000,0.001719
16923,14.536000,14.536000,0.001719
16924,14.536000,14.536000,0.001719
16925,14.536000,14.536000,0.001719
16926,14.536000,14.536000,0.001719
16927,14.536000,14.536000,0.001719
16928,14.536000,14.536000,0.001719
16929,14.536000,14.536000,0.001719
16930,14.536000,14.536000,0.001719
16931,14.536000,14.536000,0.001719
16932,14.536000,14.536000,0.001719
16933,14.536000,14.536000,0.001719
16934,14.536000,14.536000,0.001719
16935,14.536000,14.536000,0.001719
16936,14.536000,14.536000,0.001719
16937,14.536000,14.536000,0.001719
16938,14.536000,14.536000,0.001719
16939,14.536000,14.536000,0.001719
16940,14.536000,14.536000,0.001719
16941,14.536000,14.536000,0.001719
16942,14.536000,14.536000,0.001719
16943,14.536000,14.536000,0.001719
16944,14.536000,14.536000,0.001719
16945,14.536000,14.536000,0.001719
16946,14.536000,14.536000,0.001719
16947,14.536000,14.536000,0.001719
16948,14.536000,14.536000,0.001719
16949,14.536000,14.536000,0.001719
16950,14.536000,14.536000,0.001719
16951,14.536000,14.536000,0.001719
16952,14.536000,14.536000,0.001719
16953,14.536000,14.536000,0.001719
16954,14.536000,14.536000,0.001719
16955,14.536000,14.536000,0.001719
16956,14.536000,14.536000,0.001719
16957,14.536000,14.536000,0.001719
16958,14.536000,14.536000,0.001719
16959,14.536000,14.536000,0.001719
16960,14.536000,14.536000,0.001719
16961,14.536000,14.536000,0.001719
16962,14.536000,14.536000,0.001719
16963,14.536000,14.536000,0.001719
16964,14.536000,14.536000,0.001719
16965,14.536000,14.536000,0.001719
16966,14.536000,14.536000,0.001719
16967,14.536000,14.536000,0.001719
16968,14.536000,14.536000,0.001719
16969,14.536000,14.536000,0.001719
16970,14.536000,14.536000,0.001719
16971,14.536000,14.536000,0.001719
16972,14.536000,14.536000,0.001719
16973,14.536000,14.536000,0.001719
16974,14.536000,14.536000,0.001719
16975,14.536000,14.536000,0.001719
16976,14.536000,14.536000,0.001719
16977,14.536000,14.536000,0.001719
16978,14.536000,14.536000,0.001719
16979,14.536000,14.536000,0.001719
16980,14.536000,14.536000,0.001719
16981,14.536000,14.536000,0.001719
16982,14.536000,14.536000,0.001719
16983,14.536000,14.536000,0.001719
16984,14.536000,14.536000,0.001719
16985,14.536000,14.536000,0.001719
16986,14.536000,14.536000,0.001719
16987,14.536000,14.536000,0.001719
16988,14.536000,14.536000,0.001719
16989,14.536000,14.536000,0.001719
16990,14.536000,14.536000,0.001719
16991,14.536000,14.536000,0.001719
16992,14.536000,14.536000,0.001719
16993,14.536000,14.536000,0.001719
16994,14.536000,14.536000,0.001719
16995,14.536000,14.536000,0.001719
16996,14.536000,14.536000,0.001719
16997,14.536000,14.536000,0.001719
16998,14.536000,14.536000,0.001719
16999,14.536000,14.536000,0.001719
17000,14.536000,14.536000,0.001719
17001,14.536000,14.536000,0.001633
17002,14.536000,14.536000,0.001633
17003,14.536000,14.536000,0.001633
17004,14.536000,14.536000,0.001633
17005,14.536000,14.536000,0.001633
17006,14.536000,14.536000,0.001633
17007,14.536000,14.536000,0.001633
17008,14.536000,14.536000,0.001633
17009,14.536000,14.536000,0.001633
17010,14.536000,14.536000,0.001633
17011,14.536000,14.536000,0.001633
17012,14.536000,14.536000,0.001633
17013,14.536000,14.536000,0.001633
17014,14.536000,14.536000,0.001633
17015,14.536000,14.536000,0.001633
17016,14.536000,14.536000,0.001633
17017,14.536000,14.536000,0.001633
17018,14.536000,14.536000,0.001633
17019,14.536000,14.536000,0.001633
17020,14.536000,14.536000,0.001633
17021,14.536000,14.536000,0.001633
17022,14.536000,14.536000,0.001633
17023,14.536000,14.536000,0.001633
17024,14.536000,14.536000,0.001633
17025,14.536000,14.536000,0.001633
17026,14.536000,14.536000,0.001633
17027,14.536000,14.536000,0.001633
17028,14.536000,14.536000,0.001633
17029,14.536000,14.536000,0.001633
17030,14.536000,14.536000,0.001633
17031,14.536000,14.536000,0.001633
17032,14.536000,14.536000,0.001633
17033,14.536000,14.536000,0.001633
17034,14.536000,14.536000,0.001633
17035,14.536000,14.536000,0.001633
17036,14.536000,14.536000,0.001633
17037,14.536000,14.536000,0.001633
17038,14.536000,14.536000,0.001633
17039,14.536000,14.536000,0.001633
17040,14.536000,14.536000,0.001633
17041,14.536000,14.536000,0.001633
17042,14.536000,14.536000,0.001633
17043,14.536000,14.536000,0.001633
17044,14.536000,14.536000,0.001633
17045,14.536000,14.536000,0.001633
17046,14.536000,14.536000,0.001633
17047,14.536000,14.536000,0.001633
17048,14.536000,14.536000,0.001633
17049,14.536000,14.536000,0.001633
17050,14.536000,14.536000,0.001633
17051,14.536000,14.536000,0.001633
17052,14.536000,14.536000,0.001633
17053,14.536000,14.536000,0.001633
17054,14.536000,14.536000,0.001633
17055,14.536000,14.536000,0.001633
17056,14.536000,14.536000,0.001633
17057,14.536000,14.536000,0.001633
17058,14.536000,14.536000,0.001633
17059,14.536000,14.536000,0.001633
17060,14.536000,14.536000,0.001633
17061,14.536000,14.536000,0.001633
17062,14.536000,14.536000,0.001633
17063,14.536000,14.536000,0.001633
17064,14.536000,14.536000,0.001633
17065,14.536000,14.536000,0.001633
17066,14.536000,14.536000,0.001633
17067,14.536000,14.536000,0.001633
17068,14.536000,14.536000,0.001633
17069,14.536000,14.536000,0.001633
17070,14.536000,14.536000,0.001633
17071,14.536000,14.536000,0.001633
17072,14.536000,14.536000,0.001633
17073,14.536000,14.536000,0.001633
17074,14.536000,14.536000,0.001633
17075,14.536000,14.536000,0.001633
17076,14.536000,14.536000,0.001633
17077,14.536000,14.536000,0.001633
17078,14.536000,14.536000,0.001633
17079,14.536000,14.536000,0.001633
17080,14.536000,14.536000,0.001633
17081,14.536000,14.536000,0.001633
17082,14.536000,14.536000,0.001633
17083,14.536000,14.536000,0.001633
17084,14.536000,14.536000,0.001633
17085,14.536000,14.536000,0.001633
17086,14.536000,14.536000,0.001633
17087,14.536000,14.536000,0.001633
17088,14.536000,14.536000,0.001633
17089,14.536000,14.536000,0.001633
17090,14.536000,14.536000,0.001633
17091,14.536000,14.536000,0.001633
17092,14.536000,14.536000,0.001633
17093,14.536000,14.536000,0.001633
17094,14.536000,14.536000,0.001633
17095,14.536000,14.536000,0.001633
17096,14.536000,14.536000,0.001633
17097,14.536000,14.536000,0.001633
17098,14.536000,14.536000,0.001633
17099,14.536000,14.536000,0.001633
17100,14.536000,14.536000,0.001633
17101,14.536000,14.536000,0.001551
17102,14.536000,14.536000,0.001551
17103,14.536000,14.536000,0.001551
17104,14.536000,14.536000,0.001551
17105,14.536000,14.536000,0.001551
17106,14.536000,14.536000,0.001551
17107,14.536000,14.536000,0.001551
17108,14.536000,14.536000,0.001551
17109,14.536000,14.536000,0.001551
17110,14.536000,14.536000,0.001551
17111,14.536000,14.536000,0.001551
17112,14.536000,14.536000,0.001551
17113,14.536000,14.536000,0.001551
17114,14.536000,14.536000,0.001551
17115,14.536000,14.536000,0.001551
17116,14.536000,14.536000,0.001551
17117,14.536000,14.536000,0.001551
17118,14.536000,14.536000,0.001551
17119,14.536000,14.536000,0.001551
17120,14.536000,14.536000,0.001551
17121,14.536000,14.536000,0.001551
17122,14.536000,14.536000,0.001551
17123,14.536000,14.536000,0.001551
17124,14.536000,14.536000,0.001551
17125,14.536000,14.536000,0.001551
17126,14.536000,14.536000,0.001551
17127,14.536000,14.536000,0.001551
17128,14.536000,14.536000,0.001551
17129,14.536000,14.536000,0.001551
17130,14.536000,14.536000,0.001551
17131,14.536000,14.536000,0.001551
17132,14.536000,14.536000,0.001551
17133,14.536000,14.536000,0.001551
17134,14.536000,14.536000,0.001551
17135,14.536000,14.536000,0.001551
17136,14.536000,14.536000,0.001551
17137,14.536000,14.536000,0.001551
17138,14.536000,14.536000,0.001551
17139,14.536000,14.536000,0.001551
17140,14.536000,14.536000,0.001551
17141,14.536000,14.536000,0.001551
17142,14.536000,14.536000,0.001551
17143,14.536000,14.536000,0.001551
17144,14.536000,14.536000,0.001551
17145,14.536000,14.536000,0.001551
17146,14.536000,14.536000,0.001551
17147,14.536000,14.536000,0.001551
17148,14.536000,14.536000,0.001551
17149,14.536000,14.536000,0.001551
17150,14.536000,14.536000,0.001551
17151,14.536000,14.536000,0.001551
17152,14.536000,14.536000,0.001551
17153,14.536000,14.536000,0.001551
17154,14.536000,14.536000,0.001551
17155,14.536000,14.536000,0.001551
17156,14.536000,14.536000,0.001551
17157,14.536000,14.536000,0.001551
17158,14.536000,14.536000,0.001551
17159,14.536000,14.536000,0.001551
17160,14.536000,14.536000,0.001551
17161,14.536000,14.536000,0.001551
17162,14.536000,14.536000,0.001551
17163,14.536000,14.536000,0.001551
17164,14.536000,14.536000,0.001551
17165,14.536000,14.536000,0.001551
17166,14.536000,14.536000,0.001551
17167,14.536000,14.536000,0.001551
17168,14.536000,14.536000,0.001551
17169,14.536000,14.536000,0.001551
17170,14.536000,14.536000,0.001551
17171,14.536000,14.536000,0.001551
17172,14.536000,14.536000,0.001551
17173,14.536000,14.536000,0.001551
17174,14.536000,14.536000,0.001551
17175,14.536000,14.536000,0.001551
17176,14.536000,14.536000,0.001551
17177,14.536000,14.536000,0.001551
17178,14.536000,14.536000,0.001551
17179,14.536000,14.536000,0.001551
17180,14.536000,14.536000,0.001551
17181,14.536000,14.536000,0.001551
17182,14.536000,14.536000,0.001551
17183,14.536000,14.536000,0.001551
17184,14.536000,14.536000,0.001551
17185,14.536000,14.536000,0.001551
17186,14.536000,14.536000,0.001551
17187,14.536000,14.536000,0.001551
17188,14.536000,14.536000,0.001551
17189,14.536000,14.536000,0.001551
17190,14.536000,14.536000,0.001551
17191,14.536000,14.536000,0.001551
17192,14.536000,14.536000,0.001551
17193,14.536000,14.536000,0.001551
17194,14.536000,14.536000,0.001551
17195,14.536000,14.536000,0.001551
17196,14.536000,14.536000,0.001551
17197,14.536000,14.536000,0.001551
17198,14.536000,14.536000,0.001551
17199,14.536000,14.536000,0.001551
17200,14.536000,14.536000,0.001551
17201,14.536000,14.536000,0.001474
17202,14.536000,14.536000,0.001474
17203,14.536000,14.536000,0.001474
17204,14.536000,14.536000,0.001474
17205,14.536000,14.536000,0.001474
17206,14.536000,14.536000,0.001474
17207,14.536000,14.536000,0.001474
17208,14.536000,14.536000,0.001474
17209,14.536000,14.536000,0.001474
17210,14.536000,14.536000,0.001474
17211,14.536000,14.536000,0.001474
17212,14.536000,14.536000,0.001474
17213,14.536000,14.536000,0.001474
17214,14.536000,14.536000,0.001474
17215,14.536000,14.536000,0.001474
17216,14.536000,14.536000,0.001474
17217,14.536000,14.536000,0.001474
17218,14.536000,14.536000,0.001474
17219,14.536000,14.536000,0.001474
17220,14.536000,14.536000,0.001474
17221,14.536000,14.536000,0.001474
17222,14.536000,14.536000,0.001474
17223,14.536000,14.536000,0.001474
17224,14.536000,14.536000,0.001474
17225,14.536000,14.536000,0.001474
17226,14.536000,14.536000,0.001474
17227,14.536000,14.536000,0.001474
17228,14.536000,14.536000,0.001474
17229,14.536000,14.536000,0.001474
17230,14.536000,14.536000,0.001474
17231,14.536000,14.536000,0.001474
17232,14.536000,14.536000,0.001474
17233,14.536000,14.536000,0.001474
17234,14.536000,14.536000,0.001474
17235,14.536000,14.536000,0.001474
17236,14.536000,14.536000,0.001474
17237,14.536000,14.536000,0.001474
17238,14.536000,14.536000,0.001474
17239,14.536000,14.536000,0.001474
17240,14.536000,14.536000,0.001474
17241,14.536000,14.536000,0.001474
17242,14.536000,14.536000,0.001474
17243,14.536000,14.536000,0.001474
17244,14.536000,14.536000,0.001474
17245,14.536000,14.536000,0.001474
17246,14.536000,14.536000,0.001474
17247,14.536000,14.536000,0.001474
17248,14.536000,14.536000,0.001474
17249,14.536000,14.536000,0.001474
17250,14.536000,14.536000,0.001474
17251,14.536000,14.536000,0.001474
17252,14.536000,14.536000,0.001474
17253,14.536000,14.536000,0.001474
17254,14.536000,14.536000,0.001474
17255,14.536000,14.536000,0.001474
17256,14.536000,14.536000,0.001474
17257,14.536000,14.536000,0.001474
17258,14.536000,14.536000,0.001474
17259,14.536000,14.536000,0.001474
17260,14.536000,14.536000,0.001474
17261,14.536000,14.536000,0.001474
17262,14.536000,14.536000,0.001474
17263,14.536000,14.536000,0.001474
17264,14.536000,14.536000,0.001474
17265,14.536000,14.536000,0.001474
17266,14.536000,14.536000,0.001474
17267,14.536000,14.536000,0.001474
17268,14.536000,14.536000,0.001474
17269,14.536000,14.536000,0.001474
17270,14.536000,14.536000,0.001474
17271,14.536000,14.536000,0.001474
17272,14.536000,14.536000,0.001474
17273,14.536000,14.536000,0.001474
17274,14.536000,14.536000,0.001474
17275,14.536000,14.536000,0.001474
17276,14.536000,14.536000,0.001474
17277,14.536000,14.536000,0.001474
17278,14.536000,14.536000,0.001474
17279,14.536000,14.536000,0.001474
17280,14.536000,14.536000,0.001474
17281,14.536000,14.536000,0.001474
17282,14.536000,14.536000,0.001474
17283,14.536000,14.536000,0.001474
17284,14.536000,14.536000,0.001474
17285,14.536000,14.536000,0.001474
17286,14.536000,14.536000,0.001474
17287,14.536000,14.536000,0.001474
17288,14.536000,14.536000,0.001474
17289,14.536000,14.536000,0.001474
17290,14.536000,14.536000,0.001474
17291,14.536000,14.536000,0.001474
17292,14.536000,14.536000,0.001474
17293,14.536000,14.536000,0.001474
17294,14.536000,14.536000,0.001474
17295,14.536000,14.536000,0.001474
17296,14.536000,14.536000,0.001474
17297,14.536000,14.536000,0.001474
17298,14.536000,14.536000,0.001474
17299,14.536000,14.536000,0.001474
17300,14.536000,14.536000,0.001474
17301,14.536000,14.536000,0.001400
17302,14.536000,14.536000,0.001400
17303,14.536000,14.536000,0.001400
17304,14.536000,14.536000,0.001400
17305,14.536000,14.536000,0.001400
17306,14.536000,14.536000,0.001400
17307,14.536000,14.536000,0.001400
17308,14.536000,14.536000,0.001400
17309,14.536000,14.536000,0.001400
17310,14.536000,14.536000,0.001400
17311,14.536000,14.536000,0.001400
17312,14.536000,14.536000,0.001400
17313,14.536000,14.536000,0.001400
17314,14.536000,14.536000,0.001400
17315,14.536000,14.536000,0.001400
17316,14.536000,14.536000,0.001400
17317,14.536000,14.536000,0.001400
17318,14.536000,14.536000,0.001400
17319,14.536000,14.536000,0.001400
17320,14.536000,14.536000,0.001400
17321,14.536000,14.536000,0.001400
17322,14.536000,14.536000,0.001400
17323,14.536000,14.536000,0.001400
17324,14.536000,14.536000,0.001400
17325,14.536000,14.536000,0.001400
17326,14.536000,14.536000,0.001400
17327,14.536000,14.536000,0.001400
17328,14.536000,14.536000,0.001400
17329,14.536000,14.536000,0.001400
17330,14.536000,14.536000,0.001400
17331,14.536000,14.536000,0.001400
17332,14.536000,14.536000,0.001400
17333,14.536000,14.536000,0.001400
17334,14.536000,14.536000,0.001400
17335,14.536000,14.536000,0.001400
17336,14.536000,14.536000,0.001400
17337,14.536000,14.536000,0.001400
17338,14.536000,14.536000,0.001400
17339,14.536000,14.536000,0.001400
17340,14.536000,14.536000,0.001400
17341,14.536000,14.536000,0.001400
17342,14.536000,14.536000,0.001400
17343,14.536000,14.536000,0.001400
17344,14.536000,14.536000,0.001400
17345,14.536000,14.536000,0.001400
17346,14.536000,14.536000,0.001400
17347,14.536000,14.536000,0.001400
17348,14.536000,14.536000,0.001400
17349,14.536000,14.536000,0.001400
17350,14.536000,14.536000,0.001400
17351,14.536000,14.536000,0.001400
17352,14.536000,14.536000,0.001400
17353,14.536000,14.536000,0.001400
17354,14.536000,14.536000,0.001400
17355,14.536000,14.536000,0.001400
17356,14.536000,14.536000,0.001400
17357,14.536000,14.536000,0.001400
17358,14.536000,14.536000,0.001400
17359,14.536000,14.536000,0.001400
17360,14.536000,14.536000,0.001400
17361,14.536000,14.536000,0.001400
17362,14.536000,14.536000,0.001400
17363,14.536000,14.536000,0.001400
17364,14.536000,14.536000,0.001400
17365,14.536000,14.536000,0.001400
17366,14.536000,14.536000,0.001400
17367,14.536000,14.536000,0.001400
17368,14.536000,14.536000,0.001400
17369,14.536000,14.536000,0.001400
17370,14.536000,14.536000,0.001400
17371,14.536000,14.536000,0.001400
17372,14.536000,14.536000,0.001400
17373,14.536000,14.536000,0.001400
17374,14.536000,14.536000,0.001400
17375,14.536000,14.536000,0.001400
17376,14.536000,14.536000,0.001400
17377,14.536000,14.536000,0.001400
17378,14.536000,14.536000,0.001400
17379,14.536000,14.536000,0.001400
17380,14.536000,14.536000,0.001400
17381,14.536000,14.536000,0.001400
17382,14.536000,14.536000,0.001400
17383,14.536000,14.536000,0.001400
17384,14.536000,14.536000,0.001400
17385,14.536000,14.536000,0.001400
17386,14.536000,14.536000,0.001400
17387,14.536000,14.536000,0.001400
17388,14.536000,14.536000,0.001400
17389,14.536000,14.536000,0.001400
17390,14.536000,14.536000,0.001400
17391,14.536000,14.536000,0.001400
17392,14.536000,14.536000,0.001400
17393,14.536000,14.536000,0.001400
17394,14.536000,14.536000,0.001400
17395,14.536000,14.536000,0.001400
17396,14.536000,14.536000,0.001400
17397,14.536000,14.536000,0.001400
17398,14.536000,14.536000,0.001400
17399,14.536000,14.536000,0.001400
17400,14.536000,14.536000,0.001400
17401,14.536000,14.536000,0.001330
17402,14.536000,14.536000,0.001330
17403,14.536000,14.536000,0.001330
17404,14.536000,14.536000,0.001330
17405,14.536000,14.536000,0.001330
17406,14.536000,14.536000,0.001330
17407,14.536000,14.536000,0.001330
17408,14.536000,14.536000,0.001330
17409,14.536000,14.536000,0.001330
17410,14.536000,14.536000,0.001330
17411,14.536000,14.536000,0.001330
17412,14.536000,14.536000,0.001330
17413,14.536000,14.536000,0.001330
17414,14.536000,14.536000,0.001330
17415,14.536000,14.536000,0.001330
17416,14.536000,14.536000,0.001330
17417,14.536000,14.536000,0.001330
17418,14.536000,14.536000,0.001330
17419,14.536000,14.536000,0.001330
17420,14.536000,14.536000,0.001330
17421,14.536000,14.536000,0.001330
17422,14.536000,14.536000,0.001330
17423,14.536000,14.536000,0.001330
17424,14.536000,14.536000,0.001330
17425,14.536000,14.536000,0.001330
17426,14.536000,14.536000,0.001330
17427,14.536000,14.536000,0.001330
17428,14.536000,14.536000,0.001330
17429,14.536000,14.536000,0.001330
17430,14.536000,14.536000,0.001330
17431,14.536000,14.536000,0.001330
17432,14.536000,14.536000,0.001330
17433,14.536000,14.536000,0.001330
17434,14.536000,14.536000,0.001330
17435,14.536000,14.536000,0.001330
17436,14.536000,14.536000,0.001330
17437,14.536000,14.536000,0.001330
17438,14.536000,14.536000,0.001330
17439,14.536000,14.536000,0.001330
17440,14.536000,14.536000,0.001330
17441,14.536000,14.536000,0.001330
17442,14.536000,14.536000,0.001330
17443,14.536000,14.536000,0.001330
17444,14.536000,14.536000,0.001330
17445,14.536000,14.536000,0.001330
17446,14.536000,14.536000,0.001330
17447,14.536000,14.536000,0.001330
17448,14.536000,14.536000,0.001330
17449,14.536000,14.536000,0.001330
17450,14.536000,14.536000,0.001330
17451,14.536000,14.536000,0.001330
17452,14.536000,14.536000,0.001330
17453,14.536000,14.536000,0.001330
17454,14.536000,14.536000,0.001330
17455,14.536000,14.536000,0.001330
17456,14.536000,14.536000,0.001330
17457,14.536000,14.536000,0.001330
17458,14.536000,14.536000,0.001330
17459,14.536000,14.536000,0.001330
17460,14.536000,14.536000,0.001330
17461,14.536000,14.536000,0.001330
17462,14.536000,14.536000,0.001330
17463,14.536000,14.536000,0.001330
17464,14.536000,14.536000,0.001330
17465,14.536000,14.536000,0.001330
17466,14.536000,14.536000,0.001330
17467,14.536000,14.536000,0.001330
17468,14.536000,14.536000,0.001330
17469,14.536000,14.536000,0.001330
17470,14.536000,14.536000,0.001330
17471,14.536000,14.536000,0.001330
17472,14.536000,14.536000,0.001330
17473,14.536000,14.536000,0.001330
17474,14.536000,14.536000,0.001330
17475,14.536000,14.536000,0.001330
17476,14.536000,14.536000,0.001330
17477,14.536000,14.536000,0.001330
17478,14.536000,14.536000,0.001330
17479,14.536000,14.536000,0.001330
17480,14.536000,14.536000,0.001330
17481,14.536000,14.536000,0.001330
17482,14.536000,14.536000,0.001330
17483,14.536000,14.536000,0.001330
17484,14.536000,14.536000,0.001330
17485,14.536000,14.536000,0.001330
17486,14.536000,14.536000,0.001330
17487,14.536000,14.536000,0.001330
17488,14.536000,14.536000,0.001330
17489,14.536000,14.536000,0.001330
17490,14.536000,14.536000,0.001330
17491,14.536000,14.536000,0.001330
17492,14.536000,14.536000,0.001330
17493,14.536000,14.536000,0.001330
17494,14.536000,14.536000,0.001330
17495,14.536000,14.536000,0.001330
17496,14.536000,14.536000,0.001330
17497,14.536000,14.536000,0.001330
17498,14.536000,14.536000,0.001330
17499,14.536000,14.536000,0.001330
17500,14.536000,14.536000,0.001330
17501,14.536000,14.536000,0.001264
17502,14.536000,14.536000,0.001264
17503,14.536000,14.536000,0.001264
17504,14.536000,14.536000,0.001264
17505,14.536000,14.536000,0.001264
17506,14.536000,14.536000,0.001264
17507,14.536000,14.536000,0.001264
17508,14.536000,14.536000,0.001264
17509,14.536000,14.536000,0.001264
17510,14.536000,14.536000,0.001264
17511,14.536000,14.536000,0.001264
17512,14.536000,14.536000,0.001264
17513,14.536000,14.536000,0.001264
17514,14.536000,14.536000,0.001264
17515,14.536000,14.536000,0.001264
17516,14.536000,14.536000,0.001264
17517,14.536000,14.536000,0.001264
17518,14.536000,14.536000,0.001264
17519,14.536000,14.536000,0.001264
17520,14.536000,14.536000,0.001264
17521,14.536000,14.536000,0.001264
17522,14.536000,14.536000,0.001264
17523,14.536000,14.536000,0.001264
17524,14.536000,14.536000,0.001264
17525,14.536000,14.536000,0.001264
17526,14.536000,14.536000,0.001264
17527,14.536000,14.536000,0.001264
17528,14.536000,14.536000,0.001264
17529,14.536000,14.536000,0.001264
17530,14.536000,14.536000,0.001264
17531,14.536000,14.536000,0.001264
17532,14.536000,14.536000,0.001264
17533,14.536000,14.536000,0.001264
17534,14.536000,14.536000,0.001264
17535,14.536000,14.536000,0.001264
17536,14.536000,14.536000,0.001264
17537,14.536000,14.536000,0.001264
17538,14.536000,14.536000,0.001264
17539,14.536000,14.536000,0.001264
17540,14.536000,14.536000,0.001264
17541,14.536000,14.536000,0.001264
17542,14.536000,14.536000,0.001264
17543,14.536000,14.536000,0.001264
17544,14.536000,14.536000,0.001264
17545,14.536000,14.536000,0.001264
17546,14.536000,14.536000,0.001264
17547,14.536000,14.536000,0.001264
17548,14.536000,14.536000,0.001264
17549,14.536000,14.536000,0.001264
17550,14.536000,14.536000,0.001264
17551,14.536000,14.536000,0.001264
17552,14.536000,14.536000,0.001264
17553,14.536000,14.536000,0.001264
17554,14.536000,14.536000,0.001264
17555,14.536000,14.536000,0.001264
17556,14.536000,14.536000,0.001264
17557,14.536000,14.536000,0.001264
17558,14.536000,14.536000,0.001264
17559,14.536000,14.536000,0.001264
17560,14.536000,14.536000,0.001264
17561,14.536000,14.536000,0.001264
17562,14.536000,14.536000,0.001264
17563,14.536000,14.536000,0.001264
17564,14.536000,14.536000,0.001264
17565,14.536000,14.536000,0.001264
17566,14.536000,14.536000,0.001264
17567,14.536000,14.536000,0.001264
17568,14.536000,14.536000,0.001264
17569,14.536000,14.536000,0.001264
17570,14.536000,14.536000,0.001264
17571,14.536000,14.536000,0.001264
17572,14.536000,14.536000,0.001264
17573,14.536000,14.536000,0.001264
17574,14.536000,14.536000,0.001264
17575,14.536000,14.536000,0.001264
17576,14.536000,14.536000,0.001264
17577,14.536000,14.536000,0.001264
17578,14.536000,14.536000,0.001264
17579,14.536000,14.536000,0.001264
17580,14.536000,14.536000,0.001264
17581,14.536000,14.536000,0.001264
17582,14.536000,14.536000,0.001264
17583,14.536000,14.536000,0.001264
17584,14.536000,14.536000,0.001264
17585,14.536000,14.536000,0.001264
17586,14.536000,14.536000,0.001264
17587,14.536000,14.536000,0.001264
17588,14.536000,14.536000,0.001264
17589,14.536000,14.536000,0.001264
17590,14.536000,14.536000,0.001264
17591,14.536000,14.536000,0.001264
17592,14.536000,14.536000,0.001264
17593,14.536000,14.536000,0.001264
17594,14.536000,14.536000,0.001264
17595,14.536000,14.536000,0.001264
17596,14.536000,14.536000,0.001264
17597,14.536000,14.536000,0.001264
17598,14.536000,14.536000,0.001264
17599,14.536000,14.536000,0.001264
17600,14.536000,14.536000,0.001264
17601,14.536000,14.536000,0.001200
17602,14.536000,14.536000,0.001200
17603,14.536000,14.536000,0.001200
17604,14.536000,14.536000,0.001200
17605,14.536000,14.536000,0.001200
17606,14.536000,14.536000,0.001200
17607,14.536000,14.536000,0.001200
17608,14.536000,14.536000,0.001200
17609,14.536000,14.536000,0.001200
17610,14.536000,14.536000,0.001200
17611,14.536000,14.536000,0.001200
17612,14.536000,14.536000,0.001200
17613,14.536000,14.536000,0.001200
17614,14.536000,14.536000,0.001200
17615,14.536000,14.536000,0.001200
17616,14.536000,14.536000,0.001200
17617,14.536000,14.536000,0.001200
17618,14.536000,14.536000,0.001200
17619,14.536000,14.536000,0.001200
17620,14.536000,14.536000,0.001200
17621,14.536000,14.536000,0.001200
17622,14.536000,14.536000,0.001200
17623,14.536000,14.536000,0.001200
17624,14.536000,14.536000,0.001200
17625,14.536000,14.536000,0.001200
17626,14.536000,14.536000,0.001200
17627,14.536000,14.536000,0.001200
17628,14.536000,14.536000,0.001200
17629,14.536000,14.536000,0.001200
17630,14.536000,14.536000,0.001200
17631,14.536000,14.536000,0.001200
17632,14.536000,14.536000,0.001200
17633,14.536000,14.536000,0.001200
17634,14.536000,14.536000,0.001200
17635,14.536000,14.536000,0.001200
17636,14.536000,14.536000,0.001200
17637,14.536000,14.536000,0.001200
17638,14.536000,14.536000,0.001200
17639,14.536000,14.536000,0.001200
17640,14.536000,14.536000,0.001200
17641,14.536000,14.536000,0.001200
17642,14.536000,14.536000,0.001200
17643,14.536000,14.536000,0.001200
17644,14.536000,14.536000,0.001200
17645,14.536000,14.536000,0.001200
17646,14.536000,14.536000,0.001200
17647,14.536000,14.536000,0.001200
17648,14.536000,14.536000,0.001200
17649,14.536000,14.536000,0.001200
17650,14.536000,14.536000,0.001200
17651,14.536000,14.536000,0.001200
17652,14.536000,14.536000,0.001200
17653,14.536000,14.536000,0.001200
17654,14.536000,14.536000,0.001200
17655,14.536000,14.536000,0.001200
17656,14.536000,14.536000,0.001200
17657,14.536000,14.536000,0.001200
17658,14.536000,14.536000,0.001200
17659,14.536000,14.536000,0.001200
17660,14.536000,14.536000,0.001200
17661,14.536000,14.536000,0.001200
17662,14.536000,14.536000,0.001200
17663,14.536000,14.536000,0.001200
17664,14.536000,14.536000,0.001200
17665,14.536000,14.536000,0.001200
17666,14.536000,14.536000,0.001200
17667,14.536000,14.536000,0.001200
17668,14.536000,14.536000,0.001200
17669,14.536000,14.536000,0.001200
17670,14.536000,14.536000,0.001200
17671,14.536000,14.536000,0.001200
17672,14.536000,14.536000,0.001200
17673,14.536000,14.536000,0.001200
17674,14.536000,14.536000,0.001200
17675,14.536000,14.536000,0.001200
17676,14.536000,14.536000,0.001200
17677,14.536000,14.536000,0.001200
17678,14.536000,14.536000,0.001200
17679,14.536000,14.536000,0.001200
17680,14.536000,14.536000,0.001200
17681,14.536000,14.536000,0.001200
17682,14.536000,14.536000,0.001200
17683,14.536000,14.536000,0.001200
17684,14.536000,14.536000,0.001200
17685,14.536000,14.536000,0.001200
17686,14.536000,14.536000,0.001200
17687,14.536000,14.536000,0.001200
17688,14.536000,14.536000,0.001200
17689,14.536000,14.536000,0.001200
17690,14.536000,14.536000,0.001200
17691,14.536000,14.536000,0.001200
17692,14.536000,14.536000,0.001200
17693,14.536000,14.536000,0.001200
17694,14.536000,14.536000,0.001200
17695,14.536000,14.536000,0.001200
17696,14.536000,14.536000,0.001200
17697,14.536000,14.536000,0.001200
17698,14.536000,14.536000,0.001200
17699,14.536000,14.536000,0.001200
17700,14.536000,14.536000,0.001200
17701,14.536000,14.536000,0.001140
17702,14.536000,14.536000,0.001140
17703,14.536000,14.536000,0.001140
17704,14.536000,14.536000,0.001140
17705,14.536000,14.536000,0.001140
17706,14.536000,14.536000,0.001140
17707,14.536000,14.536000,0.001140
17708,14.536000,14.536000,0.001140
17709,14.536000,14.536000,0.001140
17710,14.536000,14.536000,0.001140
17711,14.536000,14.536000,0.001140
17712,14.536000,14.536000,0.001140
17713,14.536000,14.536000,0.001140
17714,14.536000,14.536000,0.001140
17715,14.536000,14.536000,0.001140
17716,14.536000,14.536000,0.001140
17717,14.536000,14.536000,0.001140
17718,14.536000,14.536000,0.001140
17719,14.536000,14.536000,0.001140
17720,14.536000,14.536000,0.001140
17721,14.536000,14.536000,0.001140
17722,14.536000,14.536000,0.001140
17723,14.536000,14.536000,0.001140
17724,14.536000,14.536000,0.001140
17725,14.536000,14.536000,0.001140
17726,14.536000,14.536000,0.001140
17727,14.536000,14.536000,0.001140
17728,14.536000,14.536000,0.001140
17729,14.536000,14.536000,0.001140
17730,14.536000,14.536000,0.001140
17731,14.536000,14.536000,0.001140
17732,14.536000,14.536000,0.001140
17733,14.536000,14.536000,0.001140
17734,14.536000,14.536000,0.001140
17735,14.536000,14.536000,0.001140
17736,14.536000,14.536000,0.001140
17737,14.536000,14.536000,0.001140
17738,14.536000,14.536000,0.001140
17739,14.536000,14.536000,0.001140
17740,14.536000,14.536000,0.001140
17741,14.536000,14.536000,0.001140
17742,14.536000,14.536000,0.001140
17743,14.536000,14.536000,0.001140
17744,14.536000,14.536000,0.001140
17745,14.536000,14.536000,0.001140
17746,14.536000,14.536000,0.001140
17747,14.536000,14.536000,0.001140
17748,14.536000,14.536000,0.001140
17749,14.536000,14.536000,0.001140
17750,14.536000,14.536000,0.001140
17751,14.536000,14.536000,0.001140
17752,14.536000,14.536000,0.001140
17753,14.536000,14.536000,0.001140
17754,14.536000,14.536000,0.001140
17755,14.536000,14.536000,0.001140
17756,14.536000,14.536000,0.001140
17757,14.536000,14.536000,0.001140
17758,14.536000,14.536000,0.001140
17759,14.536000,14.536000,0.001140
17760,14.536000,14.536000,0.001140
17761,14.536000,14.536000,0.001140
17762,14.536000,14.536000,0.001140
17763,14.536000,14.536000,0.001140
17764,14.536000,14.536000,0.001140
17765,14.536000,14.536000,0.001140
17766,14.536000,14.536000,0.001140
17767,14.536000,14.536000,0.001140
17768,14.536000,14.536000,0.001140
17769,14.536000,14.536000,0.001140
17770,14.536000,14.536000,0.001140
17771,14.536000,14.536000,0.001140
17772,14.536000,14.536000,0.001140
17773,14.536000,14.536000,0.001140
17774,14.536000,14.536000,0.001140
17775,14.536000,14.536000,0.001140
17776,14.536000,14.536000,0.001140
17777,14.536000,14.536000,0.001140
17778,14.536000,14.536000,0.001140
17779,14.536000,14.536000,0.001140
17780,14.536000,14.536000,0.001140
17781,14.536000,14.536000,0.001140
17782,14.536000,14.536000,0.001140
17783,14.536000,14.536000,0.001140
17784,14.536000,14.536000,0.001140
17785,14.536000,14.536000,0.001140
17786,14.536000,14.536000,0.001140
17787,14.536000,14.536000,0.001140
17788,14.536000,14.536000,0.001140
17789,14.536000,14.536000,0.001140
17790,14.536000,14.536000,0.001140
17791,14.536000,14.536000,0.001140
17792,14.536000,14.536000,0.001140
17793,14.536000,14.536000,0.001140
17794,14.536000,14.536000,0.001140
17795,14.536000,14.536000,0.001140
17796,14.536000,14.536000,0.001140
17797,14.536000,14.536000,0.001140
17798,14.536000,14.536000,0.001140
17799,14.536000,14.536000,0.001140
17800,14.536000,14.536000,0.001140
17801,14.536000,14.536000,0.001083
17802,14.536000,14.536000,0.001083
17803,14.536000,14.536000,0.001083
17804,14.536000,14.536000,0.001083
17805,14.536000,14.536000,0.001083
17806,14.536000,14.536000,0.001083
17807,14.536000,14.536000,0.001083
17808,14.536000,14.536000,0.001083
17809,14.536000,14.536000,0.001083
17810,14.536000,14.536000,0.001083
17811,14.536000,14.536000,0.001083
17812,14.536000,14.536000,0.001083
17813,14.536000,14.536000,0.001083
17814,14.536000,14.536000,0.001083
17815,14.536000,14.536000,0.001083
17816,14.536000,14.536000,0.001083
17817,14.536000,14.536000,0.001083
17818,14.536000,14.536000,0.001083
17819,14.536000,14.536000,0.001083
17820,14.536000,14.536000,0.001083
17821,14.536000,14.536000,0.001083
17822,14.536000,14.536000,0.001083
17823,14.536000,14.536000,0.001083
17824,14.536000,14.536000,0.001083
17825,14.536000,14.536000,0.001083
17826,14.536000,14.536000,0.001083
17827,14.536000,14.536000,0.001083
17828,14.536000,14.536000,0.001083
17829,14.536000,14.536000,0.001083
17830,14.536000,14.536000,0.001083
17831,14.536000,14.536000,0.001083
17832,14.536000,14.536000,0.001083
17833,14.536000,14.536000,0.001083
17834,14.536000,14.536000,0.001083
17835,14.536000,14.536000,0.001083
17836,14.536000,14.536000,0.001083
17837,14.536000,14.536000,0.001083
17838,14.536000,14.536000,0.001083
17839,14.536000,14.536000,0.001083
17840,14.536000,14.536000,0.001083
17841,14.536000,14.536000,0.001083
17842,14.536000,14.536000,0.001083
17843,14.536000,14.536000,0.001083
17844,14.536000,14.536000,0.001083
17845,14.536000,14.536000,0.001083
17846,14.536000,14.536000,0.001083
17847,14.536000,14.536000,0.001083
17848,14.536000,14.536000,0.001083
17849,14.536000,14.536000,0.001083
17850,14.536000,14.536000,0.001083
17851,14.536000,14.536000,0.001083
17852,14.536000,14.536000,0.001083
17853,14.536000,14.536000,0.001083
17854,14.536000,14.536000,0.001083
17855,14.536000,14.536000,0.001083
17856,14.536000,14.536000,0.001083
17857,14.536000,14.536000,0.001083
17858,14.536000,14.536000,0.001083
17859,14.536000,14.536000,0.001083
17860,14.536000,14.536000,0.001083
17861,14.536000,14.536000,0.001083
17862,14.536000,14.536000,0.001083
17863,14.536000,14.536000,0.001083
17864,14.536000,14.536000,0.001083
17865,14.536000,14.536000,0.001083
17866,14.536000,14.536000,0.001083
17867,14.536000,14.536000,0.001083
17868,14.536000,14.536000,0.001083
17869,14.536000,14.536000,0.001083
17870,14.536000,14.536000,0.001083
17871,14.536000,14.536000,0.001083
17872,14.536000,14.536000,0.001083
17873,14.536000,14.536000,0.001083
17874,14.536000,14.536000,0.001083
17875,14.536000,14.536000,0.001083
17876,14.536000,14.536000,0.001083
17877,14.536000,14.536000,0.001083
17878,14.536000,14.536000,0.001083
17879,14.536000,14.536000,0.001083
17880,14.536000,14.536000,0.001083
17881,14.536000,14.536000,0.001083
17882,14.536000,14.536000,0.001083
17883,14.536000,14.536000,0.001083
17884,14.536000,14.536000,0.001083
17885,14.536000,14.536000,0.001083
17886,14.536000,14.536000,0.001083
17887,14.536000,14.536000,0.001083
17888,14.536000,14.536000,0.001083
17889,14.536000,14.536000,0.001083
17890,14.536000,14.536000,0.001083
17891,14.536000,14.536000,0.001083
17892,14.536000,14.536000,0.001083
17893,14.536000,14.536000,0.001083
17894,14.536000,14.536000,0.001083
17895,14.536000,14.536000,0.001083
17896,14.536000,14.536000,0.001083
17897,14.536000,14.536000,0.001083
17898,14.536000,14.536000,0.001083
17899,14.536000,14.536000,0.001083
17900,14.536000,14.536000,0.001083
17901,14.536000,14.536000,0.001029
17902,14.536000,14.536000,0.001029
17903,14.536000,14.536000,0.001029
17904,14.536000,14.536000,0.001029
17905,14.536000,14.536000,0.001029
17906,14.536000,14.536000,0.001029
17907,14.536000,14.536000,0.001029
17908,14.536000,14.536000,0.001029
17909,14.536000,14.536000,0.001029
17910,14.536000,14.536000,0.001029
17911,14.536000,14.536000,0.001029
17912,14.536000,14.536000,0.001029
17913,14.536000,14.536000,0.001029
17914,14.536000,14.536000,0.001029
17915,14.536000,14.536000,0.001029
17916,14.536000,14.536000,0.001029
17917,14.536000,14.536000,0.001029
17918,14.536000,14.536000,0.001029
17919,14.536000,14.536000,0.001029
17920,14.536000,14.536000,0.001029
17921,14.536000,14.536000,0.001029
17922,14.536000,14.536000,0.001029
17923,14.536000,14.536000,0.001029
17924,14.536000,14.536000,0.001029
17925,14.536000,14.536000,0.001029
17926,14.536000,14.536000,0.001029
17927,14.536000,14.536000,0.001029
17928,14.536000,14.536000,0.001029
17929,14.536000,14.536000,0.001029
17930,14.536000,14.536000,0.001029
17931,14.536000,14.536000,0.001029
17932,14.536000,14.536000,0.001029
17933,14.536000,14.536000,0.001029
17934,14.536000,14.536000,0.001029
17935,14.536000,14.536000,0.001029
17936,14.536000,14.536000,0.001029
17937,14.536000,14.536000,0.001029
17938,14.536000,14.536000,0.001029
17939,14.536000,14.536000,0.001029
17940,14.536000,14.536000,0.001029
17941,14.536000,14.536000,0.001029
17942,14.536000,14.536000,0.001029
17943,14.536000,14.536000,0.001029
17944,14.536000,14.536000,0.001029
17945,14.536000,14.536000,0.001029
17946,14.536000,14.536000,0.001029
17947,14.536000,14.536000,0.001029
17948,14.536000,14.536000,0.001029
17949,14.536000,14.536000,0.001029
17950,14.536000,14.536000,0.001029
17951,14.536000,14.536000,0.001029
17952,14.536000,14.536000,0.001029
17953,14.536000,14.536000,0.001029
17954,14.536000,14.536000,0.001029
17955,14.536000,14.536000,0.001029
17956,14.536000,14.536000,0.001029
17957,14.536000,14.536000,0.001029
17958,14.536000,14.536000,0.001029
17959,14.536000,14.536000,0.001029
17960,14.536000,14.536000,0.001029
17961,14.536000,14.536000,0.001029
17962,14.536000,14.536000,0.001029
17963,14.536000,14.536000,0.001029
17964,14.536000,14.536000,0.001029
17965,14.536000,14.536000,0.001029
17966,14.536000,14.536000,0.001029
17967,14.536000,14.536000,0.001029
17968,14.536000,14.536000,0.001029
17969,14.536000,14.536000,0.001029
17970,14.536000,14.536000,0.001029
17971,14.536000,14.536000,0.001029
17972,14.536000,14.536000,0.001029
17973,14.536000,14.536000,0.001029
17974,14.536000,14.536000,0.001029
17975,14.536000,14.536000,0.001029
17976,14.536000,14.536000,0.001029
17977,14.536000,14.536000,0.001029
17978,14.536000,14.536000,0.001029
17979,14.536000,14.536000,0.001029
17980,14.536000,14.536000,0.001029
17981,14.536000,14.536000,0.001029
17982,14.536000,14.536000,0.001029
17983,14.536000,14.536000,0.001029
17984,14.536000,14.536000,0.001029
17985,14.536000,14.536000,0.001029
17986,14.536000,14.536000,0.001029
17987,14.536000,14.536000,0.001029
17988,14.536000,14.536000,0.001029
17989,14.536000,14.536000,0.001029
17990,14.536000,14.536000,0.001029
17991,14.536000,14.536000,0.001029
17992,14.536000,14.536000,0.001029
17993,14.536000,14.536000,0.001029
17994,14.536000,14.536000,0.001029
17995,14.536000,14.536000,0.001029
17996,14.536000,14.536000,0.001029
17997,14.536000,14.536000,0.001029
17998,14.536000,14.536000,0.001029
17999,14.536000,14.536000,0.001029
18000,14.536000,14.536000,0.001029
18001,14.536000,14.536000,0.000978
18002,14.536000,14.536000,0.000978
18003,14.536000,14.536000,0.000978
18004,14.536000,14.536000,0.000978
18005,14.536000,14.536000,0.000978
18006,14.536000,14.536000,0.000978
18007,14.536000,14.536000,0.000978
18008,14.536000,14.536000,0.000978
18009,14.536000,14.536000,0.000978
18010,14.536000,14.536000,0.000978
18011,14.536000,14.536000,0.000978
18012,14.536000,14.536000,0.000978
18013,14.536000,14.536000,0.000978
18014,14.536000,14.536000,0.000978
18015,14.536000,14.536000,0.000978
18016,14.536000,14.536000,0.000978
18017,14.536000,14.536000,0.000978
18018,14.536000,14.536000,0.000978
18019,14.536000,14.536000,0.000978
18020,14.536000,14.536000,0.000978
18021,14.536000,14.536000,0.000978
18022,14.536000,14.536000,0.000978
18023,14.536000,14.536000,0.000978
18024,14.536000,14.536000,0.000978
18025,14.536000,14.536000,0.000978
18026,14.536000,14.536000,0.000978
18027,14.536000,14.536000,0.000978
18028,14.536000,14.536000,0.000978
18029,14.536000,14.536000,0.000978
18030,14.536000,14.536000,0.000978
18031,14.536000,14.536000,0.000978
18032,14.536000,14.536000,0.000978
18033,14.536000,14.536000,0.000978
18034,14.536000,14.536000,0.000978
18035,14.536000,14.536000,0.000978
18036,14.536000,14.536000,0.000978
18037,14.536000,14.536000,0.000978
18038,14.536000,14.536000,0.000978
18039,14.536000,14.536000,0.000978
18040,14.536000,14.536000,0.000978
18041,14.536000,14.536000,0.000978
18042,14.536000,14.536000,0.000978
18043,14.536000,14.536000,0.000978
18044,14.536000,14.536000,0.000978
18045,14.536000,14.536000,0.000978
18046,14.536000,14.536000,0.000978
18047,14.536000,14.536000,0.000978
18048,14.536000,14.536000,0.000978
18049,14.536000,14.536000,0.000978
18050,14.536000,14.536000,0.000978
18051,14.536000,14.536000,0.000978
18052,14.536000,14.536000,0.000978
18053,14.536000,14.536000,0.000978
18054,14.536000,14.536000,0.000978
18055,14.536000,14.536000,0.000978
18056,14.536000,14.536000,0.000978
18057,14.536000,14.536000,0.000978
18058,14.536000,14.536000,0.000978
18059,14.536000,14.536000,0.000978
18060,14.536000,14.536000,0.000978
18061,14.536000,14.536000,0.000978
18062,14.536000,14.536000,0.000978
18063,14.536000,14.536000,0.000978
18064,14.536000,14.536000,0.000978
18065,14.536000,14.536000,0.000978
18066,14.536000,14.536000,0.000978
18067,14.536000,14.536000,0.000978
18068,14.536000,14.536000,0.000978
18069,14.536000,14.536000,0.000978
18070,14.536000,14.536000,0.000978
18071,14.536000,14.536000,0.000978
18072,14.536000,14.536000,0.000978
18073,14.536000,14.536000,0.000978
18074,14.536000,14.536000,0.000978
18075,14.536000,14.536000,0.000978
18076,14.536000,14.536000,0.000978
18077,14.536000,14.536000,0.000978
18078,14.536000,14.536000,0.000978
18079,14.536000,14.536000,0.000978
18080,14.536000,14.536000,0.000978
18081,14.536000,14.536000,0.000978
18082,14.536000,14.536000,0.000978
18083,14.536000,14.536000,0.000978
18084,14.536000,14.536000,0.000978
18085,14.536000,14.536000,0.000978
18086,14.536000,14.536000,0.000978
18087,14.536000,14.536000,0.000978
18088,14.536000,14.536000,0.000978
18089,14.536000,14.536000,0.000978
18090,14.536000,14.536000,0.000978
18091,14.536000,14.536000,0.000978
18092,14.536000,14.536000,0.000978
18093,14.536000,14.536000,0.000978
18094,14.536000,14.536000,0.000978
18095,14.536000,14.536000,0.000978
18096,14.536000,14.536000,0.000978
18097,14.536000,14.536000,0.000978
18098,14.536000,14.536000,0.000978
18099,14.536000,14.536000,0.000978
18100,14.536000,14.536000,0.000978
18101,14.536000,14.536000,0.000929
18102,14.536000,14.536000,0.000929
18103,14.536000,14.536000,0.000929
18104,14.536000,14.536000,0.000929
18105,14.536000,14.536000,0.000929
18106,14.536000,14.536000,0.000929
18107,14.536000,14.536000,0.000929
18108,14.536000,14.536000,0.000929
18109,14.536000,14.536000,0.000929
18110,14.536000,14.536000,0.000929
18111,14.536000,14.536000,0.000929
18112,14.536000,14.536000,0.000929
18113,14.536000,14.536000,0.000929
18114,14.536000,14.536000,0.000929
18115,14.536000,14.536000,0.000929
18116,14.536000,14.536000,0.000929
18117,14.536000,14.536000,0.000929
18118,14.536000,14.536000,0.000929
18119,14.536000,14.536000,0.000929
18120,14.536000,14.536000,0.000929
18121,14.536000,14.536000,0.000929
18122,14.536000,14.536000,0.000929
18123,14.536000,14.536000,0.000929
18124,14.536000,14.536000,0.000929
18125,14.536000,14.536000,0.000929
18126,14.536000,14.536000,0.000929
18127,14.536000,14.536000,0.000929
18128,14.536000,14.536000,0.000929
18129,14.536000,14.536000,0.000929
18130,14.536000,14.536000,0.000929
18131,14.536000,14.536000,0.000929
18132,14.536000,14.536000,0.000929
18133,14.536000,14.536000,0.000929
18134,14.536000,14.536000,0.000929
18135,14.536000,14.536000,0.000929
18136,14.536000,14.536000,0.000929
18137,14.536000,14.536000,0.000929
18138,14.536000,14.536000,0.000929
18139,14.536000,14.536000,0.000929
18140,14.536000,14.536000,0.000929
18141,14.536000,14.536000,0.000929
18142,14.536000,14.536000,0.000929
18143,14.536000,14.536000,0.000929
18144,14.536000,14.536000,0.000929
18145,14.536000,14.536000,0.000929
18146,14.536000,14.536000,0.000929
18147,14.536000,14.536000,0.000929
18148,14.536000,14.536000,0.000929
18149,14.536000,14.536000,0.000929
18150,14.536000,14.536000,0.000929
18151,14.536000,14.536000,0.000929
18152,14.536000,14.536000,0.000929
18153,14.536000,14.536000,0.000929
18154,14.536000,14.536000,0.000929
18155,14.536000,14.536000,0.000929
18156,14.536000,14.536000,0.000929
18157,14.536000,14.536000,0.000929
18158,14.536000,14.536000,0.000929
18159,14.536000,14.536000,0.000929
18160,14.536000,14.536000,0.000929
18161,14.536000,14.536000,0.000929
18162,14.536000,14.536000,0.000929
18163,14.536000,14.536000,0.000929
18164,14.536000,14.536000,0.000929
18165,14.536000,14.536000,0.000929
18166,14.536000,14.536000,0.000929
18167,14.536000,14.536000,0.000929
18168,14.536000,14.536000,0.000929
18169,14.536000,14.536000,0.000929
18170,14.536000,14.536000,0.000929
18171,14.536000,14.536000,0.000929
18172,14.536000,14.536000,0.000929
18173,14.536000,14.536000,0.000929
18174,14.536000,14.536000,0.000929
18175,14.536000,14.536000,0.000929
18176,14.536000,14.536000,0.000929
18177,14.536000,14.536000,0.000929
18178,14.536000,14.536000,0.000929
18179,14.536000,14.536000,0.000929
18180,14.536000,14.536000,0.000929
18181,14.536000,14.536000,0.000929
18182,14.536000,14.536000,0.000929
18183,14.536000,14.536000,0.000929
18184,14.536000,14.536000,0.000929
18185,14.536000,14.536000,0.000929
18186,14.536000,14.536000,0.000929
18187,14.536000,14.536000,0.000929
18188,14.536000,14.536000,0.000929
18189,14.536000,14.536000,0.000929
18190,14.536000,14.536000,0.000929
18191,14.536000,14.536000,0.000929
18192,14.536000,14.536000,0.000929
18193,14.536000,14.536000,0.000929
18194,14.536000,14.536000,0.000929
18195,14.536000,14.536000,0.000929
18196,14.536000,14.536000,0.000929
18197,14.536000,14.536000,0.000929
18198,14.536000,14.536000,0.000929
18199,14.536000,14.536000,0.000929
18200,14.536000,14.536000,0.000929
18201,14.536000,14.536000,0.000882
18202,14.536000,14.536000,0.000882
18203,14.536000,14.536000,0.000882
18204,14.536000,14.536000,0.000882
18205,14.536000,14.536000,0.000882
18206,14.536000,14.536000,0.000882
18207,14.536000,14.536000,0.000882
18208,14.536000,14.536000,0.000882
18209,14.536000,14.536000,0.000882
18210,14.536000,14.536000,0.000882
18211,14.536000,14.536000,0.000882
18212,14.536000,14.536000,0.000882
18213,14.536000,14.536000,0.000882
18214,14.536000,14.536000,0.000882
18215,14.536000,14.536000,0.000882
18216,14.536000,14.536000,0.000882
18217,14.536000,14.536000,0.000882
18218,14.536000,14.536000,0.000882
18219,14.536000,14.536000,0.000882
18220,14.536000,14.536000,0.000882
18221,14.536000,14.536000,0.000882
18222,14.536000,14.536000,0.000882
18223,14.536000,14.536000,0.000882
18224,14.536000,14.536000,0.000882
18225,14.536000,14.536000,0.000882
18226,14.536000,14.536000,0.000882
18227,14.536000,14.536000,0.000882
18228,14.536000,14.536000,0.000882
18229,14.536000,14.536000,0.000882
18230,14.536000,14.536000,0.000882
18231,14.536000,14.536000,0.000882
18232,14.536000,14.536000,0.000882
18233,14.536000,14.536000,0.000882
18234,14.536000,14.536000,0.000882
18235,14.536000,14.536000,0.000882
18236,14.536000,14.536000,0.000882
18237,14.536000,14.536000,0.000882
18238,14.536000,14.536000,0.000882
18239,14.536000,14.536000,0.000882
18240,14.536000,14.536000,0.000882
18241,14.536000,14.536000,0.000882
18242,14.536000,14.536000,0.000882
18243,14.536000,14.536000,0.000882
18244,14.536000,14.536000,0.000882
18245,14.536000,14.536000,0.000882
18246,14.536000,14.536000,0.000882
18247,14.536000,14.536000,0.000882
18248,14.536000,14.536000,0.000882
18249,14.536000,14.536000,0.000882
18250,14.536000,14.536000,0.000882
18251,14.536000,14.536000,0.000882
18252,14.536000,14.536000,0.000882
18253,14.536000,14.536000,0.000882
18254,14.536000,14.536000,0.000882
18255,14.536000,14.536000,0.000882
18256,14.536000,14.536000,0.000882
18257,14.536000,14.536000,0.000882
18258,14.536000,14.536000,0.000882
18259,14.536000,14.536000,0.000882
18260,14.536000,14.536000,0.000882
18261,14.536000,14.536000,0.000882
18262,14.536000,14.536000,0.000882
18263,14.536000,14.536000,0.000882
18264,14.536000,14.536000,0.000882
18265,14.536000,14.536000,0.000882
18266,14.536000,14.536000,0.000882
18267,14.536000,14.536000,0.000882
18268,14.536000,14.536000,0.000882
18269,14.536000,14.536000,0.000882
18270,14.536000,14.536000,0.000882
18271,14.536000,14.536000,0.000882
18272,14.536000,14.536000,0.000882
18273,14.536000,14.536000,0.000882
18274,14.536000,14.536000,0.000882
18275,14.536000,14.536000,0.000882
18276,14.536000,14.536000,0.000882
18277,14.536000,14.536000,0.000882
18278,14.536000,14.536000,0.000882
18279,14.536000,14.536000,0.000882
18280,14.536000,14.536000,0.000882
18281,14.536000,14.536000,0.000882
18282,14.536000,14.536000,0.000882
18283,14.536000,14.536000,0.000882
18284,14.536000,14.536000,0.000882
18285,14.536000,14.536000,0.000882
18286,14.536000,14.536000,0.000882
18287,14.536000,14.536000,0.000882
18288,14.536000,14.536000,0.000882
18289,14.536000,14.536000,0.000882
18290,14.536000,14.536000,0.000882
18291,14.536000,14.536000,0.000882
18292,14.536000,14.536000,0.000882
18293,14.536000,14.536000,0.000882
18294,14.536000,14.536000,0.000882
18295,14.536000,14.536000,0.000882
18296,14.536000,14.536000,0.000882
18297,14.536000,14.536000,0.000882
18298,14.536000,14.536000,0.000882
18299,14.536000,14.536000,0.000882
18300,14.536000,14.536000,0.000882
18301,14.536000,14.536000,0.000838
18302,14.536000,14.536000,0.000838
18303,14.536000,14.536000,0.000838
18304,14.536000,14.536000,0.000838
18305,14.536000,14.536000,0.000838
18306,14.536000,14.536000,0.000838
18307,14.536000,14.536000,0.000838
18308,14.536000,14.536000,0.000838
18309,14.536000,14.536000,0.000838
18310,14.536000,14.536000,0.000838
18311,14.536000,14.536000,0.000838
18312,14.536000,14.536000,0.000838
18313,14.536000,14.536000,0.000838
18314,14.536000,14.536000,0.000838
18315,14.536000,14.536000,0.000838
18316,14.536000,14.536000,0.000838
18317,14.536000,14.536000,0.000838
18318,14.536000,14.536000,0.000838
18319,14.536000,14.536000,0.000838
18320,14.536000,14.536000,0.000838
18321,14.536000,14.536000,0.000838
18322,14.536000,14.536000,0.000838
18323,14.536000,14.536000,0.000838
18324,14.536000,14.536000,0.000838
18325,14.536000,14.536000,0.000838
18326,14.536000,14.536000,0.000838
18327,14.536000,14.536000,0.000838
18328,14.536000,14.536000,0.000838
18329,14.536000,14.536000,0.000838
18330,14.536000,14.536000,0.000838
18331,14.536000,14.536000,0.000838
18332,14.536000,14.536000,0.000838
18333,14.536000,14.536000,0.000838
18334,14.536000,14.536000,0.000838
18335,14.536000,14.536000,0.000838
18336,14.536000,14.536000,0.000838
18337,14.536000,14.536000,0.000838
18338,14.536000,14.536000,0.000838
18339,14.536000,14.536000,0.000838
18340,14.536000,14.536000,0.000838
18341,14.536000,14.536000,0.000838
18342,14.536000,14.536000,0.000838
18343,14.536000,14.536000,0.000838
18344,14.536000,14.536000,0.000838
18345,14.536000,14.536000,0.000838
18346,14.536000,14.536000,0.000838
18347,14.536000,14.536000,0.000838
18348,14.536000,14.536000,0.000838
18349,14.536000,14.536000,0.000838
18350,14.536000,14.536000,0.000838
18351,14.536000,14.536000,0.000838
18352,14.536000,14.536000,0.000838
18353,14.536000,14.536000,0.000838
18354,14.536000,14.536000,0.000838
18355,14.536000,14.536000,0.000838
18356,14.536000,14.536000,0.000838
18357,14.536000,14.536000,0.000838
18358,14.536000,14.536000,0.000838
18359,14.536000,14.536000,0.000838
18360,14.536000,14.536000,0.000838
18361,14.536000,14.536000,0.000838
18362,14.536000,14.536000,0.000838
18363,14.536000,14.536000,0.000838
18364,14.536000,14.536000,0.000838
18365,14.536000,14.536000,0.000838
18366,14.536000,14.536000,0.000838
18367,14.536000,14.536000,0.000838
18368,14.536000,14.536000,0.000838
18369,14.536000,14.536000,0.000838
18370,14.536000,14.536000,0.000838
18371,14.536000,14.536000,0.000838
18372,14.536000,14.536000,0.000838
18373,14.536000,14.536000,0.000838
18374,14.536000,14.536000,0.000838
18375,14.536000,14.536000,0.000838
18376,14.536000,14.536000,0.000838
18377,14.536000,14.536000,0.000838
18378,14.536000,14.536000,0.000838
18379,14.536000,14.536000,0.000838
18380,14.536000,14.536000,0.000838
18381,14.536000,14.536000,0.000838
18382,14.536000,14.536000,0.000838
18383,14.536000,14.536000,0.000838
18384,14.536000,14.536000,0.000838
18385,14.536000,14.536000,0.000838
18386,14.536000,14.536000,0.000838
18387,14.536000,14.536000,0.000838
18388,14.536000,14.536000,0.000838
18389,14.536000,14.536000,0.000838
18390,14.536000,14.536000,0.000838
18391,14.536000,14.536000,0.000838
18392,14.536000,14.536000,0.000838
18393,14.536000,14.536000,0.000838
18394,14.536000,14.536000,0.000838
18395,14.536000,14.536000,0.000838
18396,14.536000,14.536000,0.000838
18397,14.536000,14.536000,0.000838
18398,14.536000,14.536000,0.000838
18399,14.536000,14.536000,0.000838
18400,14.536000,14.536000,0.000838
18401,14.536000,14.536000,0.000796
18402,14.536000,14.536000,0.000796
18403,14.536000,14.536000,0.000796
18404,14.536000,14.536000,0.000796
18405,14.536000,14.536000,0.000796
18406,14.536000,14.536000,0.000796
18407,14.536000,14.536000,0.000796
18408,14.536000,14.536000,0.000796
18409,14.536000,14.536000,0.000796
18410,14.536000,14.536000,0.000796
18411,14.536000,14.536000,0.000796
18412,14.536000,14.536000,0.000796
18413,14.536000,14.536000,0.000796
18414,14.536000,14.536000,0.000796
18415,14.536000,14.536000,0.000796
18416,14.536000,14.536000,0.000796
18417,14.536000,14.536000,0.000796
18418,14.536000,14.536000,0.000796
18419,14.536000,14.536000,0.000796
18420,14.536000,14.536000,0.000796
18421,14.536000,14.536000,0.000796
18422,14.536000,14.536000,0.000796
18423,14.536000,14.536000,0.000796
18424,14.536000,14.536000,0.000796
18425,14.536000,14.536000,0.000796
18426,14.536000,14.536000,0.000796
18427,14.536000,14.536000,0.000796
18428,14.536000,14.536000,0.000796
18429,14.536000,14.536000,0.000796
18430,14.536000,14.536000,0.000796
18431,14.536000,14.536000,0.000796
18432,14.536000,14.536000,0.000796
18433,14.536000,14.536000,0.000796
18434,14.536000,14.536000,0.000796
18435,14.536000,14.536000,0.000796
18436,14.536000,14.536000,0.000796
18437,14.536000,14.536000,0.000796
18438,14.536000,14.536000,0.000796
18439,14.536000,14.536000,0.000796
18440,14.536000,14.536000,0.000796
18441,14.536000,14.536000,0.000796
18442,14.536000,14.536000,0.000796
18443,14.536000,14.536000,0.000796
18444,14.536000,14.536000,0.000796
18445,14.536000,14.536000,0.000796
18446,14.536000,14.536000,0.000796
18447,14.536000,14.536000,0.000796
18448,14.536000,14.536000,0.000796
18449,14.536000,14.536000,0.000796
18450,14.536000,14.536000,0.000796
18451,14.536000,14.536000,0.000796
18452,14.536000,14.536000,0.000796
18453,14.536000,14.536000,0.000796
18454,14.536000,14.536000,0.000796
18455,14.536000,14.536000,0.000796
18456,14.536000,14.536000,0.000796
18457,14.536000,14.536000,0.000796
18458,14.536000,14.536000,0.000796
18459,14.536000,14.536000,0.000796
18460,14.536000,14.536000,0.000796
18461,14.536000,14.536000,0.000796
18462,14.536000,14.536000,0.000796
18463,14.536000,14.536000,0.000796
18464,14.536000,14.536000,0.000796
18465,14.536000,14.536000,0.000796
18466,14.536000,14.536000,0.000796
18467,14.536000,14.536000,0.000796
18468,14.536000,14.536000,0.000796
18469,14.536000,14.536000,0.000796
18470,14.536000,14.536000,0.000796
18471,14.536000,14.536000,0.000796
18472,14.536000,14.536000,0.000796
18473,14.536000,14.536000,0.000796
18474,14.536000,14.536000,0.000796
18475,14.536000,14.536000,0.000796
18476,14.536000,14.536000,0.000796
18477,14.536000,14.536000,0.000796
18478,14.536000,14.536000,0.000796
18479,14.536000,14.536000,0.000796
18480,14.536000,14.536000,0.000796
18481,14.536000,14.536000,0.000796
18482,14.536000,14.536000,0.000796
18483,14.536000,14.536000,0.000796
18484,14.536000,14.536000,0.000796
18485,14.536000,14.536000,0.000796
18486,14.536000,14.536000,0.000796
18487,14.536000,14.536000,0.000796
18488,14.536000,14.536000,0.000796
18489,14.536000,14.536000,0.000796
18490,14.536000,14.536000,0.000796
18491,14.536000,14.536000,0.000796
18492,14.536000,14.536000,0.000796
18493,14.536000,14.536000,0.000796
18494,14.536000,14.536000,0.000796
18495,14.536000,14.536000,0.000796
18496,14.536000,14.536000,0.000796
18497,14.536000,14.536000,0.000796
18498,14.536000,14.536000,0.000796
18499,14.536000,14.536000,0.000796
18500,14.536000,14.536000,0.000796
18501,14.536000,14.536000,0.000757
18502,14.536000,14.536000,0.000757
18503,14.536000,14.536000,0.000757
18504,14.536000,14.536000,0.000757
18505,14.536000,14.536000,0.000757
18506,14.536000,14.536000,0.000757
18507,14.536000,14.536000,0.000757
18508,14.536000,14.536000,0.000757
18509,14.536000,14.536000,0.000757
18510,14.536000,14.536000,0.000757
18511,14.536000,14.536000,0.000757
18512,14.536000,14.536000,0.000757
18513,14.536000,14.536000,0.000757
18514,14.536000,14.536000,0.000757
18515,14.536000,14.536000,0.000757
18516,14.536000,14.536000,0.000757
18517,14.536000,14.536000,0.000757
18518,14.536000,14.536000,0.000757
18519,14.536000,14.536000,0.000757
18520,14.536000,14.536000,0.000757
18521,14.536000,14.536000,0.000757
18522,14.536000,14.536000,0.000757
18523,14.536000,14.536000,0.000757
18524,14.536000,14.536000,0.000757
18525,14.536000,14.536000,0.000757
18526,14.536000,14.536000,0.000757
18527,14.536000,14.536000,0.000757
18528,14.536000,14.536000,0.000757
18529,14.536000,14.536000,0.000757
18530,14.536000,14.536000,0.000757
18531,14.536000,14.536000,0.000757
18532,14.536000,14.536000,0.000757
18533,14.536000,14.536000,0.000757
18534,14.536000,14.536000,0.000757
18535,14.536000,14.536000,0.000757
18536,14.536000,14.536000,0.000757
18537,14.536000,14.536000,0.000757
18538,14.536000,14.536000,0.000757
18539,14.536000,14.536000,0.000757
18540,14.536000,14.536000,0.000757
18541,14.536000,14.536000,0.000757
18542,14.536000,14.536000,0.000757
18543,14.536000,14.536000,0.000757
18544,14.536000,14.536000,0.000757
18545,14.536000,14.536000,0.000757
18546,14.536000,14.536000,0.000757
18547,14.536000,14.536000,0.000757
18548,14.536000,14.536000,0.000757
18549,14.536000,14.536000,0.000757
18550,14.536000,14.536000,0.000757
18551,14.536000,14.536000,0.000757
18552,14.536000,14.536000,0.000757
18553,14.536000,14.536000,0.000757
18554,14.536000,14.536000,0.000757
18555,14.536000,14.536000,0.000757
18556,14.536000,14.536000,0.000757
18557,14.536000,14.536000,0.000757
18558,14.536000,14.536000,0.000757
18559,14.536000,14.536000,0.000757
18560,14.536000,14.536000,0.000757
18561,14.536000,14.536000,0.000757
18562,14.536000,14.536000,0.000757
18563,14.536000,14.536000,0.000757
18564,14.536000,14.536000,0.000757
18565,14.536000,14.536000,0.000757
18566,14.536000,14.536000,0.000757
18567,14.536000,14.536000,0.000757
18568,14.536000,14.536000,0.000757
18569,14.536000,14.536000,0.000757
18570,14.536000,14.536000,0.000757
18571,14.536000,14.536000,0.000757
18572,14.536000,14.536000,0.000757
18573,14.536000,14.536000,0.000757
18574,14.536000,14.536000,0.000757
18575,14.536000,14.536000,0.000757
18576,14.536000,14.536000,0.000757
18577,14.536000,14.536000,0.000757
18578,14.536000,14.536000,0.000757
18579,14.536000,14.536000,0.000757
18580,14.536000,14.536000,0.000757
18581,14.536000,14.536000,0.000757
18582,14.536000,14.536000,0.000757
18583,14.536000,14.536000,0.000757
18584,14.536000,14.536000,0.000757
18585,14.536000,14.536000,0.000757
18586,14.536000,14.536000,0.000757
18587,14.536000,14.536000,0.000757
18588,14.536000,14.536000,0.000757
18589,14.536000,14.536000,0.000757
18590,14.536000,14.536000,0.000757
18591,14.536000,14.536000,0.000757
18592,14.536000,14.536000,0.000757
18593,14.536000,14.536000,0.000757
18594,14.536000,14.536000,0.000757
18595,14.536000,14.536000,0.000757
18596,14.536000,14.536000,0.000757
18597,14.536000,14.536000,0.000757
18598,14.536000,14.536000,0.000757
18599,14.536000,14.536000,0.000757
18600,14.536000,14.536000,0.000757
18601,14.536000,14.536000,0.000719
18602,14.536000,14.536000,0.000719
18603,14.536000,14.536000,0.000719
18604,14.536000,14.536000,0.000719
18605,14.536000,14.536000,0.000719
18606,14.536000,14.536000,0.000719
18607,14.536000,14.536000,0.000719
18608,14.536000,14.536000,0.000719
18609,14.536000,14.536000,0.000719
18610,14.536000,14.536000,0.000719
18611,14.536000,14.536000,0.000719
18612,14.536000,14.536000,0.000719
18613,14.536000,14.536000,0.000719
18614,14.536000,14.536000,0.000719
18615,14.536000,14.536000,0.000719
18616,14.536000,14.536000,0.000719
18617,14.536000,14.536000,0.000719
18618,14.536000,14.536000,0.000719
18619,14.536000,14.536000,0.000719
18620,14.536000,14.536000,0.000719
18621,14.536000,14.536000,0.000719
18622,14.536000,14.536000,0.000719
18623,14.536000,14.536000,0.000719
18624,14.536000,14.536000,0.000719
18625,14.536000,14.536000,0.000719
18626,14.536000,14.536000,0.000719
18627,14.536000,14.536000,0.000719
18628,14.536000,14.536000,0.000719
18629,14.536000,14.536000,0.000719
18630,14.536000,14.536000,0.000719
18631,14.536000,14.536000,0.000719
18632,14.536000,14.536000,0.000719
18633,14.536000,14.536000,0.000719
18634,14.536000,14.536000,0.000719
18635,14.536000,14.536000,0.000719
18636,14.536000,14.536000,0.000719
18637,14.536000,14.536000,0.000719
18638,14.536000,14.536000,0.000719
18639,14.536000,14.536000,0.000719
18640,14.536000,14.536000,0.000719
18641,14.536000,14.536000,0.000719
18642,14.536000,14.536000,0.000719
18643,14.536000,14.536000,0.000719
18644,14.536000,14.536000,0.000719
18645,14.536000,14.536000,0.000719
18646,14.536000,14.536000,0.000719
18647,14.536000,14.536000,0.000719
18648,14.536000,14.536000,0.000719
18649,14.536000,14.536000,0.000719
18650,14.536000,14.536000,0.000719
18651,14.536000,14.536000,0.000719
18652,14.536000,14.536000,0.000719
18653,14.536000,14.536000,0.000719
18654,14.536000,14.536000,0.000719
18655,14.536000,14.536000,0.000719
18656,14.536000,14.536000,0.000719
18657,14.536000,14.536000,0.000719
18658,14.536000,14.536000,0.000719
18659,14.536000,14.536000,0.000719
18660,14.536000,14.536000,0.000719
18661,14.536000,14.536000,0.000719
18662,14.536000,14.536000,0.000719
18663,14.536000,14.536000,0.000719
18664,14.536000,14.536000,0.000719
18665,14.536000,14.536000,0.000719
18666,14.536000,14.536000,0.000719
18667,14.536000,14.536000,0.000719
18668,14.536000,14.536000,0.000719
18669,14.536000,14.536000,0.000719
18670,14.536000,14.536000,0.000719
18671,14.536000,14.536000,0.000719
18672,14.536000,14.536000,0.000719
18673,14.536000,14.536000,0.000719
18674,14.536000,14.536000,0.000719
18675,14.536000,14.536000,0.000719
18676,14.536000,14.536000,0.000719
18677,14.536000,14.536000,0.000719
18678,14.536000,14.536000,0.000719
18679,14.536000,14.536000,0.000719
18680,14.536000,14.536000,0.000719
18681,14.536000,14.536000,0.000719
18682,14.536000,14.536000,0.000719
18683,14.536000,14.536000,0.000719
18684,14.536000,14.536000,0.000719
18685,14.536000,14.536000,0.000719
18686,14.536000,14.536000,0.000719
18687,14.536000,14.536000,0.000719
18688,14.536000,14.536000,0.000719
18689,14.536000,14.536000,0.000719
18690,14.536000,14.536000,0.000719
18691,14.536000,14.536000,0.000719
18692,14.536000,14.536000,0.000719
18693,14.536000,14.536000,0.000719
18694,14.536000,14.536000,0.000719
18695,14.536000,14.536000,0.000719
18696,14.536000,14.536000,0.000719
18697,14.536000,14.536000,0.000719
18698,14.536000,14.536000,0.000719
18699,14.536000,14.536000,0.000719
18700,14.536000,14.536000,0.000719
18701,14.536000,14.536000,0.000683
18702,14.536000,14.536000,0.000683
18703,14.536000,14.536000,0.000683
18704,14.536000,14.536000,0.000683
18705,14.536000,14.536000,0.000683
18706,14.536000,14.536000,0.000683
18707,14.536000,14.536000,0.000683
18708,14.536000,14.536000,0.000683
18709,14.536000,14.536000,0.000683
18710,14.536000,14.536000,0.000683
18711,14.536000,14.536000,0.000683
18712,14.536000,14.536000,0.000683
18713,14.536000,14.536000,0.000683
18714,14.536000,14.536000,0.000683
18715,14.536000,14.536000,0.000683
18716,14.536000,14.536000,0.000683
18717,14.536000,14.536000,0.000683
18718,14.536000,14.536000,0.000683
18719,14.536000,14.536000,0.000683
18720,14.536000,14.536000,0.000683
18721,14.536000,14.536000,0.000683
18722,14.536000,14.536000,0.000683
18723,14.536000,14.536000,0.000683
18724,14.536000,14.536000,0.000683
18725,14.536000,14.536000,0.000683
18726,14.536000,14.536000,0.000683
18727,14.536000,14.536000,0.000683
18728,14.536000,14.536000,0.000683
18729,14.536000,14.536000,0.000683
18730,14.536000,14.536000,0.000683
18731,14.536000,14.536000,0.000683
18732,14.536000,14.536000,0.000683
18733,14.536000,14.536000,0.000683
18734,14.536000,14.536000,0.000683
18735,14.536000,14.536000,0.000683
18736,14.536000,14.536000,0.000683
18737,14.536000,14.536000,0.000683
18738,14.536000,14.536000,0.000683
18739,14.536000,14.536000,0.000683
18740,14.536000,14.536000,0.000683
18741,14.536000,14.536000,0.000683
18742,14.536000,14.536000,0.000683
18743,14.536000,14.536000,0.000683
18744,14.536000,14.536000,0.000683
18745,14.536000,14.536000,0.000683
18746,14.536000,14.536000,0.000683
18747,14.536000,14.536000,0.000683
18748,14.536000,14.536000,0.000683
18749,14.536000,14.536000,0.000683
18750,14.536000,14.536000,0.000683
18751,14.536000,14.536000,0.000683
18752,14.536000,14.536000,0.000683
18753,14.536000,14.536000,0.000683
18754,14.536000,14.536000,0.000683
18755,14.536000,14.536000,0.000683
18756,14.536000,14.536000,0.000683
18757,14.536000,14.536000,0.000683
18758,14.536000,14.536000,0.000683
18759,14.536000,14.536000,0.000683
18760,14.536000,14.536000,0.000683
18761,14.536000,14.536000,0.000683
18762,14.536000,14.536000,0.000683
18763,14.536000,14.536000,0.000683
18764,14.536000,14.536000,0.000683
18765,14.536000,14.536000,0.000683
18766,14.536000,14.536000,0.000683
18767,14.536000,14.536000,0.000683
18768,14.536000,14.536000,0.000683
18769,14.536000,14.536000,0.000683
18770,14.536000,14.536000,0.000683
18771,14.536000,14.536000,0.000683
18772,14.536000,14.536000,0.000683
18773,14.536000,14.536000,0.000683
18774,14.536000,14.536000,0.000683
18775,14.536000,14.536000,0.000683
18776,14.536000,14.536000,0.000683
18777,14.536000,14.536000,0.000683
18778,14.536000,14.536000,0.000683
18779,14.536000,14.536000,0.000683
18780,14.536000,14.536000,0.000683
18781,14.536000,14.536000,0.000683
18782,14.536000,14.536000,0.000683
18783,14.536000,14.536000,0.000683
18784,14.536000,14.536000,0.000683
18785,14.536000,14.536000,0.000683
18786,14.536000,14.536000,0.000683
18787,14.536000,14.536000,0.000683
18788,14.536000,14.536000,0.000683
18789,14.536000,14.536000,0.000683
18790,14.536000,14.536000,0.000683
18791,14.536000,14.536000,0.000683
18792,14.536000,14.536000,0.000683
18793,14.536000,14.536000,0.000683
18794,14.536000,14.536000,0.000683
18795,14.536000,14.536000,0.000683
18796,14.536000,14.536000,0.000683
18797,14.536000,14.536000,0.000683
18798,14.536000,14.536000,0.000683
18799,14.536000,14.536000,0.000683
18800,14.536000,14.536000,0.000683
18801,14.536000,14.536000,0.000649
18802,14.536000,14.536000,0.000649
18803,14.536000,14.536000,0.000649
18804,14.536000,14.536000,0.000649
18805,14.536000,14.536000,0.000649
18806,14.536000,14.536000,0.000649
18807,14.536000,14.536000,0.000649
18808,14.536000,14.536000,0.000649
18809,14.536000,14.536000,0.000649
18810,14.536000,14.536000,0.000649
18811,14.536000,14.536000,0.000649
18812,14.536000,14.536000,0.000649
18813,14.536000,14.536000,0.000649
18814,14.536000,14.536000,0.000649
18815,14.536000,14.536000,0.000649
18816,14.536000,14.536000,0.000649
18817,14.536000,14.536000,0.000649
18818,14.536000,14.536000,0.000649
18819,14.536000,14.536000,0.000649
18820,14.536000,14.536000,0.000649
18821,14.536000,14.536000,0.000649
18822,14.536000,14.536000,0.000649
18823,14.536000,14.536000,0.000649
18824,14.536000,14.536000,0.000649
18825,14.536000,14.536000,0.000649
18826,14.536000,14.536000,0.000649
18827,14.536000,14.536000,0.000649
18828,14.536000,14.536000,0.000649
18829,14.536000,14.536000,0.000649
18830,14.536000,14.536000,0.000649
18831,14.536000,14.536000,0.000649
18832,14.536000,14.536000,0.000649
18833,14.536000,14.536000,0.000649
18834,14.536000,14.536000,0.000649
18835,14.536000,14.536000,0.000649
18836,14.536000,14.536000,0.000649
18837,14.536000,14.536000,0.000649
18838,14.536000,14.536000,0.000649
18839,14.536000,14.536000,0.000649
18840,14.536000,14.536000,0.000649
18841,14.536000,14.536000,0.000649
18842,14.536000,14.536000,0.000649
18843,14.536000,14.536000,0.000649
18844,14.536000,14.536000,0.000649
18845,14.536000,14.536000,0.000649
18846,14.536000,14.536000,0.000649
18847,14.536000,14.536000,0.000649
18848,14.536000,14.536000,0.000649
18849,14.536000,14.536000,0.000649
18850,14.536000,14.536000,0.000649
18851,14.536000,14.536000,0.000649
18852,14.536000,14.536000,0.000649
18853,14.536000,14.536000,0.000649
18854,14.536000,14.536000,0.000649
18855,14.536000,14.536000,0.000649
18856,14.536000,14.536000,0.000649
18857,14.536000,14.536000,0.000649
18858,14.536000,14.536000,0.000649
18859,14.536000,14.536000,0.000649
18860,14.536000,14.536000,0.000649
18861,14.536000,14.536000,0.000649
18862,14.536000,14.536000,0.000649
18863,14.536000,14.536000,0.000649
18864,14.536000,14.536000,0.000649
18865,14.536000,14.536000,0.000649
18866,14.536000,14.536000,0.000649
18867,14.536000,14.536000,0.000649
18868,14.536000,14.536000,0.000649
18869,14.536000,14.536000,0.000649
18870,14.536000,14.536000,0.000649
18871,14.536000,14.536000,0.000649
18872,14.536000,14.536000,0.000649
18873,14.536000,14.536000,0.000649
18874,14.536000,14.536000,0.000649
18875,14.536000,14.536000,0.000649
18876,14.536000,14.536000,0.000649
18877,14.536000,14.536000,0.000649
18878,14.536000,14.536000,0.000649
18879,14.536000,14.536000,0.000649
18880,14.536000,14.536000,0.000649
18881,14.536000,14.536000,0.000649
18882,14.536000,14.536000,0.000649
18883,14.536000,14.536000,0.000649
18884,14.536000,14.536000,0.000649
18885,14.536000,14.536000,0.000649
18886,14.536000,14.536000,0.000649
18887,14.536000,14.536000,0.000649
18888,14.536000,14.536000,0.000649
18889,14.536000,14.536000,0.000649
18890,14.536000,14.536000,0.000649
18891,14.536000,14.536000,0.000649
18892,14.536000,14.536000,0.000649
18893,14.536000,14.536000,0.000649
18894,14.536000,14.536000,0.000649
18895,14.536000,14.536000,0.000649
18896,14.536000,14.536000,0.000649
18897,14.536000,14.536000,0.000649
18898,14.536000,14.536000,0.000649
18899,14.536000,14.536000,0.000649
18900,14.536000,14.536000,0.000649
18901,14.536000,14.536000,0.000616
18902,14.536000,14.536000,0.000616
18903,14.536000,14.536000,0.000616
18904,14.536000,14.536000,0.000616
18905,14.536000,14.536000,0.000616
18906,14.536000,14.536000,0.000616
18907,14.536000,14.536000,0.000616
18908,14.536000,14.536000,0.000616
18909,14.536000,14.536000,0.000616
18910,14.536000,14.536000,0.000616
18911,14.536000,14.536000,0.000616
18912,14.536000,14.536000,0.000616
18913,14.536000,14.536000,0.000616
18914,14.536000,14.536000,0.000616
18915,14.536000,14.536000,0.000616
18916,14.536000,14.536000,0.000616
18917,14.536000,14.536000,0.000616
18918,14.536000,14.536000,0.000616
18919,14.536000,14.536000,0.000616
18920,14.536000,14.536000,0.000616
18921,14.536000,14.536000,0.000616
18922,14.536000,14.536000,0.000616
18923,14.536000,14.536000,0.000616
18924,14.536000,14.536000,0.000616
18925,14.536000,14.536000,0.000616
18926,14.536000,14.536000,0.000616
18927,14.536000,14.536000,0.000616
18928,14.536000,14.536000,0.000616
18929,14.536000,14.536000,0.000616
18930,14.536000,14.536000,0.000616
18931,14.536000,14.536000,0.000616
18932,14.536000,14.536000,0.000616
18933,14.536000,14.536000,0.000616
18934,14.536000,14.536000,0.000616
18935,14.536000,14.536000,0.000616
18936,14.536000,14.536000,0.000616
18937,14.536000,14.536000,0.000616
18938,14.536000,14.536000,0.000616
18939,14.536000,14.536000,0.000616
18940,14.536000,14.536000,0.000616
18941,14.536000,14.536000,0.000616
18942,14.536000,14.536000,0.000616
18943,14.536000,14.536000,0.000616
18944,14.536000,14.536000,0.000616
18945,14.536000,14.536000,0.000616
18946,14.536000,14.536000,0.000616
18947,14.536000,14.536000,0.000616
18948,14.536000,14.536000,0.000616
18949,14.536000,14.536000,0.000616
18950,14.536000,14.536000,0.000616
18951,14.536000,14.536000,0.000616
18952,14.536000,14.536000,0.000616
18953,14.536000,14.536000,0.000616
18954,14.536000,14.536000,0.000616
18955,14.536000,14.536000,0.000616
18956,14.536000,14.536000,0.000616
18957,14.536000,14.536000,0.000616
18958,14.536000,14.536000,0.000616
18959,14.536000,14.536000,0.000616
18960,14.536000,14.536000,0.000616
18961,14.536000,14.536000,0.000616
18962,14.536000,14.536000,0.000616
18963,14.536000,14.536000,0.000616
18964,14.536000,14.536000,0.000616
18965,14.536000,14.536000,0.000616
18966,14.536000,14.536000,0.000616
18967,14.536000,14.536000,0.000616
18968,14.536000,14.536000,0.000616
18969,14.536000,14.536000,0.000616
18970,14.536000,14.536000,0.000616
18971,14.536000,14.536000,0.000616
18972,14.536000,14.536000,0.000616
18973,14.536000,14.536000,0.000616
18974,14.536000,14.536000,0.000616
18975,14.536000,14.536000,0.000616
18976,14.536000,14.536000,0.000616
18977,14.536000,14.536000,0.000616
18978,14.536000,14.536000,0.000616
18979,14.536000,14.536000,0.000616
18980,14.536000,14.536000,0.000616
18981,14.536000,14.536000,0.000616
18982,14.536000,14.536000,0.000616
18983,14.536000,14.536000,0.000616
18984,14.536000,14.536000,0.000616
18985,14.536000,14.536000,0.000616
18986,14.536000,14.536000,0.000616
18987,14.536000,14.536000,0.000616
18988,14.536000,14.536000,0.000616
18989,14.536000,14.536000,0.000616
18990,14.536000,14.536000,0.000616
18991,14.536000,14.536000,0.000616
18992,14.536000,14.536000,0.000616
18993,14.536000,14.536000,0.000616
18994,14.536000,14.536000,0.000616
18995,14.536000,14.536000,0.000616
18996,14.536000,14.536000,0.000616
18997,14.536000,14.536000,0.000616
18998,14.536000,14.536000,0.000616
18999,14.536000,14.536000,0.000616
19000,14.536000,14.536000,0.000616
19001,14.536000,14.536000,0.000585
19002,14.536000,14.536000,0.000585
19003,14.536000,14.536000,0.000585
19004,14.536000,14.536000,0.000585
19005,14.536000,14.536000,0.000585
19006,14.536000,14.536000,0.000585
19007,14.536000,14.536000,0.000585
19008,14.536000,14.536000,0.000585
19009,14.536000,14.536000,0.000585
19010,14.536000,14.536000,0.000585
19011,14.536000,14.536000,0.000585
19012,14.536000,14.536000,0.000585
19013,14.536000,14.536000,0.000585
19014,14.536000,14.536000,0.000585
19015,14.536000,14.536000,0.000585
19016,14.536000,14.536000,0.000585
19017,14.536000,14.536000,0.000585
19018,14.536000,14.536000,0.000585
19019,14.536000,14.536000,0.000585
19020,14.536000,14.536000,0.000585
19021,14.536000,14.536000,0.000585
19022,14.536000,14.536000,0.000585
19023,14.536000,14.536000,0.000585
19024,14.536000,14.536000,0.000585
19025,14.536000,14.536000,0.000585
19026,14.536000,14.536000,0.000585
19027,14.536000,14.536000,0.000585
19028,14.536000,14.536000,0.000585
19029,14.536000,14.536000,0.000585
19030,14.536000,14.536000,0.000585
19031,14.536000,14.536000,0.000585
19032,14.536000,14.536000,0.000585
19033,14.536000,14.536000,0.000585
19034,14.536000,14.536000,0.000585
19035,14.536000,14.536000,0.000585
19036,14.536000,14.536000,0.000585
19037,14.536000,14.536000,0.000585
19038,14.536000,14.536000,0.000585
19039,14.536000,14.536000,0.000585
19040,14.536000,14.536000,0.000585
19041,14.536000,14.536000,0.000585
19042,14.536000,14.536000,0.000585
19043,14.536000,14.536000,0.000585
19044,14.536000,14.536000,0.000585
19045,14.536000,14.536000,0.000585
19046,14.536000,14.536000,0.000585
19047,14.536000,14.536000,0.000585
19048,14.536000,14.536000,0.000585
19049,14.536000,14.536000,0.000585
19050,14.536000,14.536000,0.000585
19051,14.536000,14.536000,0.000585
19052,14.536000,14.536000,0.000585
19053,14.536000,14.536000,0.000585
19054,14.536000,14.536000,0.000585
19055,14.536000,14.536000,0.000585
19056,14.536000,14.536000,0.000585
19057,14.536000,14.536000,0.000585
19058,14.536000,14.536000,0.000585
19059,14.536000,14.536000,0.000585
19060,14.536000,14.536000,0.000585
19061,14.536000,14.536000,0.000585
19062,14.536000,14.536000,0.000585
19063,14.536000,14.536000,0.000585
19064,14.536000,14.536000,0.000585
19065,14.536000,14.536000,0.000585
19066,14.536000,14.536000,0.000585
19067,14.536000,14.536000,0.000585
19068,14.536000,14.536000,0.000585
19069,14.536000,14.536000,0.000585
19070,14.536000,14.536000,0.000585
19071,14.536000,14.536000,0.000585
19072,14.536000,14.536000,0.000585
19073,14.536000,14.536000,0.000585
19074,14.536000,14.536000,0.000585
19075,14.536000,14.536000,0.000585
19076,14.536000,14.536000,0.000585
19077,14.536000,14.536000,0.000585
19078,14.536000,14.536000,0.000585
19079,14.536000,14.536000,0.000585
19080,14.536000,14.536000,0.000585
19081,14.536000,14.536000,0.000585
19082,14.536000,14.536000,0.000585
19083,14.536000,14.536000,0.000585
19084,14.536000,14.536000,0.000585
19085,14.536000,14.536000,0.000585
19086,14.536000,14.536000,0.000585
19087,14.536000,14.536000,0.000585
19088,14.536000,14.536000,0.000585
19089,14.536000,14.536000,0.000585
19090,14.536000,14.536000,0.000585
19091,14.536000,14.536000,0.000585
19092,14.536000,14.536000,0.000585
19093,14.536000,14.536000,0.000585
19094,14.536000,14.536000,0.000585
19095,14.536000,14.536000,0.000585
19096,14.536000,14.536000,0.000585
19097,14.536000,14.536000,0.000585
19098,14.536000,14.536000,0.000585
19099,14.536000,14.536000,0.000585
19100,14.536000,14.536000,0.000585
19101,14.536000,14.536000,0.000556
19102,14.536000,14.536000,0.000556
19103,14.536000,14.536000,0.000556
19104,14.536000,14.536000,0.000556
19105,14.536000,14.536000,0.000556
19106,14.536000,14.536000,0.000556
19107,14.536000,14.536000,0.000556
19108,14.536000,14.536000,0.000556
19109,14.536000,14.536000,0.000556
19110,14.536000,14.536000,0.000556
19111,14.536000,14.536000,0.000556
19112,14.536000,14.536000,0.000556
19113,14.536000,14.536000,0.000556
19114,14.536000,14.536000,0.000556
19115,14.536000,14.536000,0.000556
19116,14.536000,14.536000,0.000556
19117,14.536000,14.536000,0.000556
19118,14.536000,14.536000,0.000556
19119,14.536000,14.536000,0.000556
19120,14.536000,14.536000,0.000556
19121,14.536000,14.536000,0.000556
19122,14.536000,14.536000,0.000556
19123,14.536000,14.536000,0.000556
19124,14.536000,14.536000,0.000556
19125,14.536000,14.536000,0.000556
19126,14.536000,14.536000,0.000556
19127,14.536000,14.536000,0.000556
19128,14.536000,14.536000,0.000556
19129,14.536000,14.536000,0.000556
19130,14.536000,14.536000,0.000556
19131,14.536000,14.536000,0.000556
19132,14.536000,14.536000,0.000556
19133,14.536000,14.536000,0.000556
19134,14.536000,14.536000,0.000556
19135,14.536000,14.536000,0.000556
19136,14.536000,14.536000,0.000556
19137,14.536000,14.536000,0.000556
19138,14.536000,14.536000,0.000556
19139,14.536000,14.536000,0.000556
19140,14.536000,14.536000,0.000556
19141,14.536000,14.536000,0.000556
19142,14.536000,14.536000,0.000556
19143,14.536000,14.536000,0.000556
19144,14.536000,14.536000,0.000556
19145,14.536000,14.536000,0.000556
19146,14.536000,14.536000,0.000556
19147,14.536000,14.536000,0.000556
19148,14.536000,14.536000,0.000556
19149,14.536000,14.536000,0.000556
19150,14.536000,14.536000,0.000556
19151,14.536000,14.536000,0.000556
19152,14.536000,14.536000,0.000556
19153,14.536000,14.536000,0.000556
19154,14.536000,14.536000,0.000556
19155,14.536000,14.536000,0.000556
19156,14.536000,14.536000,0.000556
19157,14.536000,14.536000,0.000556
19158,14.536000,14.536000,0.000556
19159,14.536000,14.536000,0.000556
19160,14.536000,14.536000,0.000556
19161,14.536000,14.536000,0.000556
19162,14.536000,14.536000,0.000556
19163,14.536000,14.536000,0.000556
19164,14.536000,14.536000,0.000556
19165,14.536000,14.536000,0.000556
19166,14.536000,14.536000,0.000556
19167,14.536000,14.536000,0.000556
19168,14.536000,14.536000,0.000556
19169,14.536000,14.536000,0.000556
19170,14.536000,14.536000,0.000556
19171,14.536000,14.536000,0.000556
19172,14.536000,14.536000,0.000556
19173,14.536000,14.536000,0.000556
19174,14.536000,14.536000,0.000556
19175,14.536000,14.536000,0.000556
19176,14.536000,14.536000,0.000556
19177,14.536000,14.536000,0.000556
19178,14.536000,14.536000,0.000556
19179,14.536000,14.536000,0.000556
19180,14.536000,14.536000,0.000556
19181,14.536000,14.536000,0.000556
19182,14.536000,14.536000,0.000556
19183,14.536000,14.536000,0.000556
19184,14.536000,14.536000,0.000556
19185,14.536000,14.536000,0.000556
19186,14.536000,14.536000,0.000556
19187,14.536000,14.536000,0.000556
19188,14.536000,14.536000,0.000556
19189,14.536000,14.536000,0.000556
19190,14.536000,14.536000,0.000556
19191,14.536000,14.536000,0.000556
19192,14.536000,14.536000,0.000556
19193,14.536000,14.536000,0.000556
19194,14.536000,14.536000,0.000556
19195,14.536000,14.536000,0.000556
19196,14.536000,14.536000,0.000556
19197,14.536000,14.536000,0.000556
19198,14.536000,14.536000,0.000556
19199,14.536000,14.536000,0.000556
19200,14.536000,14.536000,0.000556
19201,14.536000,14.536000,0.000528
19202,14.536000,14.536000,0.000528
19203,14.536000,14.536000,0.000528
19204,14.536000,14.536000,0.000528
19205,14.536000,14.536000,0.000528
19206,14.536000,14.536000,0.000528
19207,14.536000,14.536000,0.000528
19208,14.536000,14.536000,0.000528
19209,14.536000,14.536000,0.000528
19210,14.536000,14.536000,0.000528
19211,14.536000,14.536000,0.000528
19212,14.536000,14.536000,0.000528
19213,14.536000,14.536000,0.000528
19214,14.536000,14.536000,0.000528
19215,14.536000,14.536000,0.000528
19216,14.536000,14.536000,0.000528
19217,14.536000,14.536000,0.000528
19218,14.536000,14.536000,0.000528
19219,14.536000,14.536000,0.000528
19220,14.536000,14.536000,0.000528
19221,14.536000,14.536000,0.000528
19222,14.536000,14.536000,0.000528
19223,14.536000,14.536000,0.000528
19224,14.536000,14.536000,0.000528
19225,14.536000,14.536000,0.000528
19226,14.536000,14.536000,0.000528
19227,14.536000,14.536000,0.000528
19228,14.536000,14.536000,0.000528
19229,14.536000,14.536000,0.000528
19230,14.536000,14.536000,0.000528
19231,14.536000,14.536000,0.000528
19232,14.536000,14.536000,0.000528
19233,14.536000,14.536000,0.000528
19234,14.536000,14.536000,0.000528
19235,14.536000,14.536000,0.000528
19236,14.536000,14.536000,0.000528
19237,14.536000,14.536000,0.000528
19238,14.536000,14.536000,0.000528
19239,14.536000,14.536000,0.000528
19240,14.536000,14.536000,0.000528
19241,14.536000,14.536000,0.000528
19242,14.536000,14.536000,0.000528
19243,14.536000,14.536000,0.000528
19244,14.536000,14.536000,0.000528
19245,14.536000,14.536000,0.000528
19246,14.536000,14.536000,0.000528
19247,14.536000,14.536000,0.000528
19248,14.536000,14.536000,0.000528
19249,14.536000,14.536000,0.000528
19250,14.536000,14.536000,0.000528
19251,14.536000,14.536000,0.000528
19252,14.536000,14.536000,0.000528
19253,14.536000,14.536000,0.000528
19254,14.536000,14.536000,0.000528
19255,14.536000,14.536000,0.000528
19256,14.536000,14.536000,0.000528
19257,14.536000,14.536000,0.000528
19258,14.536000,14.536000,0.000528
19259,14.536000,14.536000,0.000528
19260,14.536000,14.536000,0.000528
19261,14.536000,14.536000,0.000528
19262,14.536000,14.536000,0.000528
19263,14.536000,14.536000,0.000528
19264,14.536000,14.536000,0.000528
19265,14.536000,14.536000,0.000528
19266,14.536000,14.536000,0.000528
19267,14.536000,14.536000,0.000528
19268,14.536000,14.536000,0.000528
19269,14.536000,14.536000,0.000528
19270,14.536000,14.536000,0.000528
19271,14.536000,14.536000,0.000528
19272,14.536000,14.536000,0.000528
19273,14.536000,14.536000,0.000528
19274,14.536000,14.536000,0.000528
19275,14.536000,14.536000,0.000528
19276,14.536000,14.536000,0.000528
19277,14.536000,14.536000,0.000528
19278,14.536000,14.536000,0.000528
19279,14.536000,14.536000,0.000528
19280,14.536000,14.536000,0.000528
19281,14.536000,14.536000,0.000528
19282,14.536000,14.536000,0.000528
19283,14.536000,14.536000,0.000528
19284,14.536000,14.536000,0.000528
19285,14.536000,14.536000,0.000528
19286,14.536000,14.536000,0.000528
19287,14.536000,14.536000,0.000528
19288,14.536000,14.536000,0.000528
19289,14.536000,14.536000,0.000528
19290,14.536000,14.536000,0.000528
19291,14.536000,14.536000,0.000528
19292,14.536000,14.536000,0.000528
19293,14.536000,14.536000,0.000528
19294,14.536000,14.536000,0.000528
19295,14.536000,14.536000,0.000528
19296,14.536000,14.536000,0.000528
19297,14.536000,14.536000,0.000528
19298,14.536000,14.536000,0.000528
19299,14.536000,14.536000,0.000528
19300,14.536000,14.536000,0.000528
19301,14.536000,14.536000,0.000502
19302,14.536000,14.536000,0.000502
19303,14.536000,14.536000,0.000502
19304,14.536000,14.536000,0.000502
19305,14.536000,14.536000,0.000502
19306,14.536000,14.536000,0.000502
19307,14.536000,14.536000,0.000502
19308,14.536000,14.536000,0.000502
19309,14.536000,14.536000,0.000502
19310,14.536000,14.536000,0.000502
19311,14.536000,14.536000,0.000502
19312,14.536000,14.536000,0.000502
19313,14.536000,14.536000,0.000502
19314,14.536000,14.536000,0.000502
19315,14.536000,14.536000,0.000502
19316,14.536000,14.536000,0.000502
19317,14.536000,14.536000,0.000502
19318,14.536000,14.536000,0.000502
19319,14.536000,14.536000,0.000502
19320,14.536000,14.536000,0.000502
19321,14.536000,14.536000,0.000502
19322,14.536000,14.536000,0.000502
19323,14.536000,14.536000,0.000502
19324,14.536000,14.536000,0.000502
19325,14.536000,14.536000,0.000502
19326,14.536000,14.536000,0.000502
19327,14.536000,14.536000,0.000502
19328,14.536000,14.536000,0.000502
19329,14.536000,14.536000,0.000502
19330,14.536000,14.536000,0.000502
19331,14.536000,14.536000,0.000502
19332,14.536000,14.536000,0.000502
19333,14.536000,14.536000,0.000502
19334,14.536000,14.536000,0.000502
19335,14.536000,14.536000,0.000502
19336,14.536000,14.536000,0.000502
19337,14.536000,14.536000,0.000502
19338,14.536000,14.536000,0.000502
19339,14.536000,14.536000,0.000502
19340,14.536000,14.536000,0.000502
19341,14.536000,14.536000,0.000502
19342,14.536000,14.536000,0.000502
19343,14.536000,14.536000,0.000502
19344,14.536000,14.536000,0.000502
19345,14.536000,14.536000,0.000502
19346,14.536000,14.536000,0.000502
19347,14.536000,14.536000,0.000502
19348,14.536000,14.536000,0.000502
19349,14.536000,14.536000,0.000502
19350,14.536000,14.536000,0.000502
19351,14.536000,14.536000,0.000502
19352,14.536000,14.536000,0.000502
19353,14.536000,14.536000,0.000502
19354,14.536000,14.536000,0.000502
19355,14.536000,14.536000,0.000502
19356,14.536000,14.536000,0.000502
19357,14.536000,14.536000,0.000502
19358,14.536000,14.536000,0.000502
19359,14.536000,14.536000,0.000502
19360,14.536000,14.536000,0.000502
19361,14.536000,14.536000,0.000502
19362,14.536000,14.536000,0.000502
19363,14.536000,14.536000,0.000502
19364,14.536000,14.536000,0.000502
19365,14.536000,14.536000,0.000502
19366,14.536000,14.536000,0.000502
19367,14.536000,14.536000,0.000502
19368,14.536000,14.536000,0.000502
19369,14.536000,14.536000,0.000502
19370,14.536000,14.536000,0.000502
19371,14.536000,14.536000,0.000502
19372,14.536000,14.536000,0.000502
19373,14.536000,14.536000,0.000502
19374,14.536000,14.536000,0.000502
19375,14.536000,14.536000,0.000502
19376,14.536000,14.536000,0.000502
19377,14.536000,14.536000,0.000502
19378,14.536000,14.536000,0.000502
19379,14.536000,14.536000,0.000502
19380,14.536000,14.536000,0.000502
19381,14.536000,14.536000,0.000502
19382,14.536000,14.536000,0.000502
19383,14.536000,14.536000,0.000502
19384,14.536000,14.536000,0.000502
19385,14.536000,14.536000,0.000502
19386,14.536000,14.536000,0.000502
19387,14.536000,14.536000,0.000502
19388,14.536000,14.536000,0.000502
19389,14.536000,14.536000,0.000502
19390,14.536000,14.536000,0.000502
19391,14.536000,14.536000,0.000502
19392,14.536000,14.536000,0.000502
19393,14.536000,14.536000,0.000502
19394,14.536000,14.536000,0.000502
19395,14.536000,14.536000,0.000502
19396,14.536000,14.536000,0.000502
19397,14.536000,14.536000,0.000502
19398,14.536000,14.536000,0.000502
19399,14.536000,14.536000,0.000502
19400,14.536000,14.536000,0.000502
19401,14.536000,14.536000,0.000477
19402,14.536000,14.536000,0.000477
19403,14.536000,14.536000,0.000477
19404,14.536000,14.536000,0.000477
19405,14.536000,14.536000,0.000477
19406,14.536000,14.536000,0.000477
19407,14.536000,14.536000,0.000477
19408,14.536000,14.536000,0.000477
19409,14.536000,14.536000,0.000477
19410,14.536000,14.536000,0.000477
19411,14.536000,14.536000,0.000477
19412,14.536000,14.536000,0.000477
19413,14.536000,14.536000,0.000477
19414,14.536000,14.536000,0.000477
19415,14.536000,14.536000,0.000477
19416,14.536000,14.536000,0.000477
19417,14.536000,14.536000,0.000477
19418,14.536000,14.536000,0.000477
19419,14.536000,14.536000,0.000477
19420,14.536000,14.536000,0.000477
19421,14.536000,14.536000,0.000477
19422,14.536000,14.536000,0.000477
19423,14.536000,14.536000,0.000477
19424,14.536000,14.536000,0.000477
19425,14.536000,14.536000,0.000477
19426,14.536000,14.536000,0.000477
19427,14.536000,14.536000,0.000477
19428,14.536000,14.536000,0.000477
19429,14.536000,14.536000,0.000477
19430,14.536000,14.536000,0.000477
19431,14.536000,14.536000,0.000477
19432,14.536000,14.536000,0.000477
19433,14.536000,14.536000,0.000477
19434,14.536000,14.536000,0.000477
19435,14.536000,14.536000,0.000477
19436,14.536000,14.536000,0.000477
19437,14.536000,14.536000,0.000477
19438,14.536000,14.536000,0.000477
19439,14.536000,14.536000,0.000477
19440,14.536000,14.536000,0.000477
19441,14.536000,14.536000,0.000477
19442,14.536000,14.536000,0.000477
19443,14.536000,14.536000,0.000477
19444,14.536000,14.536000,0.000477
19445,14.536000,14.536000,0.000477
19446,14.536000,14.536000,0.000477
19447,14.536000,14.536000,0.000477
19448,14.536000,14.536000,0.000477
19449,14.536000,14.536000,0.000477
19450,14.536000,14.536000,0.000477
19451,14.536000,14.536000,0.000477
19452,14.536000,14.536000,0.000477
19453,14.536000,14.536000,0.000477
19454,14.536000,14.536000,0.000477
19455,14.536000,14.536000,0.000477
19456,14.536000,14.536000,0.000477
19457,14.536000,14.536000,0.000477
19458,14.536000,14.536000,0.000477
19459,14.536000,14.536000,0.000477
19460,14.536000,14.536000,0.000477
19461,14.536000,14.536000,0.000477
19462,14.536000,14.536000,0.000477
19463,14.536000,14.536000,0.000477
19464,14.536000,14.536000,0.000477
19465,14.536000,14.536000,0.000477
19466,14.536000,14.536000,0.000477
19467,14.536000,14.536000,0.000477
19468,14.536000,14.536000,0.000477
19469,14.536000,14.536000,0.000477
19470,14.536000,14.536000,0.000477
19471,14.536000,14.536000,0.000477
19472,14.536000,14.536000,0.000477
19473,14.536000,14.536000,0.000477
19474,14.536000,14.536000,0.000477
19475,14.536000,14.536000,0.000477
19476,14.536000,14.536000,0.000477
19477,14.536000,14.536000,0.000477
19478,14.536000,14.536000,0.000477
19479,14.536000,14.536000,0.000477
19480,14.536000,14.536000,0.000477
19481,14.536000,14.536000,0.000477
19482,14.536000,14.536000,0.000477
19483,14.536000,14.536000,0.000477
19484,14.536000,14.536000,0.000477
19485,14.536000,14.536000,0.000477
19486,14.536000,14.536000,0.000477
19487,14.536000,14.536000,0.000477
19488,14.536000,14.536000,0.000477
19489,14.536000,14.536000,0.000477
19490,14.536000,14.536000,0.000477
19491,14.536000,14.536000,0.000477
19492,14.536000,14.536000,0.000477
19493,14.536000,14.536000,0.000477
19494,14.536000,14.536000,0.000477
19495,14.536000,14.536000,0.000477
19496,14.536000,14.536000,0.000477
19497,14.536000,14.536000,0.000477
19498,14.536000,14.536000,0.000477
19499,14.536000,14.536000,0.000477
19500,14.536000,14.536000,0.000477
19501,14.536000,14.536000,0.000453
19502,14.536000,14.536000,0.000453
19503,14.536000,14.536000,0.000453
19504,14.536000,14.536000,0.000453
19505,14.536000,14.536000,0.000453
19506,14.536000,14.536000,0.000453
19507,14.536000,14.536000,0.000453
19508,14.536000,14.536000,0.000453
19509,14.536000,14.536000,0.000453
19510,14.536000,14.536000,0.000453
19511,14.536000,14.536000,0.000453
19512,14.536000,14.536000,0.000453
19513,14.536000,14.536000,0.000453
19514,14.536000,14.536000,0.000453
19515,14.536000,14.536000,0.000453
19516,14.536000,14.536000,0.000453
19517,14.536000,14.536000,0.000453
19518,14.536000,14.536000,0.000453
19519,14.536000,14.536000,0.000453
19520,14.536000,14.536000,0.000453
19521,14.536000,14.536000,0.000453
19522,14.536000,14.536000,0.000453
19523,14.536000,14.536000,0.000453
19524,14.536000,14.536000,0.000453
19525,14.536000,14.536000,0.000453
19526,14.536000,14.536000,0.000453
19527,14.536000,14.536000,0.000453
19528,14.536000,14.536000,0.000453
19529,14.536000,14.536000,0.000453
19530,14.536000,14.536000,0.000453
19531,14.536000,14.536000,0.000453
19532,14.536000,14.536000,0.000453
19533,14.536000,14.536000,0.000453
19534,14.536000,14.536000,0.000453
19535,14.536000,14.536000,0.000453
19536,14.536000,14.536000,0.000453
19537,14.536000,14.536000,0.000453
19538,14.536000,14.536000,0.000453
19539,14.536000,14.536000,0.000453
19540,14.536000,14.536000,0.000453
19541,14.536000,14.536000,0.000453
19542,14.536000,14.536000,0.000453
19543,14.536000,14.536000,0.000453
19544,14.536000,14.536000,0.000453
19545,14.536000,14.536000,0.000453
19546,14.536000,14.536000,0.000453
19547,14.536000,14.536000,0.000453
19548,14.536000,14.536000,0.000453
19549,14.536000,14.536000,0.000453
19550,14.536000,14.536000,0.000453
19551,14.536000,14.536000,0.000453
19552,14.536000,14.536000,0.000453
19553,14.536000,14.536000,0.000453
19554,14.536000,14.536000,0.000453
19555,14.536000,14.536000,0.000453
19556,14.536000,14.536000,0.000453
19557,14.536000,14.536000,0.000453
19558,14.536000,14.536000,0.000453
19559,14.536000,14.536000,0.000453
19560,14.536000,14.536000,0.000453
19561,14.536000,14.536000,0.000453
19562,14.536000,14.536000,0.000453
19563,14.536000,14.536000,0.000453
19564,14.536000,14.536000,0.000453
19565,14.536000,14.536000,0.000453
19566,14.536000,14.536000,0.000453
19567,14.536000,14.536000,0.000453
19568,14.536000,14.536000,0.000453
19569,14.536000,14.536000,0.000453
19570,14.536000,14.536000,0.000453
19571,14.536000,14.536000,0.000453
19572,14.536000,14.536000,0.000453
19573,14.536000,14.536000,0.000453
19574,14.536000,14.536000,0.000453
19575,14.536000,14.536000,0.000453
19576,14.536000,14.536000,0.000453
19577,14.536000,14.536000,0.000453
19578,14.536000,14.536000,0.000453
19579,14.536000,14.536000,0.000453
19580,14.536000,14.536000,0.000453
19581,14.536000,14.536000,0.000453
19582,14.536000,14.536000,0.000453
19583,14.536000,14.536000,0.000453
19584,14.536000,14.536000,0.000453
19585,14.536000,14.536000,0.000453
19586,14.536000,14.536000,0.000453
19587,14.536000,14.536000,0.000453
19588,14.536000,14.536000,0.000453
19589,14.536000,14.536000,0.000453
19590,14.536000,14.536000,0.000453
19591,14.536000,14.536000,0.000453
19592,14.536000,14.536000,0.000453
19593,14.536000,14.536000,0.000453
19594,14.536000,14.536000,0.000453
19595,14.536000,14.536000,0.000453
19596,14.536000,14.536000,0.000453
19597,14.536000,14.536000,0.000453
19598,14.536000,14.536000,0.000453
19599,14.536000,14.536000,0.000453
19600,14.536000,14.536000,0.000453
19601,14.536000,14.536000,0.000430
19602,14.536000,14.536000,0.000430
19603,14.536000,14.536000,0.000430
19604,14.536000,14.536000,0.000430
19605,14.536000,14.536000,0.000430
19606,14.536000,14.536000,0.000430
19607,14.536000,14.536000,0.000430
19608,14.536000,14.536000,0.000430
19609,14.536000,14.536000,0.000430
19610,14.536000,14.536000,0.000430
19611,14.536000,14.536000,0.000430
19612,14.536000,14.536000,0.000430
19613,14.536000,14.536000,0.000430
19614,14.536000,14.536000,0.000430
19615,14.536000,14.536000,0.000430
19616,14.536000,14.536000,0.000430
19617,14.536000,14.536000,0.000430
19618,14.536000,14.536000,0.000430
19619,14.536000,14.536000,0.000430
19620,14.536000,14.536000,0.000430
19621,14.536000,14.536000,0.000430
19622,14.536000,14.536000,0.000430
19623,14.536000,14.536000,0.000430
19624,14.536000,14.536000,0.000430
19625,14.536000,14.536000,0.000430
19626,14.536000,14.536000,0.000430
19627,14.536000,14.536000,0.000430
19628,14.536000,14.536000,0.000430
19629,14.536000,14.536000,0.000430
19630,14.536000,14.536000,0.000430
19631,14.536000,14.536000,0.000430
19632,14.536000,14.536000,0.000430
19633,14.536000,14.536000,0.000430
19634,14.536000,14.536000,0.000430
19635,14.536000,14.536000,0.000430
19636,14.536000,14.536000,0.000430
19637,14.536000,14.536000,0.000430
19638,14.536000,14.536000,0.000430
19639,14.536000,14.536000,0.000430
19640,14.536000,14.536000,0.000430
19641,14.536000,14.536000,0.000430
19642,14.536000,14.536000,0.000430
19643,14.536000,14.536000,0.000430
19644,14.536000,14.536000,0.000430
19645,14.536000,14.536000,0.000430
19646,14.536000,14.536000,0.000430
19647,14.536000,14.536000,0.000430
19648,14.536000,14.536000,0.000430
19649,14.536000,14.536000,0.000430
19650,14.536000,14.536000,0.000430
19651,14.536000,14.536000,0.000430
19652,14.536000,14.536000,0.000430
19653,14.536000,14.536000,0.000430
19654,14.536000,14.536000,0.000430
19655,14.536000,14.536000,0.000430
19656,14.536000,14.536000,0.000430
19657,14.536000,14.536000,0.000430
19658,14.536000,14.536000,0.000430
19659,14.536000,14.536000,0.000430
19660,14.536000,14.536000,0.000430
19661,14.536000,14.536000,0.000430
19662,14.536000,14.536000,0.000430
19663,14.536000,14.536000,0.000430
19664,14.536000,14.536000,0.000430
19665,14.536000,14.536000,0.000430
19666,14.536000,14.536000,0.000430
19667,14.536000,14.536000,0.000430
19668,14.536000,14.536000,0.000430
19669,14.536000,14.536000,0.000430
19670,14.536000,14.536000,0.000430
19671,14.536000,14.536000,0.000430
19672,14.536000,14.536000,0.000430
19673,14.536000,14.536000,0.000430
19674,14.536000,14.536000,0.000430
19675,14.536000,14.536000,0.000430
19676,14.536000,14.536000,0.000430
19677,14.536000,14.536000,0.000430
19678,14.536000,14.536000,0.000430
19679,14.536000,14.536000,0.000430
19680,14.536000,14.536000,0.000430
19681,14.536000,14.536000,0.000430
19682,14.536000,14.536000,0.000430
19683,14.536000,14.536000,0.000430
19684,14.536000,14.536000,0.000430
19685,14.536000,14.536000,0.000430
19686,14.536000,14.536000,0.000430
19687,14.536000,14.536000,0.000430
19688,14.536000,14.536000,0.000430
19689,14.536000,14.536000,0.000430
19690,14.536000,14.536000,0.000430
19691,14.536000,14.536000,0.000430
19692,14.536000,14.536000,0.000430
19693,14.536000,14.536000,0.000430
19694,14.536000,14.536000,0.000430
19695,14.536000,14.536000,0.000430
19696,14.536000,14.536000,0.000430
19697,14.536000,14.536000,0.000430
19698,14.536000,14.536000,0.000430
19699,14.536000,14.536000,0.000430
19700,14.536000,14.536000,0.000430
19701,14.536000,14.536000,0.000409
19702,14.536000,14.536000,0.000409
19703,14.536000,14.536000,0.000409
19704,14.536000,14.536000,0.000409
19705,14.536000,14.536000,0.000409
19706,14.536000,14.536000,0.000409
19707,14.536000,14.536000,0.000409
19708,14.536000,14.536000,0.000409
19709,14.536000,14.536000,0.000409
19710,14.536000,14.536000,0.000409
19711,14.536000,14.536000,0.000409
19712,14.536000,14.536000,0.000409
19713,14.536000,14.536000,0.000409
19714,14.536000,14.536000,0.000409
19715,14.536000,14.536000,0.000409
19716,14.536000,14.536000,0.000409
19717,14.536000,14.536000,0.000409
19718,14.536000,14.536000,0.000409
19719,14.536000,14.536000,0.000409
19720,14.536000,14.536000,0.000409
19721,14.536000,14.536000,0.000409
19722,14.536000,14.536000,0.000409
19723,14.536000,14.536000,0.000409
19724,14.536000,14.536000,0.000409
19725,14.536000,14.536000,0.000409
19726,14.536000,14.536000,0.000409
19727,14.536000,14.536000,0.000409
19728,14.536000,14.536000,0.000409
19729,14.536000,14.536000,0.000409
19730,14.536000,14.536000,0.000409
19731,14.536000,14.536000,0.000409
19732,14.536000,14.536000,0.000409
19733,14.536000,14.536000,0.000409
19734,14.536000,14.536000,0.000409
19735,14.536000,14.536000,0.000409
19736,14.536000,14.536000,0.000409
19737,14.536000,14.536000,0.000409
19738,14.536000,14.536000,0.000409
19739,14.536000,14.536000,0.000409
19740,14.536000,14.536000,0.000409
19741,14.536000,14.536000,0.000409
19742,14.536000,14.536000,0.000409
19743,14.536000,14.536000,0.000409
19744,14.536000,14.536000,0.000409
19745,14.536000,14.536000,0.000409
19746,14.536000,14.536000,0.000409
19747,14.536000,14.536000,0.000409
19748,14.536000,14.536000,0.000409
19749,14.536000,14.536000,0.000409
19750,14.536000,14.536000,0.000409
19751,14.536000,14.536000,0.000409
19752,14.536000,14.536000,0.000409
19753,14.536000,14.536000,0.000409
19754,14.536000,14.536000,0.000409
19755,14.536000,14.536000,0.000409
19756,14.536000,14.536000,0.000409
19757,14.536000,14.536000,0.000409
19758,14.536000,14.536000,0.000409
19759,14.536000,14.536000,0.000409
19760,14.536000,14.536000,0.000409
19761,14.536000,14.536000,0.000409
19762,14.536000,14.536000,0.000409
19763,14.536000,14.536000,0.000409
19764,14.536000,14.536000,0.000409
19765,14.536000,14.536000,0.000409
19766,14.536000,14.536000,0.000409
19767,14.536000,14.536000,0.000409
19768,14.536000,14.536000,0.000409
19769,14.536000,14.536000,0.000409
19770,14.536000,14.536000,0.000409
19771,14.536000,14.536000,0.000409
19772,14.536000,14.536000,0.000409
19773,14.536000,14.536000,0.000409
19774,14.536000,14.536000,0.000409
19775,14.536000,14.536000,0.000409
19776,14.536000,14.536000,0.000409
19777,14.536000,14.536000,0.000409
19778,14.536000,14.536000,0.000409
19779,14.536000,14.536000,0.000409
19780,14.536000,14.536000,0.000409
19781,14.536000,14.536000,0.000409
19782,14.536000,14.536000,0.000409
19783,14.536000,14.536000,0.000409
19784,14.536000,14.536000,0.000409
19785,14.536000,14.536000,0.000409
19786,14.536000,14.536000,0.000409
19787,14.536000,14.536000,0.000409
19788,14.536000,14.536000,0.000409
19789,14.536000,14.536000,0.000409
19790,14.536000,14.536000,0.000409
19791,14.536000,14.536000,0.000409
19792,14.536000,14.536000,0.000409
19793,14.536000,14.536000,0.000409
19794,14.536000,14.536000,0.000409
19795,14.536000,14.536000,0.000409
19796,14.536000,14.536000,0.000409
19797,14.536000,14.536000,0.000409
19798,14.536000,14.536000,0.000409
19799,14.536000,14.536000,0.000409
19800,14.536000,14.536000,0.000409
19801,14.536000,14.536000,0.000388
19802,14.536000,14.536000,0.000388
19803,14.536000,14.536000,0.000388
19804,14.536000,14.536000,0.000388
19805,14.536000,14.536000,0.000388
19806,14.536000,14.536000,0.000388
19807,14.536000,14.536000,0.000388
19808,14.536000,14.536000,0.000388
19809,14.536000,14.536000,0.000388
19810,14.536000,14.536000,0.000388
19811,14.536000,14.536000,0.000388
19812,14.536000,14.536000,0.000388
19813,14.536000,14.536000,0.000388
19814,14.536000,14.536000,0.000388
19815,14.536000,14.536000,0.000388
19816,14.536000,14.536000,0.000388
19817,14.536000,14.536000,0.000388
19818,14.536000,14.536000,0.000388
19819,14.536000,14.536000,0.000388
19820,14.536000,14.536000,0.000388
19821,14.536000,14.536000,0.000388
19822,14.536000,14.536000,0.000388
19823,14.536000,14.536000,0.000388
19824,14.536000,14.536000,0.000388
19825,14.536000,14.536000,0.000388
19826,14.536000,14.536000,0.000388
19827,14.536000,14.536000,0.000388
19828,14.536000,14.536000,0.000388
19829,14.536000,14.536000,0.000388
19830,14.536000,14.536000,0.000388
19831,14.536000,14.536000,0.000388
19832,14.536000,14.536000,0.000388
19833,14.536000,14.536000,0.000388
19834,14.536000,14.536000,0.000388
19835,14.536000,14.536000,0.000388
19836,14.536000,14.536000,0.000388
19837,14.536000,14.536000,0.000388
19838,14.536000,14.536000,0.000388
19839,14.536000,14.536000,0.000388
19840,14.536000,14.536000,0.000388
19841,14.536000,14.536000,0.000388
19842,14.536000,14.536000,0.000388
19843,14.536000,14.536000,0.000388
19844,14.536000,14.536000,0.000388
19845,14.536000,14.536000,0.000388
19846,14.536000,14.536000,0.000388
19847,14.536000,14.536000,0.000388
19848,14.536000,14.536000,0.000388
19849,14.536000,14.536000,0.000388
19850,14.536000,14.536000,0.000388
19851,14.536000,14.536000,0.000388
19852,14.536000,14.536000,0.000388
19853,14.536000,14.536000,0.000388
19854,14.536000,14.536000,0.000388
19855,14.536000,14.536000,0.000388
19856,14.536000,14.536000,0.000388
19857,14.536000,14.536000,0.000388
19858,14.536000,14.536000,0.000388
19859,14.536000,14.536000,0.000388
19860,14.536000,14.536000,0.000388
19861,14.536000,14.536000,0.000388
19862,14.536000,14.536000,0.000388
19863,14.536000,14.536000,0.000388
19864,14.536000,14.536000,0.000388
19865,14.536000,14.536000,0.000388
19866,14.536000,14.536000,0.000388
19867,14.536000,14.536000,0.000388
19868,14.536000,14.536000,0.000388
19869,14.536000,14.536000,0.000388
19870,14.536000,14.536000,0.000388
19871,14.536000,14.536000,0.000388
19872,14.536000,14.536000,0.000388
19873,14.536000,14.536000,0.000388
19874,14.536000,14.536000,0.000388
19875,14.536000,14.536000,0.000388
19876,14.536000,14.536000,0.000388
19877,14.536000,14.536000,0.000388
19878,14.536000,14.536000,0.000388
19879,14.536000,14.536000,0.000388
19880,14.536000,14.536000,0.000388
19881,14.536000,14.536000,0.000388
19882,14.536000,14.536000,0.000388
19883,14.536000,14.536000,0.000388
19884,14.536000,14.536000,0.000388
19885,14.536000,14.536000,0.000388
19886,14.536000,14.536000,0.000388
19887,14.536000,14.536000,0.000388
19888,14.536000,14.536000,0.000388
19889,14.536000,14.536000,0.000388
19890,14.536000,14.536000,0.000388
19891,14.536000,14.536000,0.000388
19892,14.536000,14.536000,0.000388
19893,14.536000,14.536000,0.000388
19894,14.536000,14.536000,0.000388
19895,14.536000,14.536000,0.000388
19896,14.536000,14.536000,0.000388
19897,14.536000,14.536000,0.000388
19898,14.536000,14.536000,0.000388
19899,14.536000,14.536000,0.000388
19900,14.536000,14.536000,0.000388
19901,14.536000,14.536000,0.000369
19902,14.536000,14.536000,0.000369
19903,14.536000,14.536000,0.000369
19904,14.536000,14.536000,0.000369
19905,14.536000,14.536000,0.000369
19906,14.536000,14.536000,0.000369
19907,14.536000,14.536000,0.000369
19908,14.536000,14.536000,0.000369
19909,14.536000,14.536000,0.000369
19910,14.536000,14.536000,0.000369
19911,14.536000,14.536000,0.000369
19912,14.536000,14.536000,0.000369
19913,14.536000,14.536000,0.000369
19914,14.536000,14.536000,0.000369
19915,14.536000,14.536000,0.000369
19916,14.536000,14.536000,0.000369
19917,14.536000,14.536000,0.000369
19918,14.536000,14.536000,0.000369
19919,14.536000,14.536000,0.000369
19920,14.536000,14.536000,0.000369
19921,14.536000,14.536000,0.000369
19922,14.536000,14.536000,0.000369
19923,14.536000,14.536000,0.000369
19924,14.536000,14.536000,0.000369
19925,14.536000,14.536000,0.000369
19926,14.536000,14.536000,0.000369
19927,14.536000,14.536000,0.000369
19928,14.536000,14.536000,0.000369
19929,14.536000,14.536000,0.000369
19930,14.536000,14.536000,0.000369
19931,14.536000,14.536000,0.000369
19932,14.536000,14.536000,0.000369
19933,14.536000,14.536000,0.000369
19934,14.536000,14.536000,0.000369
19935,14.536000,14.536000,0.000369
19936,14.536000,14.536000,0.000369
19937,14.536000,14.536000,0.000369
19938,14.536000,14.536000,0.000369
19939,14.536000,14.536000,0.000369
19940,14.536000,14.536000,0.000369
19941,14.536000,14.536000,0.000369
19942,14.536000,14.536000,0.000369
19943,14.536000,14.536000,0.000369
19944,14.536000,14.536000,0.000369
19945,14.536000,14.536000,0.000369
19946,14.536000,14.536000,0.000369
19947,14.536000,14.536000,0.000369
19948,14.536000,14.536000,0.000369
19949,14.536000,14.536000,0.000369
19950,14.536000,14.536000,0.000369
19951,14.536000,14.536000,0.000369
19952,14.536000,14.536000,0.000369
19953,14.536000,14.536000,0.000369
19954,14.536000,14.536000,0.000369
19955,14.536000,14.536000,0.000369
19956,14.536000,14.536000,0.000369
19957,14.536000,14.536000,0.000369
19958,14.536000,14.536000,0.000369
19959,14.536000,14.536000,0.000369
19960,14.536000,14.536000,0.000369
19961,14.536000,14.536000,0.000369
19962,14.536000,14.536000,0.000369
19963,14.536000,14.536000,0.000369
19964,14.536000,14.536000,0.000369
19965,14.536000,14.536000,0.000369
19966,14.536000,14.536000,0.000369
19967,14.536000,14.536000,0.000369
19968,14.536000,14.536000,0.000369
19969,14.536000,14.536000,0.000369
19970,14.536000,14.536000,0.000369
19971,14.536000,14.536000,0.000369
19972,14.536000,14.536000,0.000369
19973,14.536000,14.536000,0.000369
19974,14.536000,14.536000,0.000369
19975,14.536000,14.536000,0.000369
19976,14.536000,14.536000,0.000369
19977,14.536000,14.536000,0.000369
19978,14.536000,14.536000,0.000369
19979,14.536000,14.536000,0.000369
19980,14.536000,14.536000,0.000369
19981,14.536000,14.536000,0.000369
19982,14.536000,14.536000,0.000369
19983,14.536000,14.536000,0.000369
19984,14.536000,14.536000,0.000369
19985,14.536000,14.536000,0.000369
19986,14.536000,14.536000,0.000369
19987,14.536000,14.536000,0.000369
19988,14.536000,14.536000,0.000369
19989,14.536000,14.536000,0.000369
19990,14.536000,14.536000,0.000369
19991,14.536000,14.536000,0.000369
19992,14.536000,14.536000,0.000369
19993,14.536000,14.536000,0.000369
19994,14.536000,14.536000,0.000369
19995,14.536000,14.536000,0.000369
19996,14.536000,14.536000,0.000369
19997,14.536000,14.536000,0.000369
19998,14.536000,14.536000,0.000369
19999,14.536000,14.536000,0.000369
20000,14.536000,14.536000,0.000369
20001,14.536000,14.536000,0.000351
20002,14.536000,14.536000,0.000351
20003,14.536000,14.536000,0.000351
20004,14.536000,14.536000,0.000351
20005,14.536000,14.536000,0.000351
20006,14.536000,14.536000,0.000351
20007,14.536000,14.536000,0.000351
20008,14.536000,14.536000,0.000351
20009,14.536000,14.536000,0.000351
20010,14.536000,14.536000,0.000351
20011,14.536000,14.536000,0.000351
20012,14.536000,14.536000,0.000351
20013,14.536000,14.536000,0.000351
20014,14.536000,14.536000,0.000351
20015,14.536000,14.536000,0.000351
20016,14.536000,14.536000,0.000351
20017,14.536000,14.536000,0.000351
20018,14.536000,14.536000,0.000351
20019,14.536000,14.536000,0.000351
20020,14.536000,14.536000,0.000351
20021,14.536000,14.536000,0.000351
20022,14.536000,14.536000,0.000351
20023,14.536000,14.536000,0.000351
20024,14.536000,14.536000,0.000351
20025,14.536000,14.536000,0.000351
20026,14.536000,14.536000,0.000351
20027,14.536000,14.536000,0.000351
20028,14.536000,14.536000,0.000351
20029,14.536000,14.536000,0.000351
20030,14.536000,14.536000,0.000351
20031,14.536000,14.536000,0.000351
20032,14.536000,14.536000,0.000351
20033,14.536000,14.536000,0.000351
20034,14.536000,14.536000,0.000351
20035,14.536000,14.536000,0.000351
20036,14.536000,14.536000,0.000351
20037,14.536000,14.536000,0.000351
20038,14.536000,14.536000,0.000351
20039,14.536000,14.536000,0.000351
20040,14.536000,14.536000,0.000351
20041,14.536000,14.536000,0.000351
20042,14.536000,14.536000,0.000351
20043,14.536000,14.536000,0.000351
20044,14.536000,14.536000,0.000351
20045,14.536000,14.536000,0.000351
20046,14.536000,14.536000,0.000351
20047,14.536000,14.536000,0.000351
20048,14.536000,14.536000,0.000351
20049,14.536000,14.536000,0.000351
20050,14.536000,14.536000,0.000351
20051,14.536000,14.536000,0.000351
20052,14.536000,14.536000,0.000351
20053,14.536000,14.536000,0.000351
20054,14.536000,14.536000,0.000351
20055,14.536000,14.536000,0.000351
20056,14.536000,14.536000,0.000351
20057,14.536000,14.536000,0.000351
20058,14.536000,14.536000,0.000351
20059,14.536000,14.536000,0.000351
20060,14.536000,14.536000,0.000351
20061,14.536000,14.536000,0.000351
20062,14.536000,14.536000,0.000351
20063,14.536000,14.536000,0.000351
20064,14.536000,14.536000,0.000351
20065,14.536000,14.536000,0.000351
20066,14.536000,14.536000,0.000351
20067,14.536000,14.536000,0.000351
20068,14.536000,14.536000,0.000351
20069,14.536000,14.536000,0.000351
20070,14.536000,14.536000,0.000351
20071,14.536000,14.536000,0.000351
20072,14.536000,14.536000,0.000351
20073,14.536000,14.536000,0.000351
20074,14.536000,14.536000,0.000351
20075,14.536000,14.536000,0.000351
20076,14.536000,14.536000,0.000351
20077,14.536000,14.536000,0.000351
20078,14.536000,14.536000,0.000351
20079,14.536000,14.536000,0.000351
20080,14.536000,14.536000,0.000351
20081,14.536000,14.536000,0.000351
20082,14.536000,14.536000,0.000351
20083,14.536000,14.536000,0.000351
20084,14.536000,14.536000,0.000351
20085,14.536000,14.536000,0.000351
20086,14.536000,14.536000,0.000351
20087,14.536000,14.536000,0.000351
20088,14.536000,14.536000,0.000351
20089,14.536000,14.536000,0.000351
20090,14.536000,14.536000,0.000351
20091,14.536000,14.536000,0.000351
20092,14.536000,14.536000,0.000351
20093,14.536000,14.536000,0.000351
20094,14.536000,14.536000,0.000351
20095,14.536000,14.536000,0.000351
20096,14.536000,14.536000,0.000351
20097,14.536000,14.536000,0.000351
20098,14.536000,14.536000,0.000351
20099,14.536000,14.536000,0.000351
20100,14.536000,14.536000,0.000351
20101,14.536000,14.536000,0.000333
20102,14.536000,14.536000,0.000333
20103,14.536000,14.536000,0.000333
20104,14.536000,14.536000,0.000333
20105,14.536000,14.536000,0.000333
20106,14.536000,14.536000,0.000333
20107,14.536000,14.536000,0.000333
20108,14.536000,14.536000,0.000333
20109,14.536000,14.536000,0.000333
20110,14.536000,14.536000,0.000333
20111,14.536000,14.536000,0.000333
20112,14.536000,14.536000,0.000333
20113,14.536000,14.536000,0.000333
20114,14.536000,14.536000,0.000333
20115,14.536000,14.536000,0.000333
20116,14.536000,14.536000,0.000333
20117,14.536000,14.536000,0.000333
20118,14.536000,14.536000,0.000333
20119,14.536000,14.536000,0.000333
20120,14.536000,14.536000,0.000333
20121,14.536000,14.536000,0.000333
20122,14.536000,14.536000,0.000333
20123,14.536000,14.536000,0.000333
20124,14.536000,14.536000,0.000333
20125,14.536000,14.536000,0.000333
20126,14.536000,14.536000,0.000333
20127,14.536000,14.536000,0.000333
20128,14.536000,14.536000,0.000333
20129,14.536000,14.536000,0.000333
20130,14.536000,14.536000,0.000333
20131,14.536000,14.536000,0.000333
20132,14.536000,14.536000,0.000333
20133,14.536000,14.536000,0.000333
20134,14.536000,14.536000,0.000333
20135,14.536000,14.536000,0.000333
20136,14.536000,14.536000,0.000333
20137,14.536000,14.536000,0.000333
20138,14.536000,14.536000,0.000333
20139,14.536000,14.536000,0.000333
20140,14.536000,14.536000,0.000333
20141,14.536000,14.536000,0.000333
20142,14.536000,14.536000,0.000333
20143,14.536000,14.536000,0.000333
20144,14.536000,14.536000,0.000333
20145,14.536000,14.536000,0.000333
20146,14.536000,14.536000,0.000333
20147,14.536000,14.536000,0.000333
20148,14.536000,14.536000,0.000333
20149,14.536000,14.536000,0.000333
20150,14.536000,14.536000,0.000333
20151,14.536000,14.536000,0.000333
20152,14.536000,14.536000,0.000333
20153,14.536000,14.536000,0.000333
20154,14.536000,14.536000,0.000333
20155,14.536000,14.536000,0.000333
20156,14.536000,14.536000,0.000333
20157,14.536000,14.536000,0.000333
20158,14.536000,14.536000,0.000333
20159,14.536000,14.536000,0.000333
20160,14.536000,14.536000,0.000333
20161,14.536000,14.536000,0.000333
20162,14.536000,14.536000,0.000333
20163,14.536000,14.536000,0.000333
20164,14.536000,14.536000,0.000333
20165,14.536000,14.536000,0.000333
20166,14.536000,14.536000,0.000333
20167,14.536000,14.536000,0.000333
20168,14.536000,14.536000,0.000333
20169,14.536000,14.536000,0.000333
20170,14.536000,14.536000,0.000333
20171,14.536000,14.536000,0.000333
20172,14.536000,14.536000,0.000333
20173,14.536000,14.536000,0.000333
20174,14.536000,14.536000,0.000333
20175,14.536000,14.536000,0.000333
20176,14.536000,14.536000,0.000333
20177,14.536000,14.536000,0.000333
20178,14.536000,14.536000,0.000333
20179,14.536000,14.536000,0.000333
20180,14.536000,14.536000,0.000333
20181,14.536000,14.536000,0.000333
20182,14.536000,14.536000,0.000333
20183,14.536000,14.536000,0.000333
20184,14.536000,14.536000,0.000333
20185,14.536000,14.536000,0.000333
20186,14.536000,14.536000,0.000333
20187,14.536000,14.536000,0.000333
20188,14.536000,14.536000,0.000333
20189,14.536000,14.536000,0.000333
20190,14.536000,14.536000,0.000333
20191,14.536000,14.536000,0.000333
20192,14.536000,14.536000,0.000333
20193,14.536000,14.536000,0.000333
20194,14.536000,14.536000,0.000333
20195,14.536000,14.536000,0.000333
20196,14.536000,14.536000,0.000333
20197,14.536000,14.536000,0.000333
20198,14.536000,14.536000,0.000333
20199,14.536000,14.536000,0.000333
20200,14.536000,14.536000,0.000333
20201,14.536000,14.536000,0.000316
20202,14.536000,14.536000,0.000316
20203,14.536000,14.536000,0.000316
20204,14.536000,14.536000,0.000316
20205,14.536000,14.536000,0.000316
20206,14.536000,14.536000,0.000316
20207,14.536000,14.536000,0.000316
20208,14.536000,14.536000,0.000316
20209,14.536000,14.536000,0.000316
20210,14.536000,14.536000,0.000316
20211,14.536000,14.536000,0.000316
20212,14.536000,14.536000,0.000316
20213,14.536000,14.536000,0.000316
20214,14.536000,14.536000,0.000316
20215,14.536000,14.536000,0.000316
20216,14.536000,14.536000,0.000316
20217,14.536000,14.536000,0.000316
20218,14.536000,14.536000,0.000316
20219,14.536000,14.536000,0.000316
20220,14.536000,14.536000,0.000316
20221,14.536000,14.536000,0.000316
20222,14.536000,14.536000,0.000316
20223,14.536000,14.536000,0.000316
20224,14.536000,14.536000,0.000316
20225,14.536000,14.536000,0.000316
20226,14.536000,14.536000,0.000316
20227,14.536000,14.536000,0.000316
20228,14.536000,14.536000,0.000316
20229,14.536000,14.536000,0.000316
20230,14.536000,14.536000,0.000316
20231,14.536000,14.536000,0.000316
20232,14.536000,14.536000,0.000316
20233,14.536000,14.536000,0.000316
20234,14.536000,14.536000,0.000316
20235,14.536000,14.536000,0.000316
20236,14.536000,14.536000,0.000316
20237,14.536000,14.536000,0.000316
20238,14.536000,14.536000,0.000316
20239,14.536000,14.536000,0.000316
20240,14.536000,14.536000,0.000316
20241,14.536000,14.536000,0.000316
20242,14.536000,14.536000,0.000316
20243,14.536000,14.536000,0.000316
20244,14.536000,14.536000,0.000316
20245,14.536000,14.536000,0.000316
20246,14.536000,14.536000,0.000316
20247,14.536000,14.536000,0.000316
20248,14.536000,14.536000,0.000316
20249,14.536000,14.536000,0.000316
20250,14.536000,14.536000,0.000316
20251,14.536000,14.536000,0.000316
20252,14.536000,14.536000,0.000316
20253,14.536000,14.536000,0.000316
20254,14.536000,14.536000,0.000316
20255,14.536000,14.536000,0.000316
20256,14.536000,14.536000,0.000316
20257,14.536000,14.536000,0.000316
20258,14.536000,14.536000,0.000316
20259,14.536000,14.536000,0.000316
20260,14.536000,14.536000,0.000316
20261,14.536000,14.536000,0.000316
20262,14.536000,14.536000,0.000316
20263,14.536000,14.536000,0.000316
20264,14.536000,14.536000,0.000316
20265,14.536000,14.536000,0.000316
20266,14.536000,14.536000,0.000316
20267,14.536000,14.536000,0.000316
20268,14.536000,14.536000,0.000316
20269,14.536000,14.536000,0.000316
20270,14.536000,14.536000,0.000316
20271,14.536000,14.536000,0.000316
20272,14.536000,14.536000,0.000316
20273,14.536000,14.536000,0.000316
20274,14.536000,14.536000,0.000316
20275,14.536000,14.536000,0.000316
20276,14.536000,14.536000,0.000316
20277,14.536000,14.536000,0.000316
20278,14.536000,14.536000,0.000316
20279,14.536000,14.536000,0.000316
20280,14.536000,14.536000,0.000316
20281,14.536000,14.536000,0.000316
20282,14.536000,14.536000,0.000316
20283,14.536000,14.536000,0.000316
20284,14.536000,14.536000,0.000316
20285,14.536000,14.536000,0.000316
20286,14.536000,14.536000,0.000316
20287,14.536000,14.536000,0.000316
20288,14.536000,14.536000,0.000316
20289,14.536000,14.536000,0.000316
20290,14.536000,14.536000,0.000316
20291,14.536000,14.536000,0.000316
20292,14.536000,14.536000,0.000316
20293,14.536000,14.536000,0.000316
20294,14.536000,14.536000,0.000316
20295,14.536000,14.536000,0.000316
20296,14.536000,14.536000,0.000316
20297,14.536000,14.536000,0.000316
20298,14.536000,14.536000,0.000316
20299,14.536000,14.536000,0.000316
20300,14.536000,14.536000,0.000316
20301,14.536000,14.536000,0.000301
20302,14.536000,14.536000,0.000301
20303,14.536000,14.536000,0.000301
20304,14.536000,14.536000,0.000301
20305,14.536000,14.536000,0.000301
20306,14.536000,14.536000,0.000301
20307,14.536000,14.536000,0.000301
20308,14.536000,14.536000,0.000301
20309,14.536000,14.536000,0.000301
20310,14.536000,14.536000,0.000301
20311,14.536000,14.536000,0.000301
20312,14.536000,14.536000,0.000301
20313,14.536000,14.536000,0.000301
20314,14.536000,14.536000,0.000301
20315,14.536000,14.536000,0.000301
20316,14.536000,14.536000,0.000301
20317,14.536000,14.536000,0.000301
20318,14.536000,14.536000,0.000301
20319,14.536000,14.536000,0.000301
20320,14.536000,14.536000,0.000301
20321,14.536000,14.536000,0.000301
20322,14.536000,14.536000,0.000301
20323,14.536000,14.536000,0.000301
20324,14.536000,14.536000,0.000301
20325,14.536000,14.536000,0.000301
20326,14.536000,14.536000,0.000301
20327,14.536000,14.536000,0.000301
20328,14.536000,14.536000,0.000301
20329,14.536000,14.536000,0.000301
20330,14.536000,14.536000,0.000301
20331,14.536000,14.536000,0.000301
20332,14.536000,14.536000,0.000301
20333,14.536000,14.536000,0.000301
20334,14.536000,14.536000,0.000301
20335,14.536000,14.536000,0.000301
20336,14.536000,14.536000,0.000301
20337,14.536000,14.536000,0.000301
20338,14.536000,14.536000,0.000301
20339,14.536000,14.536000,0.000301
20340,14.536000,14.536000,0.000301
20341,14.536000,14.536000,0.000301
20342,14.536000,14.536000,0.000301
20343,14.536000,14.536000,0.000301
20344,14.536000,14.536000,0.000301
20345,14.536000,14.536000,0.000301
20346,14.536000,14.536000,0.000301
20347,14.536000,14.536000,0.000301
20348,14.536000,14.536000,0.000301
20349,14.536000,14.536000,0.000301
20350,14.536000,14.536000,0.000301
20351,14.536000,14.536000,0.000301
20352,14.536000,14.536000,0.000301
20353,14.536000,14.536000,0.000301
20354,14.536000,14.536000,0.000301
20355,14.536000,14.536000,0.000301
20356,14.536000,14.536000,0.000301
20357,14.536000,14.536000,0.000301
20358,14.536000,14.536000,0.000301
20359,14.536000,14.536000,0.000301
20360,14.536000,14.536000,0.000301
20361,14.536000,14.536000,0.000301
20362,14.536000,14.536000,0.000301
20363,14.536000,14.536000,0.000301
20364,14.536000,14.536000,0.000301
20365,14.536000,14.536000,0.000301
20366,14.536000,14.536000,0.000301
20367,14.536000,14.536000,0.000301
20368,14.536000,14.536000,0.000301
20369,14.536000,14.536000,0.000301
20370,14.536000,14.536000,0.000301
20371,14.536000,14.536000,0.000301
20372,14.536000,14.536000,0.000301
20373,14.536000,14.536000,0.000301
20374,14.536000,14.536000,0.000301
20375,14.536000,14.536000,0.000301
20376,14.536000,14.536000,0.000301
20377,14.536000,14.536000,0.000301
20378,14.536000,14.536000,0.000301
20379,14.536000,14.536000,0.000301
20380,14.536000,14.536000,0.000301
20381,14.536000,14.536000,0.000301
20382,14.536000,14.536000,0.000301
20383,14.536000,14.536000,0.000301
20384,14.536000,14.536000,0.000301
20385,14.536000,14.536000,0.000301
20386,14.536000,14.536000,0.000301
20387,14.536000,14.536000,0.000301
20388,14.536000,14.536000,0.000301
20389,14.536000,14.536000,0.000301
20390,14.536000,14.536000,0.000301
20391,14.536000,14.536000,0.000301
20392,14.536000,14.536000,0.000301
20393,14.536000,14.536000,0.000301
20394,14.536000,14.536000,0.000301
20395,14.536000,14.536000,0.000301
20396,14.536000,14.536000,0.000301
20397,14.536000,14.536000,0.000301
20398,14.536000,14.536000,0.000301
20399,14.536000,14.536000,0.000301
20400,14.536000,14.536000,0.000301
20401,14.536000,14.536000,0.000286
20402,14.536000,14.536000,0.000286
20403,14.536000,14.536000,0.000286
20404,14.536000,14.536000,0.000286
20405,14.536000,14.536000,0.000286
20406,14.536000,14.536000,0.000286
20407,14.536000,14.536000,0.000286
20408,14.536000,14.536000,0.000286
20409,14.536000,14.536000,0.000286
20410,14.536000,14.536000,0.000286
20411,14.536000,14.536000,0.000286
20412,14.536000,14.536000,0.000286
20413,14.536000,14.536000,0.000286
20414,14.536000,14.536000,0.000286
20415,14.536000,14.536000,0.000286
20416,14.536000,14.536000,0.000286
20417,14.536000,14.536000,0.000286
20418,14.536000,14.536000,0.000286
20419,14.536000,14.536000,0.000286
20420,14.536000,14.536000,0.000286
20421,14.536000,14.536000,0.000286
20422,14.536000,14.536000,0.000286
20423,14.536000,14.536000,0.000286
20424,14.536000,14.536000,0.000286
20425,14.536000,14.536000,0.000286
20426,14.536000,14.536000,0.000286
20427,14.536000,14.536000,0.000286
20428,14.536000,14.536000,0.000286
20429,14.536000,14.536000,0.000286
20430,14.536000,14.536000,0.000286
20431,14.536000,14.536000,0.000286
20432,14.536000,14.536000,0.000286
20433,14.536000,14.536000,0.000286
20434,14.536000,14.536000,0.000286
20435,14.536000,14.536000,0.000286
20436,14.536000,14.536000,0.000286
20437,14.536000,14.536000,0.000286
20438,14.536000,14.536000,0.000286
20439,14.536000,14.536000,0.000286
20440,14.536000,14.536000,0.000286
20441,14.536000,14.536000,0.000286
20442,14.536000,14.536000,0.000286
20443,14.536000,14.536000,0.000286
20444,14.536000,14.536000,0.000286
20445,14.536000,14.536000,0.000286
20446,14.536000,14.536000,0.000286
20447,14.536000,14.536000,0.000286
20448,14.536000,14.536000,0.000286
20449,14.536000,14.536000,0.000286
20450,14.536000,14.536000,0.000286
20451,14.536000,14.536000,0.000286
20452,14.536000,14.536000,0.000286
20453,14.536000,14.536000,0.000286
20454,14.536000,14.536000,0.000286
20455,14.536000,14.536000,0.000286
20456,14.536000,14.536000,0.000286
20457,14.536000,14.536000,0.000286
20458,14.536000,14.536000,0.000286
20459,14.536000,14.536000,0.000286
20460,14.536000,14.536000,0.000286
20461,14.536000,14.536000,0.000286
20462,14.536000,14.536000,0.000286
20463,14.536000,14.536000,0.000286
20464,14.536000,14.536000,0.000286
20465,14.536000,14.536000,0.000286
20466,14.536000,14.536000,0.000286
20467,14.536000,14.536000,0.000286
20468,14.536000,14.536000,0.000286
20469,14.536000,14.536000,0.000286
20470,14.536000,14.536000,0.000286
20471,14.536000,14.536000,0.000286
20472,14.536000,14.536000,0.000286
20473,14.536000,14.536000,0.000286
20474,14.536000,14.536000,0.000286
20475,14.536000,14.536000,0.000286
20476,14.536000,14.536000,0.000286
20477,14.536000,14.536000,0.000286
20478,14.536000,14.536000,0.000286
20479,14.536000,14.536000,0.000286
20480,14.536000,14.536000,0.000286
20481,14.536000,14.536000,0.000286
20482,14.536000,14.536000,0.000286
20483,14.536000,14.536000,0.000286
20484,14.536000,14.536000,0.000286
20485,14.536000,14.536000,0.000286
20486,14.536000,14.536000,0.000286
20487,14.536000,14.536000,0.000286
20488,14.536000,14.536000,0.000286
20489,14.536000,14.536000,0.000286
20490,14.536000,14.536000,0.000286
20491,14.536000,14.536000,0.000286
20492,14.536000,14.536000,0.000286
20493,14.536000,14.536000,0.000286
20494,14.536000,14.536000,0.000286
20495,14.536000,14.536000,0.000286
20496,14.536000,14.536000,0.000286
20497,14.536000,14.536000,0.000286
20498,14.536000,14.536000,0.000286
20499,14.536000,14.536000,0.000286
20500,14.536000,14.536000,0.000286
20501,14.536000,14.536000,0.000271
20502,14.536000,14.536000,0.000271
20503,14.536000,14.536000,0.000271
20504,14.536000,14.536000,0.000271
20505,14.536000,14.536000,0.000271
20506,14.536000,14.536000,0.000271
20507,14.536000,14.536000,0.000271
20508,14.536000,14.536000,0.000271
20509,14.536000,14.536000,0.000271
20510,14.536000,14.536000,0.000271
20511,14.536000,14.536000,0.000271
20512,14.536000,14.536000,0.000271
20513,14.536000,14.536000,0.000271
20514,14.536000,14.536000,0.000271
20515,14.536000,14.536000,0.000271
20516,14.536000,14.536000,0.000271
20517,14.536000,14.536000,0.000271
20518,14.536000,14.536000,0.000271
20519,14.536000,14.536000,0.000271
20520,14.536000,14.536000,0.000271
20521,14.536000,14.536000,0.000271
20522,14.536000,14.536000,0.000271
20523,14.536000,14.536000,0.000271
20524,14.536000,14.536000,0.000271
20525,14.536000,14.536000,0.000271
20526,14.536000,14.536000,0.000271
20527,14.536000,14.536000,0.000271
20528,14.536000,14.536000,0.000271
20529,14.536000,14.536000,0.000271
20530,14.536000,14.536000,0.000271
20531,14.536000,14.536000,0.000271
20532,14.536000,14.536000,0.000271
20533,14.536000,14.536000,0.000271
20534,14.536000,14.536000,0.000271
20535,14.536000,14.536000,0.000271
20536,14.536000,14.536000,0.000271
20537,14.536000,14.536000,0.000271
20538,14.536000,14.536000,0.000271
20539,14.536000,14.536000,0.000271
20540,14.536000,14.536000,0.000271
20541,14.536000,14.536000,0.000271
20542,14.536000,14.536000,0.000271
20543,14.536000,14.536000,0.000271
20544,14.536000,14.536000,0.000271
20545,14.536000,14.536000,0.000271
20546,14.536000,14.536000,0.000271
20547,14.536000,14.536000,0.000271
20548,14.536000,14.536000,0.000271
20549,14.536000,14.536000,0.000271
20550,14.536000,14.536000,0.000271
20551,14.536000,14.536000,0.000271
20552,14.536000,14.536000,0.000271
20553,14.536000,14.536000,0.000271
20554,14.536000,14.536000,0.000271
20555,14.536000,14.536000,0.000271
20556,14.536000,14.536000,0.000271
20557,14.536000,14.536000,0.000271
20558,14.536000,14.536000,0.000271
20559,14.536000,14.536000,0.000271
20560,14.536000,14.536000,0.000271
20561,14.536000,14.536000,0.000271
20562,14.536000,14.536000,0.000271
20563,14.536000,14.536000,0.000271
20564,14.536000,14.536000,0.000271
20565,14.536000,14.536000,0.000271
20566,14.536000,14.536000,0.000271
20567,14.536000,14.536000,0.000271
20568,14.536000,14.536000,0.000271
20569,14.536000,14.536000,0.000271
20570,14.536000,14.536000,0.000271
20571,14.536000,14.536000,0.000271
20572,14.536000,14.536000,0.000271
20573,14.536000,14.536000,0.000271
20574,14.536000,14.536000,0.000271
20575,14.536000,14.536000,0.000271
20576,14.536000,14.536000,0.000271
20577,14.536000,14.536000,0.000271
20578,14.536000,14.536000,0.000271
20579,14.536000,14.536000,0.000271
20580,14.536000,14.536000,0.000271
20581,14.536000,14.536000,0.000271
20582,14.536000,14.536000,0.000271
20583,14.536000,14.536000,0.000271
20584,14.536000,14.536000,0.000271
20585,14.536000,14.536000,0.000271
20586,14.536000,14.536000,0.000271
20587,14.536000,14.536000,0.000271
20588,14.536000,14.536000,0.000271
20589,14.536000,14.536000,0.000271
20590,14.536000,14.536000,0.000271
20591,14.536000,14.536000,0.000271
20592,14.536000,14.536000,0.000271
20593,14.536000,14.536000,0.000271
20594,14.536000,14.536000,0.000271
20595,14.536000,14.536000,0.000271
20596,14.536000,14.536000,0.000271
20597,14.536000,14.536000,0.000271
20598,14.536000,14.536000,0.000271
20599,14.536000,14.536000,0.000271
20600,14.536000,14.536000,0.000271
20601,14.536000,14.536000,0.000258
20602,14.536000,14.536000,0.000258
20603,14.536000,14.536000,0.000258
20604,14.536000,14.536000,0.000258
20605,14.536000,14.536000,0.000258
20606,14.536000,14.536000,0.000258
20607,14.536000,14.536000,0.000258
20608,14.536000,14.536000,0.000258
20609,14.536000,14.536000,0.000258
20610,14.536000,14.536000,0.000258
20611,14.536000,14.536000,0.000258
20612,14.536000,14.536000,0.000258
20613,14.536000,14.536000,0.000258
20614,14.536000,14.536000,0.000258
20615,14.536000,14.536000,0.000258
20616,14.536000,14.536000,0.000258
20617,14.536000,14.536000,0.000258
20618,14.536000,14.536000,0.000258
20619,14.536000,14.536000,0.000258
20620,14.536000,14.536000,0.000258
20621,14.536000,14.536000,0.000258
20622,14.536000,14.536000,0.000258
20623,14.536000,14.536000,0.000258
20624,14.536000,14.536000,0.000258
20625,14.536000,14.536000,0.000258
20626,14.536000,14.536000,0.000258
20627,14.536000,14.536000,0.000258
20628,14.536000,14.536000,0.000258
20629,14.536000,14.536000,0.000258
20630,14.536000,14.536000,0.000258
20631,14.536000,14.536000,0.000258
20632,14.536000,14.536000,0.000258
20633,14.536000,14.536000,0.000258
20634,14.536000,14.536000,0.000258
20635,14.536000,14.536000,0.000258
20636,14.536000,14.536000,0.000258
20637,14.536000,14.536000,0.000258
20638,14.536000,14.536000,0.000258
20639,14.536000,14.536000,0.000258
20640,14.536000,14.536000,0.000258
20641,14.536000,14.536000,0.000258
20642,14.536000,14.536000,0.000258
20643,14.536000,14.536000,0.000258
20644,14.536000,14.536000,0.000258
20645,14.536000,14.536000,0.000258
20646,14.536000,14.536000,0.000258
20647,14.536000,14.536000,0.000258
20648,14.536000,14.536000,0.000258
20649,14.536000,14.536000,0.000258
20650,14.536000,14.536000,0.000258
20651,14.536000,14.536000,0.000258
20652,14.536000,14.536000,0.000258
20653,14.536000,14.536000,0.000258
20654,14.536000,14.536000,0.000258
20655,14.536000,14.536000,0.000258
20656,14.536000,14.536000,0.000258
20657,14.536000,14.536000,0.000258
20658,14.536000,14.536000,0.000258
20659,14.536000,14.536000,0.000258
20660,14.536000,14.536000,0.000258
20661,14.536000,14.536000,0.000258
20662,14.536000,14.536000,0.000258
20663,14.536000,14.536000,0.000258
20664,14.536000,14.536000,0.000258
20665,14.536000,14.536000,0.000258
20666,14.536000,14.536000,0.000258
20667,14.536000,14.536000,0.000258
20668,14.536000,14.536000,0.000258
20669,14.536000,14.536000,0.000258
20670,14.536000,14.536000,0.000258
20671,14.536000,14.536000,0.000258
20672,14.536000,14.536000,0.000258
20673,14.536000,14.536000,0.000258
20674,14.536000,14.536000,0.000258
20675,14.536000,14.536000,0.000258
20676,14.536000,14.536000,0.000258
20677,14.536000,14.536000,0.000258
20678,14.536000,14.536000,0.000258
20679,14.536000,14.536000,0.000258
20680,14.536000,14.536000,0.000258
20681,14.536000,14.536000,0.000258
20682,14.536000,14.536000,0.000258
20683,14.536000,14.536000,0.000258
20684,14.536000,14.536000,0.000258
20685,14.536000,14.536000,0.000258
20686,14.536000,14.536000,0.000258
20687,14.536000,14.536000,0.000258
20688,14.536000,14.536000,0.000258
20689,14.536000,14.536000,0.000258
20690,14.536000,14.536000,0.000258
20691,14.536000,14.536000,0.000258
20692,14.536000,14.536000,0.000258
20693,14.536000,14.536000,0.000258
20694,14.536000,14.536000,0.000258
20695,14.536000,14.536000,0.000258
20696,14.536000,14.536000,0.000258
20697,14.536000,14.536000,0.000258
20698,14.536000,14.536000,0.000258
20699,14.536000,14.536000,0.000258
20700,14.536000,14.536000,0.000258
20701,14.536000,14.536000,0.000245
20702,14.536000,14.536000,0.000245
20703,14.536000,14.536000,0.000245
20704,14.536000,14.536000,0.000245
20705,14.536000,14.536000,0.000245
20706,14.536000,14.536000,0.000245
20707,14.536000,14.536000,0.000245
20708,14.536000,14.536000,0.000245
20709,14.536000,14.536000,0.000245
20710,14.536000,14.536000,0.000245
20711,14.536000,14.536000,0.000245
20712,14.536000,14.536000,0.000245
20713,14.536000,14.536000,0.000245
20714,14.536000,14.536000,0.000245
20715,14.536000,14.536000,0.000245
20716,14.536000,14.536000,0.000245
20717,14.536000,14.536000,0.000245
20718,14.536000,14.536000,0.000245
20719,14.536000,14.536000,0.000245
20720,14.536000,14.536000,0.000245
20721,14.536000,14.536000,0.000245
20722,14.536000,14.536000,0.000245
20723,14.536000,14.536000,0.000245
20724,14.536000,14.536000,0.000245
20725,14.536000,14.536000,0.000245
20726,14.536000,14.536000,0.000245
20727,14.536000,14.536000,0.000245
20728,14.536000,14.536000,0.000245
20729,14.536000,14.536000,0.000245
20730,14.536000,14.536000,0.000245
20731,14.536000,14.536000,0.000245
20732,14.536000,14.536000,0.000245
20733,14.536000,14.536000,0.000245
20734,14.536000,14.536000,0.000245
20735,14.536000,14.536000,0.000245
20736,14.536000,14.536000,0.000245
20737,14.536000,14.536000,0.000245
20738,14.536000,14.536000,0.000245
20739,14.536000,14.536000,0.000245
20740,14.536000,14.536000,0.000245
20741,14.536000,14.536000,0.000245
20742,14.536000,14.536000,0.000245
20743,14.536000,14.536000,0.000245
20744,14.536000,14.536000,0.000245
20745,14.536000,14.536000,0.000245
20746,14.536000,14.536000,0.000245
20747,14.536000,14.536000,0.000245
20748,14.536000,14.536000,0.000245
20749,14.536000,14.536000,0.000245
20750,14.536000,14.536000,0.000245
20751,14.536000,14.536000,0.000245
20752,14.536000,14.536000,0.000245
20753,14.536000,14.536000,0.000245
20754,14.536000,14.536000,0.000245
20755,14.536000,14.536000,0.000245
20756,14.536000,14.536000,0.000245
20757,14.536000,14.536000,0.000245
20758,14.536000,14.536000,0.000245
20759,14.536000,14.536000,0.000245
20760,14.536000,14.536000,0.000245
20761,14.536000,14.536000,0.000245
20762,14.536000,14.536000,0.000245
20763,14.536000,14.536000,0.000245
20764,14.536000,14.536000,0.000245
20765,14.536000,14.536000,0.000245
20766,14.536000,14.536000,0.000245
20767,14.536000,14.536000,0.000245
20768,14.536000,14.536000,0.000245
20769,14.536000,14.536000,0.000245
20770,14.536000,14.536000,0.000245
20771,14.536000,14.536000,0.000245
20772,14.536000,14.536000,0.000245
20773,14.536000,14.536000,0.000245
20774,14.536000,14.536000,0.000245
20775,14.536000,14.536000,0.000245
20776,14.536000,14.536000,0.000245
20777,14.536000,14.536000,0.000245
20778,14.536000,14.536000,0.000245
20779,14.536000,14.536000,0.000245
20780,14.536000,14.536000,0.000245
20781,14.536000,14.536000,0.000245
20782,14.536000,14.536000,0.000245
20783,14.536000,14.536000,0.000245
20784,14.536000,14.536000,0.000245
20785,14.536000,14.536000,0.000245
20786,14.536000,14.536000,0.000245
20787,14.536000,14.536000,0.000245
20788,14.536000,14.536000,0.000245
20789,14.536000,14.536000,0.000245
20790,14.536000,14.536000,0.000245
20791,14.536000,14.536000,0.000245
20792,14.536000,14.536000,0.000245
20793,14.536000,14.536000,0.000245
20794,14.536000,14.536000,0.000245
20795,14.536000,14.536000,0.000245
20796,14.536000,14.536000,0.000245
20797,14.536000,14.536000,0.000245
20798,14.536000,14.536000,0.000245
20799,14.536000,14.536000,0.000245
20800,14.536000,14.536000,0.000245
20801,14.536000,14.536000,0.000233
20802,14.536000,14.536000,0.000233
20803,14.536000,14.536000,0.000233
20804,14.536000,14.536000,0.000233
20805,14.536000,14.536000,0.000233
20806,14.536000,14.536000,0.000233
20807,14.536000,14.536000,0.000233
20808,14.536000,14.536000,0.000233
20809,14.536000,14.536000,0.000233
20810,14.536000,14.536000,0.000233
20811,14.536000,14.536000,0.000233
20812,14.536000,14.536000,0.000233
20813,14.536000,14.536000,0.000233
20814,14.536000,14.536000,0.000233
20815,14.536000,14.536000,0.000233
20816,14.536000,14.536000,0.000233
20817,14.536000,14.536000,0.000233
20818,14.536000,14.536000,0.000233
20819,14.536000,14.536000,0.000233
20820,14.536000,14.536000,0.000233
20821,14.536000,14.536000,0.000233
20822,14.536000,14.536000,0.000233
20823,14.536000,14.536000,0.000233
20824,14.536000,14.536000,0.000233
20825,14.536000,14.536000,0.000233
20826,14.536000,14.536000,0.000233
20827,14.536000,14.536000,0.000233
20828,14.536000,14.536000,0.000233
20829,14.536000,14.536000,0.000233
20830,14.536000,14.536000,0.000233
20831,14.536000,14.536000,0.000233
20832,14.536000,14.536000,0.000233
20833,14.536000,14.536000,0.000233
20834,14.536000,14.536000,0.000233
20835,14.536000,14.536000,0.000233
20836,14.536000,14.536000,0.000233
20837,14.536000,14.536000,0.000233
20838,14.536000,14.536000,0.000233
20839,14.536000,14.536000,0.000233
20840,14.536000,14.536000,0.000233
20841,14.536000,14.536000,0.000233
20842,14.536000,14.536000,0.000233
20843,14.536000,14.536000,0.000233
20844,14.536000,14.536000,0.000233
20845,14.536000,14.536000,0.000233
20846,14.536000,14.536000,0.000233
20847,14.536000,14.536000,0.000233
20848,14.536000,14.536000,0.000233
20849,14.536000,14.536000,0.000233
20850,14.536000,14.536000,0.000233
20851,14.536000,14.536000,0.000233
20852,14.536000,14.536000,0.000233
20853,14.536000,14.536000,0.000233
20854,14.536000,14.536000,0.000233
20855,14.536000,14.536000,0.000233
20856,14.536000,14.536000,0.000233
20857,14.536000,14.536000,0.000233
20858,14.536000,14.536000,0.000233
20859,14.536000,14.536000,0.000233
20860,14.536000,14.536000,0.000233
20861,14.536000,14.536000,0.000233
20862,14.536000,14.536000,0.000233
20863,14.536000,14.536000,0.000233
20864,14.536000,14.536000,0.000233
20865,14.536000,14.536000,0.000233
20866,14.536000,14.536000,0.000233
20867,14.536000,14.536000,0.000233
20868,14.536000,14.536000,0.000233
20869,14.536000,14.536000,0.000233
20870,14.536000,14.536000,0.000233
20871,14.536000,14.536000,0.000233
20872,14.536000,14.536000,0.000233
20873,14.536000,14.536000,0.000233
20874,14.536000,14.536000,0.000233
20875,14.536000,14.536000,0.000233
20876,14.536000,14.536000,0.000233
20877,14.536000,14.536000,0.000233
20878,14.536000,14.536000,0.000233
20879,14.536000,14.536000,0.000233
20880,14.536000,14.536000,0.000233
20881,14.536000,14.536000,0.000233
20882,14.536000,14.536000,0.000233
20883,14.536000,14.536000,0.000233
20884,14.536000,14.536000,0.000233
20885,14.536000,14.536000,0.000233
20886,14.536000,14.536000,0.000233
20887,14.536000,14.536000,0.000233
20888,14.536000,14.536000,0.000233
20889,14.536000,14.536000,0.000233
20890,14.536000,14.536000,0.000233
20891,14.536000,14.536000,0.000233
20892,14.536000,14.536000,0.000233
20893,14.536000,14.536000,0.000233
20894,14.536000,14.536000,0.000233
20895,14.536000,14.536000,0.000233
20896,14.536000,14.536000,0.000233
20897,14.536000,14.536000,0.000233
20898,14.536000,14.536000,0.000233
20899,14.536000,14.536000,0.000233
20900,14.536000,14.536000,0.000233
20901,14.536000,14.536000,0.000221
20902,14.536000,14.536000,0.000221
20903,14.536000,14.536000,0.000221
20904,14.536000,14.536000,0.000221
20905,14.536000,14.536000,0.000221
20906,14.536000,14.536000,0.000221
20907,14.536000,14.536000,0.000221
20908,14.536000,14.536000,0.000221
20909,14.536000,14.536000,0.000221
20910,14.536000,14.536000,0.000221
20911,14.536000,14.536000,0.000221
20912,14.536000,14.536000,0.000221
20913,14.536000,14.536000,0.000221
20914,14.536000,14.536000,0.000221
20915,14.536000,14.536000,0.000221
20916,14.536000,14.536000,0.000221
20917,14.536000,14.536000,0.000221
20918,14.536000,14.536000,0.000221
20919,14.536000,14.536000,0.000221
20920,14.536000,14.536000,0.000221
20921,14.536000,14.536000,0.000221
20922,14.536000,14.536000,0.000221
20923,14.536000,14.536000,0.000221
20924,14.536000,14.536000,0.000221
20925,14.536000,14.536000,0.000221
20926,14.536000,14.536000,0.000221
20927,14.536000,14.536000,0.000221
20928,14.536000,14.536000,0.000221
20929,14.536000,14.536000,0.000221
20930,14.536000,14.536000,0.000221
20931,14.536000,14.536000,0.000221
20932,14.536000,14.536000,0.000221
20933,14.536000,14.536000,0.000221
20934,14.536000,14.536000,0.000221
20935,14.536000,14.536000,0.000221
20936,14.536000,14.536000,0.000221
20937,14.536000,14.536000,0.000221
20938,14.536000,14.536000,0.000221
20939,14.536000,14.536000,0.000221
20940,14.536000,14.536000,0.000221
20941,14.536000,14.536000,0.000221
20942,14.536000,14.536000,0.000221
20943,14.536000,14.536000,0.000221
20944,14.536000,14.536000,0.000221
20945,14.536000,14.536000,0.000221
20946,14.536000,14.536000,0.000221
20947,14.536000,14.536000,0.000221
20948,14.536000,14.536000,0.000221
20949,14.536000,14.536000,0.000221
20950,14.536000,14.536000,0.000221
20951,14.536000,14.536000,0.000221
20952,14.536000,14.536000,0.000221
20953,14.536000,14.536000,0.000221
20954,14.536000,14.536000,0.000221
20955,14.536000,14.536000,0.000221
20956,14.536000,14.536000,0.000221
20957,14.536000,14.536000,0.000221
20958,14.536000,14.536000,0.000221
20959,14.536000,14.536000,0.000221
20960,14.536000,14.536000,0.000221
20961,14.536000,14.536000,0.000221
20962,14.536000,14.536000,0.000221
20963,14.536000,14.536000,0.000221
20964,14.536000,14.536000,0.000221
20965,14.536000,14.536000,0.000221
20966,14.536000,14.536000,0.000221
20967,14.536000,14.536000,0.000221
20968,14.536000,14.536000,0.000221
20969,14.536000,14.536000,0.000221
20970,14.536000,14.536000,0.000221
20971,14.536000,14.536000,0.000221
20972,14.536000,14.536000,0.000221
20973,14.536000,14.536000,0.000221
20974,14.536000,14.536000,0.000221
20975,14.536000,14.536000,0.000221
20976,14.536000,14.536000,0.000221
20977,14.536000,14.536000,0.000221
20978,14.536000,14.536000,0.000221
20979,14.536000,14.536000,0.000221
20980,14.536000,14.536000,0.000221
20981,14.536000,14.536000,0.000221
20982,14.536000,14.536000,0.000221
20983,14.536000,14.536000,0.000221
20984,14.536000,14.536000,0.000221
20985,14.536000,14.536000,0.000221
20986,14.536000,14.536000,0.000221
20987,14.536000,14.536000,0.000221
20988,14.536000,14.536000,0.000221
20989,14.536000,14.536000,0.000221
20990,14.536000,14.536000,0.000221
20991,14.536000,14.536000,0.000221
20992,14.536000,14.536000,0.000221
20993,14.536000,14.536000,0.000221
20994,14.536000,14.536000,0.000221
20995,14.536000,14.536000,0.000221
20996,14.536000,14.536000,0.000221
20997,14.536000,14.536000,0.000221
20998,14.536000,14.536000,0.000221
20999,14.536000,14.536000,0.000221
21000,14.536000,14.536000,0.000221
21001,14.536000,14.536000,0.000210
21002,14.536000,14.536000,0.000210
21003,14.536000,14.536000,0.000210
21004,14.536000,14.536000,0.000210
21005,14.536000,14.536000,0.000210
21006,14.536000,14.536000,0.000210
21007,14.536000,14.536000,0.000210
21008,14.536000,14.536000,0.000210
21009,14.536000,14.536000,0.000210
21010,14.536000,14.536000,0.000210
21011,14.536000,14.536000,0.000210
21012,14.536000,14.536000,0.000210
21013,14.536000,14.536000,0.000210
21014,14.536000,14.536000,0.000210
21015,14.536000,14.536000,0.000210
21016,14.536000,14.536000,0.000210
21017,14.536000,14.536000,0.000210
21018,14.536000,14.536000,0.000210
21019,14.536000,14.536000,0.000210
21020,14.536000,14.536000,0.000210
21021,14.536000,14.536000,0.000210
21022,14.536000,14.536000,0.000210
21023,14.536000,14.536000,0.000210
21024,14.536000,14.536000,0.000210
21025,14.536000,14.536000,0.000210
21026,14.536000,14.536000,0.000210
21027,14.536000,14.536000,0.000210
21028,14.536000,14.536000,0.000210
21029,14.536000,14.536000,0.000210
21030,14.536000,14.536000,0.000210
21031,14.536000,14.536000,0.000210
21032,14.536000,14.536000,0.000210
21033,14.536000,14.536000,0.000210
21034,14.536000,14.536000,0.000210
21035,14.536000,14.536000,0.000210
21036,14.536000,14.536000,0.000210
21037,14.536000,14.536000,0.000210
21038,14.536000,14.536000,0.000210
21039,14.536000,14.536000,0.000210
21040,14.536000,14.536000,0.000210
21041,14.536000,14.536000,0.000210
21042,14.536000,14.536000,0.000210
21043,14.536000,14.536000,0.000210
21044,14.536000,14.536000,0.000210
21045,14.536000,14.536000,0.000210
21046,14.536000,14.536000,0.000210
21047,14.536000,14.536000,0.000210
21048,14.536000,14.536000,0.000210
21049,14.536000,14.536000,0.000210
21050,14.536000,14.536000,0.000210
21051,14.536000,14.536000,0.000210
21052,14.536000,14.536000,0.000210
21053,14.536000,14.536000,0.000210
21054,14.536000,14.536000,0.000210
21055,14.536000,14.536000,0.000210
21056,14.536000,14.536000,0.000210
21057,14.536000,14.536000,0.000210
21058,14.536000,14.536000,0.000210
21059,14.536000,14.536000,0.000210
21060,14.536000,14.536000,0.000210
21061,14.536000,14.536000,0.000210
21062,14.536000,14.536000,0.000210
21063,14.536000,14.536000,0.000210
21064,14.536000,14.536000,0.000210
21065,14.536000,14.536000,0.000210
21066,14.536000,14.536000,0.000210
21067,14.536000,14.536000,0.000210
21068,14.536000,14.536000,0.000210
21069,14.536000,14.536000,0.000210
21070,14.536000,14.536000,0.000210
21071,14.536000,14.536000,0.000210
21072,14.536000,14.536000,0.000210
21073,14.536000,14.536000,0.000210
21074,14.536000,14.536000,0.000210
21075,14.536000,14.536000,0.000210
21076,14.536000,14.536000,0.000210
21077,14.536000,14.536000,0.000210
21078,14.536000,14.536000,0.000210
21079,14.536000,14.536000,0.000210
21080,14.536000,14.536000,0.000210
21081,14.536000,14.536000,0.000210
21082,14.536000,14.536000,0.000210
21083,14.536000,14.536000,0.000210
21084,14.536000,14.536000,0.000210
21085,14.536000,14.536000,0.000210
21086,14.536000,14.536000,0.000210
21087,14.536000,14.536000,0.000210
21088,14.536000,14.536000,0.000210
21089,14.536000,14.536000,0.000210
21090,14.536000,14.536000,0.000210
21091,14.536000,14.536000,0.000210
21092,14.536000,14.536000,0.000210
21093,14.536000,14.536000,0.000210
21094,14.536000,14.536000,0.000210
21095,14.536000,14.536000,0.000210
21096,14.536000,14.536000,0.000210
21097,14.536000,14.536000,0.000210
21098,14.536000,14.536000,0.000210
21099,14.536000,14.536000,0.000210
21100,14.536000,14.536000,0.000210
21101,14.536000,14.536000,0.000199
21102,14.536000,14.536000,0.000199
21103,14.536000,14.536000,0.000199
21104,14.536000,14.536000,0.000199
21105,14.536000,14.536000,0.000199
21106,14.536000,14.536000,0.000199
21107,14.536000,14.536000,0.000199
21108,14.536000,14.536000,0.000199
21109,14.536000,14.536000,0.000199
21110,14.536000,14.536000,0.000199
21111,14.536000,14.536000,0.000199
21112,14.536000,14.536000,0.000199
21113,14.536000,14.536000,0.000199
21114,14.536000,14.536000,0.000199
21115,14.536000,14.536000,0.000199
21116,14.536000,14.536000,0.000199
21117,14.536000,14.536000,0.000199
21118,14.536000,14.536000,0.000199
21119,14.536000,14.536000,0.000199
21120,14.536000,14.536000,0.000199
21121,14.536000,14.536000,0.000199
21122,14.536000,14.536000,0.000199
21123,14.536000,14.536000,0.000199
21124,14.536000,14.536000,0.000199
21125,14.536000,14.536000,0.000199
21126,14.536000,14.536000,0.000199
21127,14.536000,14.536000,0.000199
21128,14.536000,14.536000,0.000199
21129,14.536000,14.536000,0.000199
21130,14.536000,14.536000,0.000199
21131,14.536000,14.536000,0.000199
21132,14.536000,14.536000,0.000199
21133,14.536000,14.536000,0.000199
21134,14.536000,14.536000,0.000199
21135,14.536000,14.536000,0.000199
21136,14.536000,14.536000,0.000199
21137,14.536000,14.536000,0.000199
21138,14.536000,14.536000,0.000199
21139,14.536000,14.536000,0.000199
21140,14.536000,14.536000,0.000199
21141,14.536000,14.536000,0.000199
21142,14.536000,14.536000,0.000199
21143,14.536000,14.536000,0.000199
21144,14.536000,14.536000,0.000199
21145,14.536000,14.536000,0.000199
21146,14.536000,14.536000,0.000199
21147,14.536000,14.536000,0.000199
21148,14.536000,14.536000,0.000199
21149,14.536000,14.536000,0.000199
21150,14.536000,14.536000,0.000199
21151,14.536000,14.536000,0.000199
21152,14.536000,14.536000,0.000199
21153,14.536000,14.536000,0.000199
21154,14.536000,14.536000,0.000199
21155,14.536000,14.536000,0.000199
21156,14.536000,14.536000,0.000199
21157,14.536000,14.536000,0.000199
21158,14.536000,14.536000,0.000199
21159,14.536000,14.536000,0.000199
21160,14.536000,14.536000,0.000199
21161,14.536000,14.536000,0.000199
21162,14.536000,14.536000,0.000199
21163,14.536000,14.536000,0.000199
21164,14.536000,14.536000,0.000199
21165,14.536000,14.536000,0.000199
21166,14.536000,14.536000,0.000199
21167,14.536000,14.536000,0.000199
21168,14.536000,14.536000,0.000199
21169,14.536000,14.536000,0.000199
21170,14.536000,14.536000,0.000199
21171,14.536000,14.536000,0.000199
21172,14.536000,14.536000,0.000199
21173,14.536000,14.536000,0.000199
21174,14.536000,14.536000,0.000199
21175,14.536000,14.536000,0.000199
21176,14.536000,14.536000,0.000199
21177,14.536000,14.536000,0.000199
21178,14.536000,14.536000,0.000199
21179,14.536000,14.536000,0.000199
21180,14.536000,14.536000,0.000199
21181,14.536000,14.536000,0.000199
21182,14.536000,14.536000,0.000199
21183,14.536000,14.536000,0.000199
21184,14.536000,14.536000,0.000199
21185,14.536000,14.536000,0.000199
21186,14.536000,14.536000,0.000199
21187,14.536000,14.536000,0.000199
21188,14.536000,14.536000,0.000199
21189,14.536000,14.536000,0.000199
21190,14.536000,14.536000,0.000199
21191,14.536000,14.536000,0.000199
21192,14.536000,14.536000,0.000199
21193,14.536000,14.536000,0.000199
21194,14.536000,14.536000,0.000199
21195,14.536000,14.536000,0.000199
21196,14.536000,14.536000,0.000199
21197,14.536000,14.536000,0.000199
21198,14.536000,14.536000,0.000199
21199,14.536000,14.536000,0.000199
21200,14.536000,14.536000,0.000199
21201,14.536000,14.536000,0.000189
21202,14.536000,14.536000,0.000189
21203,14.536000,14.536000,0.000189
21204,14.536000,14.536000,0.000189
21205,14.536000,14.536000,0.000189
21206,14.536000,14.536000,0.000189
21207,14.536000,14.536000,0.000189
21208,14.536000,14.536000,0.000189
21209,14.536000,14.536000,0.000189
21210,14.536000,14.536000,0.000189
21211,14.536000,14.536000,0.000189
21212,14.536000,14.536000,0.000189
21213,14.536000,14.536000,0.000189
21214,14.536000,14.536000,0.000189
21215,14.536000,14.536000,0.000189
21216,14.536000,14.536000,0.000189
21217,14.536000,14.536000,0.000189
21218,14.536000,14.536000,0.000189
21219,14.536000,14.536000,0.000189
21220,14.536000,14.536000,0.000189
21221,14.536000,14.536000,0.000189
21222,14.536000,14.536000,0.000189
21223,14.536000,14.536000,0.000189
21224,14.536000,14.536000,0.000189
21225,14.536000,14.536000,0.000189
21226,14.536000,14.536000,0.000189
21227,14.536000,14.536000,0.000189
21228,14.536000,14.536000,0.000189
21229,14.536000,14.536000,0.000189
21230,14.536000,14.536000,0.000189
21231,14.536000,14.536000,0.000189
21232,14.536000,14.536000,0.000189
21233,14.536000,14.536000,0.000189
21234,14.536000,14.536000,0.000189
21235,14.536000,14.536000,0.000189
21236,14.536000,14.536000,0.000189
21237,14.536000,14.536000,0.000189
21238,14.536000,14.536000,0.000189
21239,14.536000,14.536000,0.000189
21240,14.536000,14.536000,0.000189
21241,14.536000,14.536000,0.000189
21242,14.536000,14.536000,0.000189
21243,14.536000,14.536000,0.000189
21244,14.536000,14.536000,0.000189
21245,14.536000,14.536000,0.000189
21246,14.536000,14.536000,0.000189
21247,14.536000,14.536000,0.000189
21248,14.536000,14.536000,0.000189
21249,14.536000,14.536000,0.000189
21250,14.536000,14.536000,0.000189
21251,14.536000,14.536000,0.000189
21252,14.536000,14.536000,0.000189
21253,14.536000,14.536000,0.000189
21254,14.536000,14.536000,0.000189
21255,14.536000,14.536000,0.000189
21256,14.536000,14.536000,0.000189
21257,14.536000,14.536000,0.000189
21258,14.536000,14.536000,0.000189
21259,14.536000,14.536000,0.000189
21260,14.536000,14.536000,0.000189
21261,14.536000,14.536000,0.000189
21262,14.536000,14.536000,0.000189
21263,14.536000,14.536000,0.000189
21264,14.536000,14.536000,0.000189
21265,14.536000,14.536000,0.000189
21266,14.536000,14.536000,0.000189
21267,14.536000,14.536000,0.000189
21268,14.536000,14.536000,0.000189
21269,14.536000,14.536000,0.000189
21270,14.536000,14.536000,0.000189
21271,14.536000,14.536000,0.000189
21272,14.536000,14.536000,0.000189
21273,14.536000,14.536000,0.000189
21274,14.536000,14.536000,0.000189
21275,14.536000,14.536000,0.000189
21276,14.536000,14.536000,0.000189
21277,14.536000,14.536000,0.000189
21278,14.536000,14.536000,0.000189
21279,14.536000,14.536000,0.000189
21280,14.536000,14.536000,0.000189
21281,14.536000,14.536000,0.000189
21282,14.536000,14.536000,0.000189
21283,14.536000,14.536000,0.000189
21284,14.536000,14.536000,0.000189
21285,14.536000,14.536000,0.000189
21286,14.536000,14.536000,0.000189
21287,14.536000,14.536000,0.000189
21288,14.536000,14.536000,0.000189
21289,14.536000,14.536000,0.000189
21290,14.536000,14.536000,0.000189
21291,14.536000,14.536000,0.000189
21292,14.536000,14.536000,0.000189
21293,14.536000,14.536000,0.000189
21294,14.536000,14.536000,0.000189
21295,14.536000,14.536000,0.000189
21296,14.536000,14.536000,0.000189
21297,14.536000,14.536000,0.000189
21298,14.536000,14.536000,0.000189
21299,14.536000,14.536000,0.000189
21300,14.536000,14.536000,0.000189
21301,14.536000,14.536000,0.000180
21302,14.536000,14.536000,0.000180
21303,14.536000,14.536000,0.000180
21304,14.536000,14.536000,0.000180
21305,14.536000,14.536000,0.000180
21306,14.536000,14.536000,0.000180
21307,14.536000,14.536000,0.000180
21308,14.536000,14.536000,0.000180
21309,14.536000,14.536000,0.000180
21310,14.536000,14.536000,0.000180
21311,14.536000,14.536000,0.000180
21312,14.536000,14.536000,0.000180
21313,14.536000,14.536000,0.000180
21314,14.536000,14.536000,0.000180
21315,14.536000,14.536000,0.000180
21316,14.536000,14.536000,0.000180
21317,14.536000,14.536000,0.000180
21318,14.536000,14.536000,0.000180
21319,14.536000,14.536000,0.000180
21320,14.536000,14.536000,0.000180
21321,14.536000,14.536000,0.000180
21322,14.536000,14.536000,0.000180
21323,14.536000,14.536000,0.000180
21324,14.536000,14.536000,0.000180
21325,14.536000,14.536000,0.000180
21326,14.536000,14.536000,0.000180
21327,14.536000,14.536000,0.000180
21328,14.536000,14.536000,0.000180
21329,14.536000,14.536000,0.000180
21330,14.536000,14.536000,0.000180
21331,14.536000,14.536000,0.000180
21332,14.536000,14.536000,0.000180
21333,14.536000,14.536000,0.000180
21334,14.536000,14.536000,0.000180
21335,14.536000,14.536000,0.000180
21336,14.536000,14.536000,0.000180
21337,14.536000,14.536000,0.000180
21338,14.536000,14.536000,0.000180
21339,14.536000,14.536000,0.000180
21340,14.536000,14.536000,0.000180
21341,14.536000,14.536000,0.000180
21342,14.536000,14.536000,0.000180
21343,14.536000,14.536000,0.000180
21344,14.536000,14.536000,0.000180
21345,14.536000,14.536000,0.000180
21346,14.536000,14.536000,0.000180
21347,14.536000,14.536000,0.000180
21348,14.536000,14.536000,0.000180
21349,14.536000,14.536000,0.000180
21350,14.536000,14.536000,0.000180
21351,14.536000,14.536000,0.000180
21352,14.536000,14.536000,0.000180
21353,14.536000,14.536000,0.000180
21354,14.536000,14.536000,0.000180
21355,14.536000,14.536000,0.000180
21356,14.536000,14.536000,0.000180
21357,14.536000,14.536000,0.000180
21358,14.536000,14.536000,0.000180
21359,14.536000,14.536000,0.000180
21360,14.536000,14.536000,0.000180
21361,14.536000,14.536000,0.000180
21362,14.536000,14.536000,0.000180
21363,14.536000,14.536000,0.000180
21364,14.536000,14.536000,0.000180
21365,14.536000,14.536000,0.000180
21366,14.536000,14.536000,0.000180
21367,14.536000,14.536000,0.000180
21368,14.536000,14.536000,0.000180
21369,14.536000,14.536000,0.000180
21370,14.536000,14.536000,0.000180
21371,14.536000,14.536000,0.000180
21372,14.536000,14.536000,0.000180
21373,14.536000,14.536000,0.000180
21374,14.536000,14.536000,0.000180
21375,14.536000,14.536000,0.000180
21376,14.536000,14.536000,0.000180
21377,14.536000,14.536000,0.000180
21378,14.536000,14.536000,0.000180
21379,14.536000,14.536000,0.000180
21380,14.536000,14.536000,0.000180
21381,14.536000,14.536000,0.000180
21382,14.536000,14.536000,0.000180
21383,14.536000,14.536000,0.000180
21384,14.536000,14.536000,0.000180
21385,14.536000,14.536000,0.000180
21386,14.536000,14.536000,0.000180
21387,14.536000,14.536000,0.000180
21388,14.536000,14.536000,0.000180
21389,14.536000,14.536000,0.000180
21390,14.536000,14.536000,0.000180
21391,14.536000,14.536000,0.000180
21392,14.536000,14.536000,0.000180
21393,14.536000,14.536000,0.000180
21394,14.536000,14.536000,0.000180
21395,14.536000,14.536000,0.000180
21396,14.536000,14.536000,0.000180
21397,14.536000,14.536000,0.000180
21398,14.536000,14.536000,0.000180
21399,14.536000,14.536000,0.000180
21400,14.536000,14.536000,0.000180
21401,14.536000,14.536000,0.000171
21402,14.536000,14.536000,0.000171
21403,14.536000,14.536000,0.000171
21404,14.536000,14.536000,0.000171
21405,14.536000,14.536000,0.000171
21406,14.536000,14.536000,0.000171
21407,14.536000,14.536000,0.000171
21408,14.536000,14.536000,0.000171
21409,14.536000,14.536000,0.000171
21410,14.536000,14.536000,0.000171
21411,14.536000,14.536000,0.000171
21412,14.536000,14.536000,0.000171
21413,14.536000,14.536000,0.000171
21414,14.536000,14.536000,0.000171
21415,14.536000,14.536000,0.000171
21416,14.536000,14.536000,0.000171
21417,14.536000,14.536000,0.000171
21418,14.536000,14.536000,0.000171
21419,14.536000,14.536000,0.000171
21420,14.536000,14.536000,0.000171
21421,14.536000,14.536000,0.000171
21422,14.536000,14.536000,0.000171
21423,14.536000,14.536000,0.000171
21424,14.536000,14.536000,0.000171
21425,14.536000,14.536000,0.000171
21426,14.536000,14.536000,0.000171
21427,14.536000,14.536000,0.000171
21428,14.536000,14.536000,0.000171
21429,14.536000,14.536000,0.000171
21430,14.536000,14.536000,0.000171
21431,14.536000,14.536000,0.000171
21432,14.536000,14.536000,0.000171
21433,14.536000,14.536000,0.000171
21434,14.536000,14.536000,0.000171
21435,14.536000,14.536000,0.000171
21436,14.536000,14.536000,0.000171
21437,14.536000,14.536000,0.000171
21438,14.536000,14.536000,0.000171
21439,14.536000,14.536000,0.000171
21440,14.536000,14.536000,0.000171
21441,14.536000,14.536000,0.000171
21442,14.536000,14.536000,0.000171
21443,14.536000,14.536000,0.000171
21444,14.536000,14.536000,0.000171
21445,14.536000,14.536000,0.000171
21446,14.536000,14.536000,0.000171
21447,14.536000,14.536000,0.000171
21448,14.536000,14.536000,0.000171
21449,14.536000,14.536000,0.000171
21450,14.536000,14.536000,0.000171
21451,14.536000,14.536000,0.000171
21452,14.536000,14.536000,0.000171
21453,14.536000,14.536000,0.000171
21454,14.536000,14.536000,0.000171
21455,14.536000,14.536000,0.000171
21456,14.536000,14.536000,0.000171
21457,14.536000,14.536000,0.000171
21458,14.536000,14.536000,0.000171
21459,14.536000,14.536000,0.000171
21460,14.536000,14.536000,0.000171
21461,14.536000,14.536000,0.000171
21462,14.536000,14.536000,0.000171
21463,14.536000,14.536000,0.000171
21464,14.536000,14.536000,0.000171
21465,14.536000,14.536000,0.000171
21466,14.536000,14.536000,0.000171
21467,14.536000,14.536000,0.000171
21468,14.536000,14.536000,0.000171
21469,14.536000,14.536000,0.000171
21470,14.536000,14.536000,0.000171
21471,14.536000,14.536000,0.000171
21472,14.536000,14.536000,0.000171
21473,14.536000,14.536000,0.000171
21474,14.536000,14.536000,0.000171
21475,14.536000,14.536000,0.000171
21476,14.536000,14.536000,0.000171
21477,14.536000,14.536000,0.000171
21478,14.536000,14.536000,0.000171
21479,14.536000,14.536000,0.000171
21480,14.536000,14.536000,0.000171
21481,14.536000,14.536000,0.000171
21482,14.536000,14.536000,0.000171
21483,14.536000,14.536000,0.000171
21484,14.536000,14.536000,0.000171
21485,14.536000,14.536000,0.000171
21486,14.536000,14.536000,0.000171
21487,14.536000,14.536000,0.000171
21488,14.536000,14.536000,0.000171
21489,14.536000,14.536000,0.000171
21490,14.536000,14.536000,0.000171
21491,14.536000,14.536000,0.000171
21492,14.536000,14.536000,0.000171
21493,14.536000,14.536000,0.000171
21494,14.536000,14.536000,0.000171
21495,14.536000,14.536000,0.000171
21496,14.536000,14.536000,0.000171
21497,14.536000,14.536000,0.000171
21498,14.536000,14.536000,0.000171
21499,14.536000,14.536000,0.000171
21500,14.536000,14.536000,0.000171
21501,14.536000,14.536000,0.000162
21502,14.536000,14.536000,0.000162
21503,14.536000,14.536000,0.000162
21504,14.536000,14.536000,0.000162
21505,14.536000,14.536000,0.000162
21506,14.536000,14.536000,0.000162
21507,14.536000,14.536000,0.000162
21508,14.536000,14.536000,0.000162
21509,14.536000,14.536000,0.000162
21510,14.536000,14.536000,0.000162
21511,14.536000,14.536000,0.000162
21512,14.536000,14.536000,0.000162
21513,14.536000,14.536000,0.000162
21514,14.536000,14.536000,0.000162
21515,14.536000,14.536000,0.000162
21516,14.536000,14.536000,0.000162
21517,14.536000,14.536000,0.000162
21518,14.536000,14.536000,0.000162
21519,14.536000,14.536000,0.000162
21520,14.536000,14.536000,0.000162
21521,14.536000,14.536000,0.000162
21522,14.536000,14.536000,0.000162
21523,14.536000,14.536000,0.000162
21524,14.536000,14.536000,0.000162
21525,14.536000,14.536000,0.000162
21526,14.536000,14.536000,0.000162
21527,14.536000,14.536000,0.000162
21528,14.536000,14.536000,0.000162
21529,14.536000,14.536000,0.000162
21530,14.536000,14.536000,0.000162
21531,14.536000,14.536000,0.000162
21532,14.536000,14.536000,0.000162
21533,14.536000,14.536000,0.000162
21534,14.536000,14.536000,0.000162
21535,14.536000,14.536000,0.000162
21536,14.536000,14.536000,0.000162
21537,14.536000,14.536000,0.000162
21538,14.536000,14.536000,0.000162
21539,14.536000,14.536000,0.000162
21540,14.536000,14.536000,0.000162
21541,14.536000,14.536000,0.000162
21542,14.536000,14.536000,0.000162
21543,14.536000,14.536000,0.000162
21544,14.536000,14.536000,0.000162
21545,14.536000,14.536000,0.000162
21546,14.536000,14.536000,0.000162
21547,14.536000,14.536000,0.000162
21548,14.536000,14.536000,0.000162
21549,14.536000,14.536000,0.000162
21550,14.536000,14.536000,0.000162
21551,14.536000,14.536000,0.000162
21552,14.536000,14.536000,0.000162
21553,14.536000,14.536000,0.000162
21554,14.536000,14.536000,0.000162
21555,14.536000,14.536000,0.000162
21556,14.536000,14.536000,0.000162
21557,14.536000,14.536000,0.000162
21558,14.536000,14.536000,0.000162
21559,14.536000,14.536000,0.000162
21560,14.536000,14.536000,0.000162
21561,14.536000,14.536000,0.000162
21562,14.536000,14.536000,0.000162
21563,14.536000,14.536000,0.000162
21564,14.536000,14.536000,0.000162
21565,14.536000,14.536000,0.000162
21566,14.536000,14.536000,0.000162
21567,14.536000,14.536000,0.000162
21568,14.536000,14.536000,0.000162
21569,14.536000,14.536000,0.000162
21570,14.536000,14.536000,0.000162
21571,14.536000,14.536000,0.000162
21572,14.536000,14.536000,0.000162
21573,14.536000,14.536000,0.000162
21574,14.536000,14.536000,0.000162
21575,14.536000,14.536000,0.000162
21576,14.536000,14.536000,0.000162
21577,14.536000,14.536000,0.000162
21578,14.536000,14.536000,0.000162
21579,14.536000,14.536000,0.000162
21580,14.536000,14.536000,0.000162
21581,14.536000,14.536000,0.000162
21582,14.536000,14.536000,0.000162
21583,14.536000,14.536000,0.000162
21584,14.536000,14.536000,0.000162
21585,14.536000,14.536000,0.000162
21586,14.536000,14.536000,0.000162
21587,14.536000,14.536000,0.000162
21588,14.536000,14.536000,0.000162
21589,14.536000,14.536000,0.000162
21590,14.536000,14.536000,0.000162
21591,14.536000,14.536000,0.000162
21592,14.536000,14.536000,0.000162
21593,14.536000,14.536000,0.000162
21594,14.536000,14.536000,0.000162
21595,14.536000,14.536000,0.000162
21596,14.536000,14.536000,0.000162
21597,14.536000,14.536000,0.000162
21598,14.536000,14.536000,0.000162
21599,14.536000,14.536000,0.000162
21600,14.536000,14.536000,0.000162
21601,14.536000,14.536000,0.000154
21602,14.536000,14.536000,0.000154
21603,14.536000,14.536000,0.000154
21604,14.536000,14.536000,0.000154
21605,14.536000,14.536000,0.000154
21606,14.536000,14.536000,0.000154
21607,14.536000,14.536000,0.000154
21608,14.536000,14.536000,0.000154
21609,14.536000,14.536000,0.000154
21610,14.536000,14.536000,0.000154
21611,14.536000,14.536000,0.000154
21612,14.536000,14.536000,0.000154
21613,14.536000,14.536000,0.000154
21614,14.536000,14.536000,0.000154
21615,14.536000,14.536000,0.000154
21616,14.536000,14.536000,0.000154
21617,14.536000,14.536000,0.000154
21618,14.536000,14.536000,0.000154
21619,14.536000,14.536000,0.000154
21620,14.536000,14.536000,0.000154
21621,14.536000,14.536000,0.000154
21622,14.536000,14.536000,0.000154
21623,14.536000,14.536000,0.000154
21624,14.536000,14.536000,0.000154
21625,14.536000,14.536000,0.000154
21626,14.536000,14.536000,0.000154
21627,14.536000,14.536000,0.000154
21628,14.536000,14.536000,0.000154
21629,14.536000,14.536000,0.000154
21630,14.536000,14.536000,0.000154
21631,14.536000,14.536000,0.000154
21632,14.536000,14.536000,0.000154
21633,14.536000,14.536000,0.000154
21634,14.536000,14.536000,0.000154
21635,14.536000,14.536000,0.000154
21636,14.536000,14.536000,0.000154
21637,14.536000,14.536000,0.000154
21638,14.536000,14.536000,0.000154
21639,14.536000,14.536000,0.000154
21640,14.536000,14.536000,0.000154
21641,14.536000,14.536000,0.000154
21642,14.536000,14.536000,0.000154
21643,14.536000,14.536000,0.000154
21644,14.536000,14.536000,0.000154
21645,14.536000,14.536000,0.000154
21646,14.536000,14.536000,0.000154
21647,14.536000,14.536000,0.000154
21648,14.536000,14.536000,0.000154
21649,14.536000,14.536000,0.000154
21650,14.536000,14.536000,0.000154
21651,14.536000,14.536000,0.000154
21652,14.536000,14.536000,0.000154
21653,14.536000,14.536000,0.000154
21654,14.536000,14.536000,0.000154
21655,14.536000,14.536000,0.000154
21656,14.536000,14.536000,0.000154
21657,14.536000,14.536000,0.000154
21658,14.536000,14.536000,0.000154
21659,14.536000,14.536000,0.000154
21660,14.536000,14.536000,0.000154
21661,14.536000,14.536000,0.000154
21662,14.536000,14.536000,0.000154
21663,14.536000,14.536000,0.000154
21664,14.536000,14.536000,0.000154
21665,14.536000,14.536000,0.000154
21666,14.536000,14.536000,0.000154
21667,14.536000,14.536000,0.000154
21668,14.536000,14.536000,0.000154
21669,14.536000,14.536000,0.000154
21670,14.536000,14.536000,0.000154
21671,14.536000,14.536000,0.000154
21672,14.536000,14.536000,0.000154
21673,14.536000,14.536000,0.000154
21674,14.536000,14.536000,0.000154
21675,14.536000,14.536000,0.000154
21676,14.536000,14.536000,0.000154
21677,14.536000,14.536000,0.000154
21678,14.536000,14.536000,0.000154
21679,14.536000,14.536000,0.000154
21680,14.536000,14.536000,0.000154
21681,14.536000,14.536000,0.000154
21682,14.536000,14.536000,0.000154
21683,14.536000,14.536000,0.000154
21684,14.536000,14.536000,0.000154
21685,14.536000,14.536000,0.000154
21686,14.536000,14.536000,0.000154
21687,14.536000,14.536000,0.000154
21688,14.536000,14.536000,0.000154
21689,14.536000,14.536000,0.000154
21690,14.536000,14.536000,0.000154
21691,14.536000,14.536000,0.000154
21692,14.536000,14.536000,0.000154
21693,14.536000,14.536000,0.000154
21694,14.536000,14.536000,0.000154
21695,14.536000,14.536000,0.000154
21696,14.536000,14.536000,0.000154
21697,14.536000,14.536000,0.000154
21698,14.536000,14.536000,0.000154
21699,14.536000,14.536000,0.000154
21700,14.536000,14.536000,0.000154
21701,14.536000,14.536000,0.000147
21702,14.536000,14.536000,0.000147
21703,14.536000,14.536000,0.000147
21704,14.536000,14.536000,0.000147
21705,14.536000,14.536000,0.000147
21706,14.536000,14.536000,0.000147
21707,14.536000,14.536000,0.000147
21708,14.536000,14.536000,0.000147
21709,14.536000,14.536000,0.000147
21710,14.536000,14.536000,0.000147
21711,14.536000,14.536000,0.000147
21712,14.536000,14.536000,0.000147
21713,14.536000,14.536000,0.000147
21714,14.536000,14.536000,0.000147
21715,14.536000,14.536000,0.000147
21716,14.536000,14.536000,0.000147
21717,14.536000,14.536000,0.000147
21718,14.536000,14.536000,0.000147
21719,14.536000,14.536000,0.000147
21720,14.536000,14.536000,0.000147
21721,14.536000,14.536000,0.000147
21722,14.536000,14.536000,0.000147
21723,14.536000,14.536000,0.000147
21724,14.536000,14.536000,0.000147
21725,14.536000,14.536000,0.000147
21726,14.536000,14.536000,0.000147
21727,14.536000,14.536000,0.000147
21728,14.536000,14.536000,0.000147
21729,14.536000,14.536000,0.000147
21730,14.536000,14.536000,0.000147
21731,14.536000,14.536000,0.000147
21732,14.536000,14.536000,0.000147
21733,14.536000,14.536000,0.000147
21734,14.536000,14.536000,0.000147
21735,14.536000,14.536000,0.000147
21736,14.536000,14.536000,0.000147
21737,14.536000,14.536000,0.000147
21738,14.536000,14.536000,0.000147
21739,14.536000,14.536000,0.000147
21740,14.536000,14.536000,0.000147
21741,14.536000,14.536000,0.000147
21742,14.536000,14.536000,0.000147
21743,14.536000,14.536000,0.000147
21744,14.536000,14.536000,0.000147
21745,14.536000,14.536000,0.000147
21746,14.536000,14.536000,0.000147
21747,14.536000,14.536000,0.000147
21748,14.536000,14.536000,0.000147
21749,14.536000,14.536000,0.000147
21750,14.536000,14.536000,0.000147
21751,14.536000,14.536000,0.000147
21752,14.536000,14.536000,0.000147
21753,14.536000,14.536000,0.000147
21754,14.536000,14.536000,0.000147
21755,14.536000,14.536000,0.000147
21756,14.536000,14.536000,0.000147
21757,14.536000,14.536000,0.000147
21758,14.536000,14.536000,0.000147
21759,14.536000,14.536000,0.000147
21760,14.536000,14.536000,0.000147
21761,14.536000,14.536000,0.000147
21762,14.536000,14.536000,0.000147
21763,14.536000,14.536000,0.000147
21764,14.536000,14.536000,0.000147
21765,14.536000,14.536000,0.000147
21766,14.536000,14.536000,0.000147
21767,14.536000,14.536000,0.000147
21768,14.536000,14.536000,0.000147
21769,14.536000,14.536000,0.000147
21770,14.536000,14.536000,0.000147
21771,14.536000,14.536000,0.000147
21772,14.536000,14.536000,0.000147
21773,14.536000,14.536000,0.000147
21774,14.536000,14.536000,0.000147
21775,14.536000,14.536000,0.000147
21776,14.536000,14.536000,0.000147
21777,14.536000,14.536000,0.000147
21778,14.536000,14.536000,0.000147
21779,14.536000,14.536000,0.000147
21780,14.536000,14.536000,0.000147
21781,14.536000,14.536000,0.000147
21782,14.536000,14.536000,0.000147
21783,14.536000,14.536000,0.000147
21784,14.536000,14.536000,0.000147
21785,14.536000,14.536000,0.000147
21786,14.536000,14.536000,0.000147
21787,14.536000,14.536000,0.000147
21788,14.536000,14.536000,0.000147
21789,14.536000,14.536000,0.000147
21790,14.536000,14.536000,0.000147
21791,14.536000,14.536000,0.000147
21792,14.536000,14.536000,0.000147
21793,14.536000,14.536000,0.000147
21794,14.536000,14.536000,0.000147
21795,14.536000,14.536000,0.000147
21796,14.536000,14.536000,0.000147
21797,14.536000,14.536000,0.000147
21798,14.536000,14.536000,0.000147
21799,14.536000,14.536000,0.000147
21800,14.536000,14.536000,0.000147
21801,14.536000,14.536000,0.000139
21802,14.536000,14.536000,0.000139
21803,14.536000,14.536000,0.000139
21804,14.536000,14.536000,0.000139
21805,14.536000,14.536000,0.000139
21806,14.536000,14.536000,0.000139
21807,14.536000,14.536000,0.000139
21808,14.536000,14.536000,0.000139
21809,14.536000,14.536000,0.000139
21810,14.536000,14.536000,0.000139
21811,14.536000,14.536000,0.000139
21812,14.536000,14.536000,0.000139
21813,14.536000,14.536000,0.000139
21814,14.536000,14.536000,0.000139
21815,14.536000,14.536000,0.000139
21816,14.536000,14.536000,0.000139
21817,14.536000,14.536000,0.000139
21818,14.536000,14.536000,0.000139
21819,14.536000,14.536000,0.000139
21820,14.536000,14.536000,0.000139
21821,14.536000,14.536000,0.000139
21822,14.536000,14.536000,0.000139
21823,14.536000,14.536000,0.000139
21824,14.536000,14.536000,0.000139
21825,14.536000,14.536000,0.000139
21826,14.536000,14.536000,0.000139
21827,14.536000,14.536000,0.000139
21828,14.536000,14.536000,0.000139
21829,14.536000,14.536000,0.000139
21830,14.536000,14.536000,0.000139
21831,14.536000,14.536000,0.000139
21832,14.536000,14.536000,0.000139
21833,14.536000,14.536000,0.000139
21834,14.536000,14.536000,0.000139
21835,14.536000,14.536000,0.000139
21836,14.536000,14.536000,0.000139
21837,14.536000,14.536000,0.000139
21838,14.536000,14.536000,0.000139
21839,14.536000,14.536000,0.000139
21840,14.536000,14.536000,0.000139
21841,14.536000,14.536000,0.000139
21842,14.536000,14.536000,0.000139
21843,14.536000,14.536000,0.000139
21844,14.536000,14.536000,0.000139
21845,14.536000,14.536000,0.000139
21846,14.536000,14.536000,0.000139
21847,14.536000,14.536000,0.000139
21848,14.536000,14.536000,0.000139
21849,14.536000,14.536000,0.000139
21850,14.536000,14.536000,0.000139
21851,14.536000,14.536000,0.000139
21852,14.536000,14.536000,0.000139
21853,14.536000,14.536000,0.000139
21854,14.536000,14.536000,0.000139
21855,14.536000,14.536000,0.000139
21856,14.536000,14.536000,0.000139
21857,14.536000,14.536000,0.000139
21858,14.536000,14.536000,0.000139
21859,14.536000,14.536000,0.000139
21860,14.536000,14.536000,0.000139
21861,14.536000,14.536000,0.000139
21862,14.536000,14.536000,0.000139
21863,14.536000,14.536000,0.000139
21864,14.536000,14.536000,0.000139
21865,14.536000,14.536000,0.000139
21866,14.536000,14.536000,0.000139
21867,14.536000,14.536000,0.000139
21868,14.536000,14.536000,0.000139
21869,14.536000,14.536000,0.000139
21870,14.536000,14.536000,0.000139
21871,14.536000,14.536000,0.000139
21872,14.536000,14.536000,0.000139
21873,14.536000,14.536000,0.000139
21874,14.536000,14.536000,0.000139
21875,14.536000,14.536000,0.000139
21876,14.536000,14.536000,0.000139
21877,14.536000,14.536000,0.000139
21878,14.536000,14.536000,0.000139
21879,14.536000,14.536000,0.000139
21880,14.536000,14.536000,0.000139
21881,14.536000,14.536000,0.000139
21882,14.536000,14.536000,0.000139
21883,14.536000,14.536000,0.000139
21884,14.536000,14.536000,0.000139
21885,14.536000,14.536000,0.000139
21886,14.536000,14.536000,0.000139
21887,14.536000,14.536000,0.000139
21888,14.536000,14.536000,0.000139
21889,14.536000,14.536000,0.000139
21890,14.536000,14.536000,0.000139
21891,14.536000,14.536000,0.000139
21892,14.536000,14.536000,0.000139
21893,14.536000,14.536000,0.000139
21894,14.536000,14.536000,0.000139
21895,14.536000,14.536000,0.000139
21896,14.536000,14.536000,0.000139
21897,14.536000,14.536000,0.000139
21898,14.536000,14.536000,0.000139
21899,14.536000,14.536000,0.000139
21900,14.536000,14.536000,0.000139
21901,14.536000,14.536000,0.000132
21902,14.536000,14.536000,0.000132
21903,14.536000,14.536000,0.000132
21904,14.536000,14.536000,0.000132
21905,14.536000,14.536000,0.000132
21906,14.536000,14.536000,0.000132
21907,14.536000,14.536000,0.000132
21908,14.536000,14.536000,0.000132
21909,14.536000,14.536000,0.000132
21910,14.536000,14.536000,0.000132
21911,14.536000,14.536000,0.000132
21912,14.536000,14.536000,0.000132
21913,14.536000,14.536000,0.000132
21914,14.536000,14.536000,0.000132
21915,14.536000,14.536000,0.000132
21916,14.536000,14.536000,0.000132
21917,14.536000,14.536000,0.000132
21918,14.536000,14.536000,0.000132
21919,14.536000,14.536000,0.000132
21920,14.536000,14.536000,0.000132
21921,14.536000,14.536000,0.000132
21922,14.536000,14.536000,0.000132
21923,14.536000,14.536000,0.000132
21924,14.536000,14.536000,0.000132
21925,14.536000,14.536000,0.000132
21926,14.536000,14.536000,0.000132
21927,14.536000,14.536000,0.000132
21928,14.536000,14.536000,0.000132
21929,14.536000,14.536000,0.000132
21930,14.536000,14.536000,0.000132
21931,14.536000,14.536000,0.000132
21932,14.536000,14.536000,0.000132
21933,14.536000,14.536000,0.000132
21934,14.536000,14.536000,0.000132
21935,14.536000,14.536000,0.000132
21936,14.536000,14.536000,0.000132
21937,14.536000,14.536000,0.000132
21938,14.536000,14.536000,0.000132
21939,14.536000,14.536000,0.000132
21940,14.536000,14.536000,0.000132
21941,14.536000,14.536000,0.000132
21942,14.536000,14.536000,0.000132
21943,14.536000,14.536000,0.000132
21944,14.536000,14.536000,0.000132
21945,14.536000,14.536000,0.000132
21946,14.536000,14.536000,0.000132
21947,14.536000,14.536000,0.000132
21948,14.536000,14.536000,0.000132
21949,14.536000,14.536000,0.000132
21950,14.536000,14.536000,0.000132
21951,14.536000,14.536000,0.000132
21952,14.536000,14.536000,0.000132
21953,14.536000,14.536000,0.000132
21954,14.536000,14.536000,0.000132
21955,14.536000,14.536000,0.000132
21956,14.536000,14.536000,0.000132
21957,14.536000,14.536000,0.000132
21958,14.536000,14.536000,0.000132
21959,14.536000,14.536000,0.000132
21960,14.536000,14.536000,0.000132
21961,14.536000,14.536000,0.000132
21962,14.536000,14.536000,0.000132
21963,14.536000,14.536000,0.000132
21964,14.536000,14.536000,0.000132
21965,14.536000,14.536000,0.000132
21966,14.536000,14.536000,0.000132
21967,14.536000,14.536000,0.000132
21968,14.536000,14.536000,0.000132
21969,14.536000,14.536000,0.000132
21970,14.536000,14.536000,0.000132
21971,14.536000,14.536000,0.000132
21972,14.536000,14.536000,0.000132
21973,14.536000,14.536000,0.000132
21974,14.536000,14.536000,0.000132
21975,14.536000,14.536000,0.000132
21976,14.536000,14.536000,0.000132
21977,14.536000,14.536000,0.000132
21978,14.536000,14.536000,0.000132
21979,14.536000,14.536000,0.000132
21980,14.536000,14.536000,0.000132
21981,14.536000,14.536000,0.000132
21982,14.536000,14.536000,0.000132
21983,14.536000,14.536000,0.000132
21984,14.536000,14.536000,0.000132
21985,14.536000,14.536000,0.000132
21986,14.536000,14.536000,0.000132
21987,14.536000,14.536000,0.000132
21988,14.536000,14.536000,0.000132
21989,14.536000,14.536000,0.000132
21990,14.536000,14.536000,0.000132
21991,14.536000,14.536000,0.000132
21992,14.536000,14.536000,0.000132
21993,14.536000,14.536000,0.000132
21994,14.536000,14.536000,0.000132
21995,14.536000,14.536000,0.000132
21996,14.536000,14.536000,0.000132
21997,14.536000,14.536000,0.000132
21998,14.536000,14.536000,0.000132
21999,14.536000,14.536000,0.000132
22000,14.536000,14.536000,0.000132
22001,14.536000,14.536000,0.000126
22002,14.536000,14.536000,0.000126
22003,14.536000,14.536000,0.000126
22004,14.536000,14.536000,0.000126
22005,14.536000,14.536000,0.000126
22006,14.536000,14.536000,0.000126
22007,14.536000,14.536000,0.000126
22008,14.536000,14.536000,0.000126
22009,14.536000,14.536000,0.000126
22010,14.536000,14.536000,0.000126
22011,14.536000,14.536000,0.000126
22012,14.536000,14.536000,0.000126
22013,14.536000,14.536000,0.000126
22014,14.536000,14.536000,0.000126
22015,14.536000,14.536000,0.000126
22016,14.536000,14.536000,0.000126
22017,14.536000,14.536000,0.000126
22018,14.536000,14.536000,0.000126
22019,14.536000,14.536000,0.000126
22020,14.536000,14.536000,0.000126
22021,14.536000,14.536000,0.000126
22022,14.536000,14.536000,0.000126
22023,14.536000,14.536000,0.000126
22024,14.536000,14.536000,0.000126
22025,14.536000,14.536000,0.000126
22026,14.536000,14.536000,0.000126
22027,14.536000,14.536000,0.000126
22028,14.536000,14.536000,0.000126
22029,14.536000,14.536000,0.000126
22030,14.536000,14.536000,0.000126
22031,14.536000,14.536000,0.000126
22032,14.536000,14.536000,0.000126
22033,14.536000,14.536000,0.000126
22034,14.536000,14.536000,0.000126
22035,14.536000,14.536000,0.000126
22036,14.536000,14.536000,0.000126
22037,14.536000,14.536000,0.000126
22038,14.536000,14.536000,0.000126
22039,14.536000,14.536000,0.000126
22040,14.536000,14.536000,0.000126
22041,14.536000,14.536000,0.000126
22042,14.536000,14.536000,0.000126
22043,14.536000,14.536000,0.000126
22044,14.536000,14.536000,0.000126
22045,14.536000,14.536000,0.000126
22046,14.536000,14.536000,0.000126
22047,14.536000,14.536000,0.000126
22048,14.536000,14.536000,0.000126
22049,14.536000,14.536000,0.000126
22050,14.536000,14.536000,0.000126
22051,14.536000,14.536000,0.000126
22052,14.536000,14.536000,0.000126
22053,14.536000,14.536000,0.000126
22054,14.536000,14.536000,0.000126
22055,14.536000,14.536000,0.000126
22056,14.536000,14.536000,0.000126
22057,14.536000,14.536000,0.000126
22058,14.536000,14.536000,0.000126
22059,14.536000,14.536000,0.000126
22060,14.536000,14.536000,0.000126
22061,14.536000,14.536000,0.000126
22062,14.536000,14.536000,0.000126
22063,14.536000,14.536000,0.000126
22064,14.536000,14.536000,0.000126
22065,14.536000,14.536000,0.000126
22066,14.536000,14.536000,0.000126
22067,14.536000,14.536000,0.000126
22068,14.536000,14.536000,0.000126
22069,14.536000,14.536000,0.000126
22070,14.536000,14.536000,0.000126
22071,14.536000,14.536000,0.000126
22072,14.536000,14.536000,0.000126
22073,14.536000,14.536000,0.000126
22074,14.536000,14.536000,0.000126
22075,14.536000,14.536000,0.000126
22076,14.536000,14.536000,0.000126
22077,14.536000,14.536000,0.000126
22078,14.536000,14.536000,0.000126
22079,14.536000,14.536000,0.000126
22080,14.536000,14.536000,0.000126
22081,14.536000,14.536000,0.000126
22082,14.536000,14.536000,0.000126
22083,14.536000,14.536000,0.000126
22084,14.536000,14.536000,0.000126
22085,14.536000,14.536000,0.000126
22086,14.536000,14.536000,0.000126
22087,14.536000,14.536000,0.000126
22088,14.536000,14.536000,0.000126
22089,14.536000,14.536000,0.000126
22090,14.536000,14.536000,0.000126
22091,14.536000,14.536000,0.000126
22092,14.536000,14.536000,0.000126
22093,14.536000,14.536000,0.000126
22094,14.536000,14.536000,0.000126
22095,14.536000,14.536000,0.000126
22096,14.536000,14.536000,0.000126
22097,14.536000,14.536000,0.000126
22098,14.536000,14.536000,0.000126
22099,14.536000,14.536000,0.000126
22100,14.536000,14.536000,0.000126
22101,14.536000,14.536000,0.000119
22102,14.536000,14.536000,0.000119
22103,14.536000,14.536000,0.000119
22104,14.536000,14.536000,0.000119
22105,14.536000,14.536000,0.000119
22106,14.536000,14.536000,0.000119
22107,14.536000,14.536000,0.000119
22108,14.536000,14.536000,0.000119
22109,14.536000,14.536000,0.000119
22110,14.536000,14.536000,0.000119
22111,14.536000,14.536000,0.000119
22112,14.536000,14.536000,0.000119
22113,14.536000,14.536000,0.000119
22114,14.536000,14.536000,0.000119
22115,14.536000,14.536000,0.000119
22116,14.536000,14.536000,0.000119
22117,14.536000,14.536000,0.000119
22118,14.536000,14.536000,0.000119
22119,14.536000,14.536000,0.000119
22120,14.536000,14.536000,0.000119
22121,14.536000,14.536000,0.000119
22122,14.536000,14.536000,0.000119
22123,14.536000,14.536000,0.000119
22124,14.536000,14.536000,0.000119
22125,14.536000,14.536000,0.000119
22126,14.536000,14.536000,0.000119
22127,14.536000,14.536000,0.000119
22128,14.536000,14.536000,0.000119
22129,14.536000,14.536000,0.000119
22130,14.536000,14.536000,0.000119
22131,14.536000,14.536000,0.000119
22132,14.536000,14.536000,0.000119
22133,14.536000,14.536000,0.000119
22134,14.536000,14.536000,0.000119
22135,14.536000,14.536000,0.000119
22136,14.536000,14.536000,0.000119
22137,14.536000,14.536000,0.000119
22138,14.536000,14.536000,0.000119
22139,14.536000,14.536000,0.000119
22140,14.536000,14.536000,0.000119
22141,14.536000,14.536000,0.000119
22142,14.536000,14.536000,0.000119
22143,14.536000,14.536000,0.000119
22144,14.536000,14.536000,0.000119
22145,14.536000,14.536000,0.000119
22146,14.536000,14.536000,0.000119
22147,14.536000,14.536000,0.000119
22148,14.536000,14.536000,0.000119
22149,14.536000,14.536000,0.000119
22150,14.536000,14.536000,0.000119
22151,14.536000,14.536000,0.000119
22152,14.536000,14.536000,0.000119
22153,14.536000,14.536000,0.000119
22154,14.536000,14.536000,0.000119
22155,14.536000,14.536000,0.000119
22156,14.536000,14.536000,0.000119
22157,14.536000,14.536000,0.000119
22158,14.536000,14.536000,0.000119
22159,14.536000,14.536000,0.000119
22160,14.536000,14.536000,0.000119
22161,14.536000,14.536000,0.000119
22162,14.536000,14.536000,0.000119
22163,14.536000,14.536000,0.000119
22164,14.536000,14.536000,0.000119
22165,14.536000,14.536000,0.000119
22166,14.536000,14.536000,0.000119
22167,14.536000,14.536000,0.000119
22168,14.536000,14.536000,0.000119
22169,14.536000,14.536000,0.000119
22170,14.536000,14.536000,0.000119
22171,14.536000,14.536000,0.000119
22172,14.536000,14.536000,0.000119
22173,14.536000,14.536000,0.000119
22174,14.536000,14.536000,0.000119
22175,14.536000,14.536000,0.000119
22176,14.536000,14.536000,0.000119
22177,14.536000,14.536000,0.000119
22178,14.536000,14.536000,0.000119
22179,14.536000,14.536000,0.000119
22180,14.536000,14.536000,0.000119
22181,14.536000,14.536000,0.000119
22182,14.536000,14.536000,0.000119
22183,14.536000,14.536000,0.000119
22184,14.536000,14.536000,0.000119
22185,14.536000,14.536000,0.000119
22186,14.536000,14.536000,0.000119
22187,14.536000,14.536000,0.000119
22188,14.536000,14.536000,0.000119
22189,14.536000,14.536000,0.000119
22190,14.536000,14.536000,0.000119
22191,14.536000,14.536000,0.000119
22192,14.536000,14.536000,0.000119
22193,14.536000,14.536000,0.000119
22194,14.536000,14.536000,0.000119
22195,14.536000,14.536000,0.000119
22196,14.536000,14.536000,0.000119
22197,14.536000,14.536000,0.000119
22198,14.536000,14.536000,0.000119
22199,14.536000,14.536000,0.000119
22200,14.536000,14.536000,0.000119
22201,14.536000,14.536000,0.000113
22202,14.536000,14.536000,0.000113
22203,14.536000,14.536000,0.000113
22204,14.536000,14.536000,0.000113
22205,14.536000,14.536000,0.000113
22206,14.536000,14.536000,0.000113
22207,14.536000,14.536000,0.000113
22208,14.536000,14.536000,0.000113
22209,14.536000,14.536000,0.000113
22210,14.536000,14.536000,0.000113
22211,14.536000,14.536000,0.000113
22212,14.536000,14.536000,0.000113
22213,14.536000,14.536000,0.000113
22214,14.536000,14.536000,0.000113
22215,14.536000,14.536000,0.000113
22216,14.536000,14.536000,0.000113
22217,14.536000,14.536000,0.000113
22218,14.536000,14.536000,0.000113
22219,14.536000,14.536000,0.000113
22220,14.536000,14.536000,0.000113
22221,14.536000,14.536000,0.000113
22222,14.536000,14.536000,0.000113
22223,14.536000,14.536000,0.000113
22224,14.536000,14.536000,0.000113
22225,14.536000,14.536000,0.000113
22226,14.536000,14.536000,0.000113
22227,14.536000,14.536000,0.000113
22228,14.536000,14.536000,0.000113
22229,14.536000,14.536000,0.000113
22230,14.536000,14.536000,0.000113
22231,14.536000,14.536000,0.000113
22232,14.536000,14.536000,0.000113
22233,14.536000,14.536000,0.000113
22234,14.536000,14.536000,0.000113
22235,14.536000,14.536000,0.000113
22236,14.536000,14.536000,0.000113
22237,14.536000,14.536000,0.000113
22238,14.536000,14.536000,0.000113
22239,14.536000,14.536000,0.000113
22240,14.536000,14.536000,0.000113
22241,14.536000,14.536000,0.000113
22242,14.536000,14.536000,0.000113
22243,14.536000,14.536000,0.000113
22244,14.536000,14.536000,0.000113
22245,14.536000,14.536000,0.000113
22246,14.536000,14.536000,0.000113
22247,14.536000,14.536000,0.000113
22248,14.536000,14.536000,0.000113
22249,14.536000,14.536000,0.000113
22250,14.536000,14.536000,0.000113
22251,14.536000,14.536000,0.000113
22252,14.536000,14.536000,0.000113
22253,14.536000,14.536000,0.000113
22254,14.536000,14.536000,0.000113
22255,14.536000,14.536000,0.000113
22256,14.536000,14.536000,0.000113
22257,14.536000,14.536000,0.000113
22258,14.536000,14.536000,0.000113
22259,14.536000,14.536000,0.000113
22260,14.536000,14.536000,0.000113
22261,14.536000,14.536000,0.000113
22262,14.536000,14.536000,0.000113
22263,14.536000,14.536000,0.000113
22264,14.536000,14.536000,0.000113
22265,14.536000,14.536000,0.000113
22266,14.536000,14.536000,0.000113
22267,14.536000,14.536000,0.000113
22268,14.536000,14.536000,0.000113
22269,14.536000,14.536000,0.000113
22270,14.536000,14.536000,0.000113
22271,14.536000,14.536000,0.000113
22272,14.536000,14.536000,0.000113
22273,14.536000,14.536000,0.000113
22274,14.536000,14.536000,0.000113
22275,14.536000,14.536000,0.000113
22276,14.536000,14.536000,0.000113
22277,14.536000,14.536000,0.000113
22278,14.536000,14.536000,0.000113
22279,14.536000,14.536000,0.000113
22280,14.536000,14.536000,0.000113
22281,14.536000,14.536000,0.000113
22282,14.536000,14.536000,0.000113
22283,14.536000,14.536000,0.000113
22284,14.536000,14.536000,0.000113
22285,14.536000,14.536000,0.000113
22286,14.536000,14.536000,0.000113
22287,14.536000,14.536000,0.000113
22288,14.536000,14.536000,0.000113
22289,14.536000,14.536000,0.000113
22290,14.536000,14.536000,0.000113
22291,14.536000,14.536000,0.000113
22292,14.536000,14.536000,0.000113
22293,14.536000,14.536000,0.000113
22294,14.536000,14.536000,0.000113
22295,14.536000,14.536000,0.000113
22296,14.536000,14.536000,0.000113
22297,14.536000,14.536000,0.000113
22298,14.536000,14.536000,0.000113
22299,14.536000,14.536000,0.000113
22300,14.536000,14.536000,0.000113
22301,14.536000,14.536000,0.000108
22302,14.536000,14.536000,0.000108
22303,14.536000,14.536000,0.000108
22304,14.536000,14.536000,0.000108
22305,14.536000,14.536000,0.000108
22306,14.536000,14.536000,0.000108
22307,14.536000,14.536000,0.000108
22308,14.536000,14.536000,0.000108
22309,14.536000,14.536000,0.000108
22310,14.536000,14.536000,0.000108
22311,14.536000,14.536000,0.000108
22312,14.536000,14.536000,0.000108
22313,14.536000,14.536000,0.000108
22314,14.536000,14.536000,0.000108
22315,14.536000,14.536000,0.000108
22316,14.536000,14.536000,0.000108
22317,14.536000,14.536000,0.000108
22318,14.536000,14.536000,0.000108
22319,14.536000,14.536000,0.000108
22320,14.536000,14.536000,0.000108
22321,14.536000,14.536000,0.000108
22322,14.536000,14.536000,0.000108
22323,14.536000,14.536000,0.000108
22324,14.536000,14.536000,0.000108
22325,14.536000,14.536000,0.000108
22326,14.536000,14.536000,0.000108
22327,14.536000,14.536000,0.000108
22328,14.536000,14.536000,0.000108
22329,14.536000,14.536000,0.000108
22330,14.536000,14.536000,0.000108
22331,14.536000,14.536000,0.000108
22332,14.536000,14.536000,0.000108
22333,14.536000,14.536000,0.000108
22334,14.536000,14.536000,0.000108
22335,14.536000,14.536000,0.000108
22336,14.536000,14.536000,0.000108
22337,14.536000,14.536000,0.000108
22338,14.536000,14.536000,0.000108
22339,14.536000,14.536000,0.000108
22340,14.536000,14.536000,0.000108
22341,14.536000,14.536000,0.000108
22342,14.536000,14.536000,0.000108
22343,14.536000,14.536000,0.000108
22344,14.536000,14.536000,0.000108
22345,14.536000,14.536000,0.000108
22346,14.536000,14.536000,0.000108
22347,14.536000,14.536000,0.000108
22348,14.536000,14.536000,0.000108
22349,14.536000,14.536000,0.000108
22350,14.536000,14.536000,0.000108
22351,14.536000,14.536000,0.000108
22352,14.536000,14.536000,0.000108
22353,14.536000,14.536000,0.000108
22354,14.536000,14.536000,0.000108
22355,14.536000,14.536000,0.000108
22356,14.536000,14.536000,0.000108
22357,14.536000,14.536000,0.000108
22358,14.536000,14.536000,0.000108
22359,14.536000,14.536000,0.000108
22360,14.536000,14.536000,0.000108
22361,14.536000,14.536000,0.000108
22362,14.536000,14.536000,0.000108
22363,14.536000,14.536000,0.000108
22364,14.536000,14.536000,0.000108
22365,14.536000,14.536000,0.000108
22366,14.536000,14.536000,0.000108
22367,14.536000,14.536000,0.000108
22368,14.536000,14.536000,0.000108
22369,14.536000,14.536000,0.000108
22370,14.536000,14.536000,0.000108
22371,14.536000,14.536000,0.000108
22372,14.536000,14.536000,0.000108
22373,14.536000,14.536000,0.000108
22374,14.536000,14.536000,0.000108
22375,14.536000,14.536000,0.000108
22376,14.536000,14.536000,0.000108
22377,14.536000,14.536000,0.000108
22378,14.536000,14.536000,0.000108
22379,14.536000,14.536000,0.000108
22380,14.536000,14.536000,0.000108
22381,14.536000,14.536000,0.000108
22382,14.536000,14.536000,0.000108
22383,14.536000,14.536000,0.000108
22384,14.536000,14.536000,0.000108
22385,14.536000,14.536000,0.000108
22386,14.536000,14.536000,0.000108
22387,14.536000,14.536000,0.000108
22388,14.536000,14.536000,0.000108
22389,14.536000,14.536000,0.000108
22390,14.536000,14.536000,0.000108
22391,14.536000,14.536000,0.000108
22392,14.536000,14.536000,0.000108
22393,14.536000,14.536000,0.000108
22394,14.536000,14.536000,0.000108
22395,14.536000,14.536000,0.000108
22396,14.536000,14.536000,0.000108
22397,14.536000,14.536000,0.000108
22398,14.536000,14.536000,0.000108
22399,14.536000,14.536000,0.000108
22400,14.536000,14.536000,0.000108
22401,14.536000,14.536000,0.000102
22402,14.536000,14.536000,0.000102
22403,14.536000,14.536000,0.000102
22404,14.536000,14.536000,0.000102
22405,14.536000,14.536000,0.000102
22406,14.536000,14.536000,0.000102
22407,14.536000,14.536000,0.000102
22408,14.536000,14.536000,0.000102
22409,14.536000,14.536000,0.000102
22410,14.536000,14.536000,0.000102
22411,14.536000,14.536000,0.000102
22412,14.536000,14.536000,0.000102
22413,14.536000,14.536000,0.000102
22414,14.536000,14.536000,0.000102
22415,14.536000,14.536000,0.000102
22416,14.536000,14.536000,0.000102
22417,14.536000,14.536000,0.000102
22418,14.536000,14.536000,0.000102
22419,14.536000,14.536000,0.000102
22420,14.536000,14.536000,0.000102
22421,14.536000,14.536000,0.000102
22422,14.536000,14.536000,0.000102
22423,14.536000,14.536000,0.000102
22424,14.536000,14.536000,0.000102
22425,14.536000,14.536000,0.000102
22426,14.536000,14.536000,0.000102
22427,14.536000,14.536000,0.000102
22428,14.536000,14.536000,0.000102
22429,14.536000,14.536000,0.000102
22430,14.536000,14.536000,0.000102
22431,14.536000,14.536000,0.000102
22432,14.536000,14.536000,0.000102
22433,14.536000,14.536000,0.000102
22434,14.536000,14.536000,0.000102
22435,14.536000,14.536000,0.000102
22436,14.536000,14.536000,0.000102
22437,14.536000,14.536000,0.000102
22438,14.536000,14.536000,0.000102
22439,14.536000,14.536000,0.000102
22440,14.536000,14.536000,0.000102
22441,14.536000,14.536000,0.000102
22442,14.536000,14.536000,0.000102
22443,14.536000,14.536000,0.000102
22444,14.536000,14.536000,0.000102
22445,14.536000,14.536000,0.000102
22446,14.536000,14.536000,0.000102
22447,14.536000,14.536000,0.000102
22448,14.536000,14.536000,0.000102
22449,14.536000,14.536000,0.000102
22450,14.536000,14.536000,0.000102
22451,14.536000,14.536000,0.000102
22452,14.536000,14.536000,0.000102
22453,14.536000,14.536000,0.000102
22454,14.536000,14.536000,0.000102
22455,14.536000,14.536000,0.000102
22456,14.536000,14.536000,0.000102
22457,14.536000,14.536000,0.000102
22458,14.536000,14.536000,0.000102
22459,14.536000,14.536000,0.000102
22460,14.536000,14.536000,0.000102
22461,14.536000,14.536000,0.000102
22462,14.536000,14.536000,0.000102
22463,14.536000,14.536000,0.000102
22464,14.536000,14.536000,0.000102
22465,14.536000,14.536000,0.000102
22466,14.536000,14.536000,0.000102
22467,14.536000,14.536000,0.000102
22468,14.536000,14.536000,0.000102
22469,14.536000,14.536000,0.000102
22470,14.536000,14.536000,0.000102
22471,14.536000,14.536000,0.000102
22472,14.536000,14.536000,0.000102
22473,14.536000,14.536000,0.000102
22474,14.536000,14.536000,0.000102
22475,14.536000,14.536000,0.000102
22476,14.536000,14.536000,0.000102
22477,14.536000,14.536000,0.000102
22478,14.536000,14.536000,0.000102
22479,14.536000,14.536000,0.000102
22480,14.536000,14.536000,0.000102
22481,14.536000,14.536000,0.000102
22482,14.536000,14.536000,0.000102
22483,14.536000,14.536000,0.000102
22484,14.536000,14.536000,0.000102
22485,14.536000,14.536000,0.000102
22486,14.536000,14.536000,0.000102
22487,14.536000,14.536000,0.000102
22488,14.536000,14.536000,0.000102
22489,14.536000,14.536000,0.000102
22490,14.536000,14.536000,0.000102
22491,14.536000,14.536000,0.000102
22492,14.536000,14.536000,0.000102
22493,14.536000,14.536000,0.000102
22494,14.536000,14.536000,0.000102
22495,14.536000,14.536000,0.000102
22496,14.536000,14.536000,0.000102
22497,14.536000,14.536000,0.000102
22498,14.536000,14.536000,0.000102
22499,14.536000,14.536000,0.000102
22500,14.536000,14.536000,0.000102
